val_loss,val_accuracy,val_auroc,val_precision,val_recall,epoch,step,train_loss,test_accuracy,test_auroc,test_precision,test_recall
0.6158407926559448,0.557894766330719,0.5,0.0,0.0,0,26,,,,,
,,,,,0,26,0.6412157416343689,,,,
0.6180306673049927,0.557894766330719,0.5,0.0,0.0,1,53,,,,,
,,,,,1,53,0.5753605961799622,,,,
0.6048002243041992,0.557894766330719,0.5,0.0,0.0,2,80,,,,,
,,,,,2,80,0.4840191602706909,,,,
0.4092019200325012,0.821052610874176,0.8099730610847473,0.8571428656578064,0.7142857313156128,3,107,,,,,
,,,,,3,107,0.3946685194969177,,,,
0.4405806362628937,0.7894737124443054,0.764375627040863,0.9583333134651184,0.5476190447807312,4,134,,,,,
,,,,,4,134,0.30935999751091003,,,,
,,,,,5,135,,0.758474588394165,0.7443181872367859,0.7831324934959412,0.625
,,,,,5,135,,0.758474588394165,0.7443181872367859,0.7831324934959412,0.625
,,,,,5,135,,0.7372881174087524,0.7182400822639465,0.7837837934494019,0.557692289352417
