val_loss,val_accuracy,val_auroc,val_precision,val_recall,epoch,step,train_loss,test_accuracy,test_auroc,test_precision,test_recall
0.5549786686897278,0.7894737124443054,0.7742587327957153,0.84375,0.6428571343421936,0,13,,,,,
,,,,,0,13,0.6016760468482971,,,,
0.5168997049331665,0.7684210538864136,0.740566074848175,0.9545454382896423,0.5,1,27,,,,,
,,,,,1,27,0.5005272030830383,,,,
0.46954846382141113,0.7894737124443054,0.764375627040863,0.9583333134651184,0.5476190447807312,2,41,,,,,
,,,,,2,41,0.4356105625629425,,,,
0.42519712448120117,0.7894737124443054,0.7668463587760925,0.9230769276618958,0.5714285969734192,3,55,,,,,
,,,,,3,55,0.3823925852775574,,,,
,,,,,4,56,,0.8347457647323608,0.8209015130996704,0.9125000238418579,0.6952381730079651
,,,,,4,56,,0.8262711763381958,0.807597279548645,0.9571428298950195,0.6380952596664429
,,,,,4,56,,0.8262711763381958,0.807597279548645,0.9571428298950195,0.6380952596664429
