val_loss,val_accuracy,val_auroc,val_precision,val_recall,epoch,step,train_loss,test_accuracy,test_auroc,test_precision,test_recall
0.6152565479278564,0.557894766330719,0.5,0.0,0.0,0,13,,,,,
,,,,,0,13,0.6506212949752808,,,,
0.6151020526885986,0.557894766330719,0.5,0.0,0.0,1,27,,,,,
,,,,,1,27,0.537504255771637,,,,
0.6166972517967224,0.557894766330719,0.5,0.0,0.0,2,41,,,,,
,,,,,2,41,0.4116383194923401,,,,
0.6149078607559204,0.557894766330719,0.5,0.0,0.0,3,55,,,,,
,,,,,3,55,0.359860360622406,,,,
0.6015859246253967,0.557894766330719,0.5,0.0,0.0,4,69,,,,,
,,,,,4,69,0.29634153842926025,,,,
,,,,,5,70,,0.5593220591545105,0.5,0.0,0.0
,,,,,5,70,,0.5593220591545105,0.5,0.0,0.0
,,,,,5,70,,0.5593220591545105,0.5,0.0,0.0
