val_loss,val_accuracy,val_auroc,val_precision,val_recall,epoch,step,train_loss,test_accuracy,test_auroc,test_precision,test_recall
0.6206114292144775,0.557894766330719,0.5,0.0,0.0,0,6,,,,,
,,,,,0,6,0.6310710310935974,,,,
0.6199896335601807,0.557894766330719,0.5,0.0,0.0,1,13,,,,,
,,,,,1,13,0.6189607381820679,,,,
0.6185813546180725,0.557894766330719,0.5,0.0,0.0,2,20,,,,,
,,,,,2,20,0.620448112487793,,,,
0.6180631518363953,0.557894766330719,0.5,0.0,0.0,3,27,,,,,
,,,,,3,27,0.6107310056686401,,,,
0.6176514625549316,0.557894766330719,0.5,0.0,0.0,4,34,,,,,
,,,,,4,34,0.6027260422706604,,,,
,,,,,5,35,,0.5569620132446289,0.5,0.0,0.0
,,,,,5,35,,0.5569620132446289,0.5,0.0,0.0
,,,,,5,35,,0.5569620132446289,0.5,0.0,0.0
