val_loss,val_accuracy,val_auroc,val_precision,val_recall,epoch,step,train_loss,test_accuracy,test_auroc,test_precision,test_recall
0.6202033162117004,0.557894766330719,0.5,0.0,0.0,0,6,,,,,
,,,,,0,6,0.6380438804626465,,,,
0.6201905608177185,0.557894766330719,0.5,0.0,0.0,1,13,,,,,
,,,,,1,13,0.638115406036377,,,,
0.6202128529548645,0.557894766330719,0.5,0.0,0.0,2,20,,,,,
,,,,,2,20,0.6287781000137329,,,,
0.6201751828193665,0.557894766330719,0.5,0.0,0.0,3,27,,,,,
,,,,,3,27,0.6330565214157104,,,,
0.6201403141021729,0.557894766330719,0.5,0.0,0.0,4,34,,,,,
,,,,,4,34,0.6289117932319641,,,,
,,,,,5,35,,0.5593220591545105,0.5,0.0,0.0
,,,,,5,35,,0.5593220591545105,0.5,0.0,0.0
,,,,,5,35,,0.5593220591545105,0.5,0.0,0.0
