val_loss,val_accuracy,val_auroc,val_precision,val_recall,epoch,step,train_loss,test_accuracy,test_auroc,test_precision,test_recall
0.47409626841545105,0.7894737124443054,0.7693171501159668,0.8928571343421936,0.5952380895614624,0,26,,,,,
,,,,,0,26,0.4964395761489868,,,,
0.4482104182243347,0.8105263113975525,0.8104223012924194,0.7727272510528564,0.8095238208770752,1,53,,,,,
,,,,,1,53,0.3876262605190277,,,,
0.3544296324253082,0.8105263113975525,0.8005390167236328,0.8333333134651184,0.7142857313156128,2,80,,,,,
,,,,,2,80,0.27715373039245605,,,,
0.44331762194633484,0.8105263113975525,0.8005390167236328,0.8333333134651184,0.7142857313156128,3,107,,,,,
,,,,,3,107,0.25563275814056396,,,,
0.4539354145526886,0.800000011920929,0.8009883165359497,0.7555555701255798,0.8095238208770752,4,134,,,,,
,,,,,4,134,0.25144413113594055,,,,
,,,,,5,135,,0.8008474707603455,0.7922573685646057,0.8152173757553101,0.7142857313156128
,,,,,5,135,,0.8135592937469482,0.8027626276016235,0.8505747318267822,0.7047619223594666
,,,,,5,135,,0.8135592937469482,0.8027626276016235,0.8505747318267822,0.7047619223594666
