val_loss,val_accuracy,val_auroc,val_precision,val_recall,epoch,step,train_loss,test_accuracy,test_auroc,test_precision,test_recall
1.3369394540786743,0.4421052634716034,0.5,0.4421052634716034,1.0,0,13,,,,,
,,,,,0,13,0.5177006721496582,,,,
0.542760968208313,0.75789475440979,0.7508984804153442,0.7435897588729858,0.6904761791229248,1,27,,,,,
,,,,,1,27,0.1922270804643631,,,,
0.8859452605247498,0.7157894968986511,0.7205750346183777,0.6530612111091614,0.761904776096344,2,41,,,,,
,,,,,2,41,0.09009499102830887,,,,
0.8530142307281494,0.7368420958518982,0.7394429445266724,0.6808510422706604,0.761904776096344,3,55,,,,,
,,,,,3,55,0.031969718635082245,,,,
1.0635212659835815,0.75789475440979,0.7533692717552185,0.7317073345184326,0.7142857313156128,4,69,,,,,
,,,,,4,69,0.015292879194021225,,,,
,,,,,5,70,,0.7542372941970825,0.747668981552124,0.7346938848495483,0.692307710647583
,,,,,5,70,,0.7288135886192322,0.7290209531784058,0.6785714030265808,0.7307692170143127
,,,,,5,70,,0.7542372941970825,0.747668981552124,0.7346938848495483,0.692307710647583
