val_loss,val_accuracy,val_auroc,val_precision,val_recall,epoch,step,train_loss,test_accuracy,test_auroc,test_precision,test_recall
0.617906391620636,0.557894766330719,0.5,0.0,0.0,0,13,,,,,
,,,,,0,13,0.6520665287971497,,,,
0.6152529716491699,0.557894766330719,0.5,0.0,0.0,1,27,,,,,
,,,,,1,27,0.5428650975227356,,,,
0.6156168580055237,0.557894766330719,0.5,0.0,0.0,2,41,,,,,
,,,,,2,41,0.43955427408218384,,,,
0.6161627769470215,0.557894766330719,0.5,0.0,0.0,3,55,,,,,
,,,,,3,55,0.351559042930603,,,,
0.606574296951294,0.557894766330719,0.5,0.0,0.0,4,69,,,,,
,,,,,4,69,0.2657277286052704,,,,
,,,,,5,70,,0.5593220591545105,0.5,0.0,0.0
,,,,,5,70,,0.5593220591545105,0.5,0.0,0.0
,,,,,5,70,,0.5593220591545105,0.5,0.0,0.0
