val_loss,val_accuracy,val_auroc,val_precision,val_recall,epoch,step,train_loss,test_accuracy,test_auroc,test_precision,test_recall
0.6218428015708923,0.4421052634716034,0.5,0.4421052634716034,1.0,0,6,,,,,
,,,,,0,6,0.6388564109802246,,,,
0.6213927865028381,0.4421052634716034,0.5,0.4421052634716034,1.0,1,13,,,,,
,,,,,1,13,0.6424907445907593,,,,
0.6210755705833435,0.557894766330719,0.5,0.0,0.0,2,20,,,,,
,,,,,2,20,0.6355670690536499,,,,
0.6207966208457947,0.557894766330719,0.5,0.0,0.0,3,27,,,,,
,,,,,3,27,0.6365748047828674,,,,
0.6206149458885193,0.557894766330719,0.5,0.0,0.0,4,34,,,,,
,,,,,4,34,0.6281614899635315,,,,
,,,,,5,35,,0.4406779706478119,0.5,0.4406779706478119,1.0
,,,,,5,35,,0.5593220591545105,0.5,0.0,0.0
,,,,,5,35,,0.5593220591545105,0.5,0.0,0.0
