val_loss,val_accuracy,val_auroc,val_precision,val_recall,epoch,step,train_loss,test_accuracy,test_auroc,test_precision,test_recall
0.4139489531517029,0.7894737124443054,0.7816711664199829,0.7894737124443054,0.7142857313156128,0,26,,,,,
,,,,,0,26,0.4409244656562805,,,,
0.41060611605644226,0.8105263113975525,0.8054806590080261,0.800000011920929,0.761904776096344,1,53,,,,,
,,,,,1,53,0.18206681311130524,,,,
0.5094934105873108,0.8105263113975525,0.8079515099525452,0.7857142686843872,0.7857142686843872,2,80,,,,,
,,,,,2,80,0.06554686278104782,,,,
0.6233295798301697,0.75789475440979,0.7533692717552185,0.7317073345184326,0.7142857313156128,3,107,,,,,
,,,,,3,107,0.024062154814600945,,,,
,,,,,4,108,,0.8270041942596436,0.8213203549385071,0.8265306353569031,0.7714285254478455
,,,,,4,108,,0.8143460154533386,0.8031385540962219,0.8505747318267822,0.7047619223594666
,,,,,4,108,,0.8396624326705933,0.8297619819641113,0.8764045238494873,0.7428571581840515
