val_loss,val_accuracy,val_auroc,val_precision,val_recall,epoch,step,train_loss,test_accuracy,test_auroc,test_precision,test_recall
0.40889212489128113,0.7894737124443054,0.761904776096344,1.0,0.523809552192688,0,26,,,,,
,,,,,0,26,0.4382096230983734,,,,
0.35573136806488037,0.7789473533630371,0.7648246884346008,0.8181818127632141,0.6428571343421936,1,53,,,,,
,,,,,1,53,0.20837709307670593,,,,
0.39017632603645325,0.821052610874176,0.8075022101402283,0.8787878751754761,0.6904761791229248,2,80,,,,,
,,,,,2,80,0.06663619726896286,,,,
0.4425373375415802,0.8315789699554443,0.8218778371810913,0.8611111044883728,0.738095223903656,3,107,,,,,
,,,,,3,107,0.03772205859422684,,,,
,,,,,4,108,,0.7838982939720154,0.7782633900642395,0.7676767706871033,0.7307692170143127
,,,,,4,108,,0.8262711763381958,0.8151223659515381,0.8620689511299133,0.7211538553237915
,,,,,4,108,,0.7838982939720154,0.7782633900642395,0.7676767706871033,0.7307692170143127
