val_loss,val_accuracy,val_auroc,val_precision,val_recall,epoch,step,train_loss,test_accuracy,test_auroc,test_precision,test_recall
0.6192231178283691,0.557894766330719,0.5,0.0,0.0,0,26,,,,,
,,,,,0,26,0.6292939782142639,,,,
0.6180413961410522,0.557894766330719,0.5,0.0,0.0,1,53,,,,,
,,,,,1,53,0.6163083910942078,,,,
0.6145389676094055,0.5473684072494507,0.49056604504585266,0.0,0.0,2,80,,,,,
,,,,,2,80,0.5788506865501404,,,,
0.5913912653923035,0.6736842393875122,0.6754267811775208,0.6170212626457214,0.6904761791229248,3,107,,,,,
,,,,,3,107,0.5192959308624268,,,,
0.569979190826416,0.6947368383407593,0.6844114661216736,0.6756757497787476,0.5952380895614624,4,134,,,,,
,,,,,4,134,0.4706580936908722,,,,
,,,,,5,135,,0.6906779408454895,0.6806526780128479,0.6666666865348816,0.5961538553237915
,,,,,5,135,,0.6906779408454895,0.6806526780128479,0.6666666865348816,0.5961538553237915
,,,,,5,135,,0.6906779408454895,0.6806526780128479,0.6666666865348816,0.5961538553237915
