val_loss,val_accuracy,val_auroc,val_precision,val_recall,epoch,step,train_loss,test_accuracy,test_auroc,test_precision,test_recall
0.6104074120521545,0.5473684072494507,0.5078616142272949,0.46666663885116577,0.1666666716337204,0,26,,,,,
,,,,,0,26,0.6314771175384521,,,,
0.5562351942062378,0.6736842393875122,0.6433063745498657,0.761904776096344,0.380952388048172,1,53,,,,,
,,,,,1,53,0.5337702035903931,,,,
0.5166796445846558,0.7368420958518982,0.7172057032585144,0.7931034564971924,0.5476190447807312,2,80,,,,,
,,,,,2,80,0.46149685978889465,,,,
0.4846589267253876,0.75789475440979,0.7385445237159729,0.8275862336158752,0.5714285969734192,3,107,,,,,
,,,,,3,107,0.4024769067764282,,,,
0.4585472643375397,0.7684210538864136,0.7553907632827759,0.7941176295280457,0.6428571343421936,4,134,,,,,
,,,,,4,134,0.3419207036495209,,,,
,,,,,5,135,,0.7669491767883301,0.751893937587738,0.8024691343307495,0.625
,,,,,5,135,,0.7669491767883301,0.751893937587738,0.8024691343307495,0.625
,,,,,5,135,,0.7669491767883301,0.751893937587738,0.8024691343307495,0.625
