val_loss,val_accuracy,val_auroc,val_precision,val_recall,epoch,step,train_loss,test_accuracy,test_auroc,test_precision,test_recall
0.615227460861206,0.557894766330719,0.5,0.0,0.0,0,13,,,,,
,,,,,0,13,0.6130325794219971,,,,
0.6165019273757935,0.557894766330719,0.5,0.0,0.0,1,27,,,,,
,,,,,1,27,0.5425154566764832,,,,
0.6164804697036743,0.557894766330719,0.5,0.0,0.0,2,41,,,,,
,,,,,2,41,0.4213131070137024,,,,
0.6156512498855591,0.557894766330719,0.5,0.0,0.0,3,55,,,,,
,,,,,3,55,0.34815147519111633,,,,
0.6020909547805786,0.557894766330719,0.5,0.0,0.0,4,69,,,,,
,,,,,4,69,0.26776179671287537,,,,
,,,,,5,70,,0.5593220591545105,0.5,0.0,0.0
,,,,,5,70,,0.5593220591545105,0.5,0.0,0.0
,,,,,5,70,,0.5593220591545105,0.5,0.0,0.0
