val_loss,val_accuracy,val_auroc,val_precision,val_recall,epoch,step,train_loss,test_accuracy,test_auroc,test_precision,test_recall
0.5177102088928223,0.6421052813529968,0.612533688545227,0.6818181872367859,0.3571428656578064,0,6,,,,,
,,,,,0,6,0.4932825565338135,,,,
0.47772255539894104,0.7157894968986511,0.6958670616149902,0.7586206793785095,0.523809552192688,1,13,,,,,
,,,,,1,13,0.23775584995746613,,,,
0.49060794711112976,0.7368420958518982,0.724618136882782,0.7428570985794067,0.6190476417541504,2,20,,,,,
,,,,,2,20,0.10831524431705475,,,,
0.5069373846054077,0.7473683953285217,0.7414644956588745,0.7250000238418579,0.6904761791229248,3,27,,,,,
,,,,,3,27,0.043867334723472595,,,,
,,,,,4,28,,0.7923728823661804,0.7919580936431885,0.752293586730957,0.7884615659713745
,,,,,4,28,,0.8177965879440308,0.806526780128479,0.8505747318267822,0.7115384340286255
,,,,,4,28,,0.7923728823661804,0.7919580936431885,0.752293586730957,0.7884615659713745
