val_loss,val_accuracy,val_auroc,val_precision,val_recall,epoch,step,train_loss,test_accuracy,test_auroc,test_precision,test_recall
0.49846306443214417,0.800000011920929,0.7861635684967041,0.8484848737716675,0.6666666865348816,0,6,,,,,
,,,,,0,6,0.4960588812828064,,,,
0.39547494053840637,0.821052610874176,0.8149146437644958,0.8205127716064453,0.761904776096344,1,13,,,,,
,,,,,1,13,0.25226911902427673,,,,
0.368070513010025,0.8526315689086914,0.8530997633934021,0.8181818127632141,0.8571428656578064,2,20,,,,,
,,,,,2,20,0.11907271295785904,,,,
0.3812336027622223,0.8526315689086914,0.8530997633934021,0.8181818127632141,0.8571428656578064,3,27,,,,,
,,,,,3,27,0.03613625094294548,,,,
,,,,,4,28,,0.8220338821411133,0.8207924365997314,0.7943925261497498,0.8095238208770752
,,,,,4,28,,0.8220338821411133,0.8207924365997314,0.7943925261497498,0.8095238208770752
,,,,,4,28,,0.8262711763381958,0.823664128780365,0.807692289352417,0.800000011920929
