val_loss,val_accuracy,val_auroc,val_precision,val_recall,epoch,step,train_loss,test_accuracy,test_auroc,test_precision,test_recall
0.6159098148345947,0.557894766330719,0.5,0.0,0.0,0,13,,,,,
,,,,,0,13,0.6572995781898499,,,,
0.6158236861228943,0.557894766330719,0.5,0.0,0.0,1,27,,,,,
,,,,,1,27,0.5509583353996277,,,,
0.6155629754066467,0.557894766330719,0.5,0.0,0.0,2,41,,,,,
,,,,,2,41,0.4481024146080017,,,,
0.6185101270675659,0.557894766330719,0.5,0.0,0.0,3,55,,,,,
,,,,,3,55,0.3848145604133606,,,,
0.6183347702026367,0.557894766330719,0.5,0.0,0.0,4,69,,,,,
,,,,,4,69,0.3450796604156494,,,,
,,,,,5,70,,0.555084764957428,0.5,0.0,0.0
,,,,,5,70,,0.555084764957428,0.5,0.0,0.0
,,,,,5,70,,0.555084764957428,0.5,0.0,0.0
