val_loss,val_accuracy,val_auroc,val_precision,val_recall,epoch,step,train_loss,test_accuracy,test_auroc,test_precision,test_recall
0.6166231632232666,0.557894766330719,0.5,0.0,0.0,0,26,,,,,
,,,,,0,26,0.6326476335525513,,,,
0.6152196526527405,0.557894766330719,0.5,0.0,0.0,1,53,,,,,
,,,,,1,53,0.5184643864631653,,,,
0.5637522339820862,0.6421052813529968,0.5952380895614624,1.0,0.190476194024086,2,80,,,,,
,,,,,2,80,0.3820475935935974,,,,
0.5047093629837036,0.7894737124443054,0.7792003154754639,0.8055555820465088,0.6904761791229248,3,107,,,,,
,,,,,3,107,0.30759507417678833,,,,
0.6342906951904297,0.7684210538864136,0.7578616738319397,0.7777778506278992,0.6666666865348816,4,134,,,,,
,,,,,4,134,0.23773792386054993,,,,
,,,,,5,135,,0.7669491767883301,0.7508741021156311,0.8101266026496887,0.6153846383094788
,,,,,5,135,,0.7669491767883301,0.7508741021156311,0.8101266026496887,0.6153846383094788
,,,,,5,135,,0.7966101765632629,0.7855477929115295,0.8181818127632141,0.692307710647583
