val_loss,val_accuracy,val_auroc,val_precision,val_recall,epoch,step,train_loss,test_accuracy,test_auroc,test_precision,test_recall
0.5181474685668945,0.75789475440979,0.7385445237159729,0.8275862336158752,0.5714285969734192,0,26,,,,,
,,,,,0,26,0.5435921549797058,,,,
0.436502605676651,0.821052610874176,0.8075022101402283,0.8787878751754761,0.6904761791229248,1,53,,,,,
,,,,,1,53,0.20743289589881897,,,,
0.43810904026031494,0.8105263113975525,0.8079515099525452,0.7857142686843872,0.7857142686843872,2,80,,,,,
,,,,,2,80,0.07153557240962982,,,,
0.4830712676048279,0.8315789699554443,0.824348509311676,0.8421052694320679,0.761904776096344,3,107,,,,,
,,,,,3,107,0.029216254130005836,,,,
0.49871793389320374,0.821052610874176,0.8149146437644958,0.8205127716064453,0.761904776096344,4,134,,,,,
,,,,,4,134,0.02000841498374939,,,,
,,,,,5,135,,0.8177965879440308,0.810606062412262,0.821052610874176,0.75
,,,,,5,135,,0.7923728823661804,0.7817599177360535,0.8089887499809265,0.692307710647583
,,,,,5,135,,0.8135592937469482,0.8088578581809998,0.800000011920929,0.7692307829856873
