val_loss,val_accuracy,val_auroc,val_precision,val_recall,epoch,step,train_loss,test_accuracy,test_auroc,test_precision,test_recall
0.6173118352890015,0.557894766330719,0.5,0.0,0.0,0,26,,,,,
,,,,,0,26,0.6273333430290222,,,,
0.6160498857498169,0.557894766330719,0.5,0.0,0.0,1,53,,,,,
,,,,,1,53,0.6125010848045349,,,,
0.6141862869262695,0.557894766330719,0.5,0.0,0.0,2,80,,,,,
,,,,,2,80,0.5906504988670349,,,,
0.599668025970459,0.6105263233184814,0.5842318534851074,0.6000000238418579,0.3571428656578064,3,107,,,,,
,,,,,3,107,0.5592120289802551,,,,
0.6954883933067322,0.6736842393875122,0.6630727648735046,0.6486486196517944,0.5714285969734192,4,134,,,,,
,,,,,4,134,0.5278093814849854,,,,
,,,,,5,135,,0.694915235042572,0.6895396709442139,0.656862735748291,0.6442307829856873
,,,,,5,135,,0.6313559412956238,0.6041666269302368,0.6393442749977112,0.375
,,,,,5,135,,0.694915235042572,0.6895396709442139,0.656862735748291,0.6442307829856873
