val_loss,val_accuracy,val_auroc,val_precision,val_recall,epoch,step,train_loss,test_accuracy,test_auroc,test_precision,test_recall
0.6185081601142883,0.557894766330719,0.5,0.0,0.0,0,6,,,,,
,,,,,0,6,0.631020724773407,,,,
0.616035521030426,0.557894766330719,0.5,0.0,0.0,1,13,,,,,
,,,,,1,13,0.5596845149993896,,,,
0.6155893802642822,0.557894766330719,0.5,0.0,0.0,2,20,,,,,
,,,,,2,20,0.45600226521492004,,,,
0.6157212257385254,0.557894766330719,0.5,0.0,0.0,3,27,,,,,
,,,,,3,27,0.4073280096054077,,,,
0.6154124736785889,0.557894766330719,0.5,0.0,0.0,4,34,,,,,
,,,,,4,34,0.3049348294734955,,,,
,,,,,5,35,,0.5593220591545105,0.5,0.0,0.0
,,,,,5,35,,0.5593220591545105,0.5,0.0,0.0
,,,,,5,35,,0.5593220591545105,0.5,0.0,0.0
