val_loss,val_accuracy,val_auroc,val_precision,val_recall,epoch,step,train_loss,test_accuracy,test_auroc,test_precision,test_recall
0.6208739876747131,0.557894766330719,0.5,0.0,0.0,0,13,,,,,
,,,,,0,13,0.6320650577545166,,,,
0.6201192736625671,0.557894766330719,0.5,0.0,0.0,1,27,,,,,
,,,,,1,27,0.6301767826080322,,,,
0.6199009418487549,0.557894766330719,0.5,0.0,0.0,2,41,,,,,
,,,,,2,41,0.6278477311134338,,,,
0.6200140714645386,0.557894766330719,0.5,0.0,0.0,3,55,,,,,
,,,,,3,55,0.6271566152572632,,,,
0.6201117634773254,0.557894766330719,0.5,0.0,0.0,4,69,,,,,
,,,,,4,69,0.615966796875,,,,
,,,,,5,70,,0.5593220591545105,0.5,0.0,0.0
,,,,,5,70,,0.5593220591545105,0.5,0.0,0.0
,,,,,5,70,,0.5593220591545105,0.5,0.0,0.0
