val_loss,val_accuracy,val_auroc,val_precision,val_recall,epoch,step,train_loss,test_accuracy,test_auroc,test_precision,test_recall
0.621671736240387,0.4421052634716034,0.5,0.4421052634716034,1.0,0,26,,,,,
,,,,,0,26,0.6264455318450928,,,,
0.6200187802314758,0.557894766330719,0.5,0.0,0.0,1,53,,,,,
,,,,,1,53,0.6331226825714111,,,,
0.6190440654754639,0.5473684072494507,0.49056604504585266,0.0,0.0,2,80,,,,,
,,,,,2,80,0.632613480091095,,,,
0.9642283916473389,0.5684210658073425,0.5168463587760925,0.6000000238418579,0.0714285746216774,3,107,,,,,
,,,,,3,107,0.636707603931427,,,,
0.7995774745941162,0.5157894492149353,0.4647349715232849,0.1666666716337204,0.02380952425301075,4,134,,,,,
,,,,,4,134,0.6263797283172607,,,,
,,,,,5,135,,0.5822784900665283,0.5314935445785522,0.75,0.08571429550647736
,,,,,5,135,,0.5569620132446289,0.5,0.0,0.0
,,,,,5,135,,0.552742600440979,0.5030303001403809,0.46666666865348816,0.06666667014360428
