val_loss,val_accuracy,val_auroc,val_precision,val_recall,epoch,step,train_loss,test_accuracy,test_auroc,test_precision,test_recall
0.6239370703697205,0.4421052634716034,0.5,0.4421052634716034,1.0,0,26,,,,,
,,,,,0,26,0.6422626376152039,,,,
0.6248544454574585,0.4421052634716034,0.5,0.4421052634716034,1.0,1,53,,,,,
,,,,,1,53,0.6401863098144531,,,,
0.6244771480560303,0.4421052634716034,0.5,0.4421052634716034,1.0,2,80,,,,,
,,,,,2,80,0.6388391256332397,,,,
0.6300910711288452,0.43157893419265747,0.47574126720428467,0.4285714328289032,0.8571428656578064,3,107,,,,,
,,,,,3,107,0.6330054402351379,,,,
0.6665970087051392,0.46315789222717285,0.4892183542251587,0.43478262424468994,0.7142857313156128,4,134,,,,,
,,,,,4,134,0.6316324472427368,,,,
,,,,,5,135,,0.4449152648448944,0.5,0.4449152648448944,1.0
,,,,,5,135,,0.4449152648448944,0.5,0.4449152648448944,1.0
,,,,,5,135,,0.5466101765632629,0.5774264335632324,0.49450552463531494,0.8571428656578064
