val_loss,val_accuracy,val_auroc,val_precision,val_recall,epoch,step,train_loss,test_accuracy,test_auroc,test_precision,test_recall
0.37863457202911377,0.8421052694320679,0.8238993883132935,0.9655172228813171,0.6666666865348816,0,13,,,,,
,,,,,0,13,0.4758220613002777,,,,
0.3218567669391632,0.8842105269432068,0.8715184330940247,0.9696969985961914,0.761904776096344,1,27,,,,,
,,,,,1,27,0.2160641998052597,,,,
0.26589956879615784,0.8947368264198303,0.8858940005302429,0.9444444179534912,0.8095238208770752,2,41,,,,,
,,,,,2,41,0.07417628914117813,,,,
0.3147478401660919,0.8842105269432068,0.8764600157737732,0.9189189076423645,0.8095238208770752,3,55,,,,,
,,,,,3,55,0.024622488766908646,,,,
,,,,,4,56,,0.8389830589294434,0.8213869333267212,0.9459459185600281,0.6730769276618958
,,,,,4,56,,0.8389830589294434,0.8213869333267212,0.9459459185600281,0.6730769276618958
,,,,,4,56,,0.8347457647323608,0.8196386694908142,0.9113923907279968,0.692307710647583
