val_loss,val_accuracy,val_auroc,val_precision,val_recall,epoch,step,train_loss,test_accuracy,test_auroc,test_precision,test_recall
0.6216283440589905,0.4421052634716034,0.5,0.4421052634716034,1.0,0,13,,,,,
,,,,,0,13,0.6370446681976318,,,,
0.6210390329360962,0.557894766330719,0.5,0.0,0.0,1,27,,,,,
,,,,,1,27,0.6319878697395325,,,,
0.6207263469696045,0.557894766330719,0.5,0.0,0.0,2,41,,,,,
,,,,,2,41,0.6313364505767822,,,,
0.6202107071876526,0.557894766330719,0.5,0.0,0.0,3,55,,,,,
,,,,,3,55,0.6336127519607544,,,,
0.6196723580360413,0.557894766330719,0.5,0.0,0.0,4,69,,,,,
,,,,,4,69,0.63189297914505,,,,
,,,,,5,70,,0.4406779706478119,0.5,0.4406779706478119,1.0
,,,,,5,70,,0.5593220591545105,0.5,0.0,0.0
,,,,,5,70,,0.5593220591545105,0.5,0.0,0.0
