val_loss,val_accuracy,val_auroc,val_precision,val_recall,epoch,step,train_loss,test_accuracy,test_auroc,test_precision,test_recall
0.5962849259376526,0.46315789222717285,0.5188679099082947,0.4516128897666931,1.0,0,13,,,,,
,,,,,0,13,0.6016466617584229,,,,
0.5523789525032043,0.8105263113975525,0.7980683445930481,0.8529411554336548,0.6904761791229248,1,27,,,,,
,,,,,1,27,0.5081535577774048,,,,
0.5107389092445374,0.7789473533630371,0.7549417018890381,0.9200000166893005,0.5476190447807312,2,41,,,,,
,,,,,2,41,0.442914217710495,,,,
0.4762539863586426,0.7789473533630371,0.7524707913398743,0.95652174949646,0.523809552192688,3,55,,,,,
,,,,,3,55,0.39909645915031433,,,,
,,,,,4,56,,0.7594936490058899,0.7402597069740295,0.8333333134651184,0.5714285969734192
,,,,,4,56,,0.75527423620224,0.7267315983772278,0.9433962106704712,0.476190447807312
,,,,,4,56,,0.75527423620224,0.7267315983772278,0.9433962106704712,0.476190447807312
