val_loss,val_accuracy,val_auroc,val_precision,val_recall,epoch,step,train_loss,test_accuracy,test_auroc,test_precision,test_recall
0.6194453239440918,0.557894766330719,0.5,0.0,0.0,0,26,,,,,
,,,,,0,26,0.6299558281898499,,,,
0.6171793341636658,0.557894766330719,0.5,0.0,0.0,1,53,,,,,
,,,,,1,53,0.5982212424278259,,,,
0.6125841736793518,0.557894766330719,0.5,0.0,0.0,2,80,,,,,
,,,,,2,80,0.5597162842750549,,,,
0.5766214728355408,0.6736842393875122,0.6655435562133789,0.6410256624221802,0.5952380895614624,3,107,,,,,
,,,,,3,107,0.5129806399345398,,,,
0.7230850458145142,0.621052622795105,0.6183737516403198,0.5681818127632141,0.5952380895614624,4,134,,,,,
,,,,,4,134,0.46069493889808655,,,,
,,,,,5,135,,0.7033898234367371,0.690996527671814,0.6931818127632141,0.5865384340286255
,,,,,5,135,,0.7033898234367371,0.690996527671814,0.6931818127632141,0.5865384340286255
,,,,,5,135,,0.6906779408454895,0.6908507943153381,0.6371681690216064,0.692307710647583
