val_loss,val_accuracy,val_auroc,val_precision,val_recall,epoch,step,train_loss,test_accuracy,test_auroc,test_precision,test_recall
0.42492228746414185,0.7789473533630371,0.7870620489120483,0.7058823704719543,0.8571428656578064,0,26,,,,,
,,,,,0,26,0.4313543736934662,,,,
0.3914557099342346,0.8315789699554443,0.8292902112007141,0.8095238208770752,0.8095238208770752,1,53,,,,,
,,,,,1,53,0.30028343200683594,,,,
0.43774232268333435,0.7368420958518982,0.7517969012260437,0.6491228342056274,0.8809523582458496,2,80,,,,,
,,,,,2,80,0.27766627073287964,,,,
0.4398254454135895,0.7894737124443054,0.7816711664199829,0.7894737124443054,0.7142857313156128,3,107,,,,,
,,,,,3,107,0.23304767906665802,,,,
,,,,,4,108,,0.8644067645072937,0.8561251163482666,0.901098906993866,0.7809523940086365
,,,,,4,108,,0.8644067645072937,0.8561251163482666,0.901098906993866,0.7809523940086365
,,,,,4,108,,0.8008474707603455,0.783751368522644,0.8918918967247009,0.6285714507102966
