val_loss,val_accuracy,val_auroc,val_precision,val_recall,epoch,step,train_loss,test_accuracy,test_auroc,test_precision,test_recall
0.6193376779556274,0.557894766330719,0.5,0.0,0.0,0,13,,,,,
,,,,,0,13,0.6380693316459656,,,,
0.6175343990325928,0.557894766330719,0.5,0.0,0.0,1,27,,,,,
,,,,,1,27,0.6228801012039185,,,,
0.6169243454933167,0.557894766330719,0.5,0.0,0.0,2,41,,,,,
,,,,,2,41,0.6306390166282654,,,,
0.6165366768836975,0.557894766330719,0.5,0.0,0.0,3,55,,,,,
,,,,,3,55,0.6239134669303894,,,,
0.6157426834106445,0.557894766330719,0.5,0.0,0.0,4,69,,,,,
,,,,,4,69,0.6144834160804749,,,,
,,,,,5,70,,0.5569620132446289,0.5,0.0,0.0
,,,,,5,70,,0.5569620132446289,0.5,0.0,0.0
,,,,,5,70,,0.5569620132446289,0.5,0.0,0.0
