val_loss,val_accuracy,val_auroc,val_precision,val_recall,epoch,step,train_loss,test_accuracy,test_auroc,test_precision,test_recall
0.4867149889469147,0.7789473533630371,0.7870620489120483,0.7058823704719543,0.8571428656578064,0,6,,,,,
,,,,,0,6,0.5258788466453552,,,,
0.4092158377170563,0.7894737124443054,0.7742587327957153,0.84375,0.6428571343421936,1,13,,,,,
,,,,,1,13,0.2613954544067383,,,,
0.41349801421165466,0.75789475440979,0.7484278082847595,0.7567567229270935,0.6666666865348816,2,20,,,,,
,,,,,2,20,0.1399209052324295,,,,
0.41642919182777405,0.7894737124443054,0.7816711664199829,0.7894737124443054,0.7142857313156128,3,27,,,,,
,,,,,3,27,0.055169954895973206,,,,
,,,,,4,28,,0.7754237055778503,0.7808858156204224,0.71074378490448,0.8269230723381042
,,,,,4,28,,0.8177965879440308,0.8024475574493408,0.8860759139060974,0.6730769276618958
,,,,,4,28,,0.8093220591545105,0.7969114184379578,0.8470588326454163,0.692307710647583
