val_loss,val_accuracy,val_auroc,val_precision,val_recall,epoch,step,train_loss,test_accuracy,test_auroc,test_precision,test_recall
0.6142824292182922,0.4421052634716034,0.5,0.4421052634716034,1.0,0,6,,,,,
,,,,,0,6,0.6200175285339355,,,,
0.5909927487373352,0.557894766330719,0.5988319516181946,0.5,0.9523809552192688,1,13,,,,,
,,,,,1,13,0.5470761060714722,,,,
0.5643846988677979,0.7473683953285217,0.7488768696784973,0.695652186870575,0.761904776096344,2,20,,,,,
,,,,,2,20,0.4916633367538452,,,,
0.539094865322113,0.7684210538864136,0.7430369257926941,0.9166666865348816,0.523809552192688,3,27,,,,,
,,,,,3,27,0.4513547718524933,,,,
,,,,,4,28,,0.7594936490058899,0.7597402334213257,0.7142857313156128,0.761904776096344
,,,,,4,28,,0.75527423620224,0.7286795973777771,0.9122806787490845,0.4952380955219269
,,,,,4,28,,0.75527423620224,0.7286795973777771,0.9122806787490845,0.4952380955219269
