val_loss,val_accuracy,val_auroc,val_precision,val_recall,epoch,step,train_loss,test_accuracy,test_auroc,test_precision,test_recall
0.4631650745868683,0.7263157963752747,0.712713360786438,0.7352941632270813,0.5952380895614624,0,26,,,,,
,,,,,0,26,0.4097846746444702,,,,
0.43226203322410583,0.800000011920929,0.781221866607666,0.8965517282485962,0.6190476417541504,1,53,,,,,
,,,,,1,53,0.17870454490184784,,,,
0.4643801748752594,0.8315789699554443,0.8194069862365723,0.8823529481887817,0.7142857313156128,2,80,,,,,
,,,,,2,80,0.05306835472583771,,,,
0.5908843278884888,0.7684210538864136,0.7504492402076721,0.8333333134651184,0.5952380895614624,3,107,,,,,
,,,,,3,107,0.03002001903951168,,,,
,,,,,4,108,,0.8177965879440308,0.8167248964309692,0.7850468158721924,0.807692289352417
,,,,,4,108,,0.8432203531265259,0.8394522070884705,0.8316831588745117,0.807692289352417
,,,,,4,108,,0.8305084705352783,0.8270687460899353,0.813725471496582,0.7980769276618958
