val_loss,val_accuracy,val_auroc,val_precision,val_recall,epoch,step,train_loss,test_accuracy,test_auroc,test_precision,test_recall
0.4019142687320709,0.821052610874176,0.8025606870651245,0.931034505367279,0.6428571343421936,0,26,,,,,
,,,,,0,26,0.4256545603275299,,,,
0.4016335606575012,0.821052610874176,0.8050314784049988,0.9032257795333862,0.6666666865348816,1,53,,,,,
,,,,,1,53,0.18970349431037903,,,,
0.3816610276699066,0.800000011920929,0.7861635684967041,0.8484848737716675,0.6666666865348816,2,80,,,,,
,,,,,2,80,0.05979663133621216,,,,
0.4154915511608124,0.8105263113975525,0.8005390167236328,0.8333333134651184,0.7142857313156128,3,107,,,,,
,,,,,3,107,0.022511349990963936,,,,
,,,,,4,108,,0.8220338821411133,0.8092949390411377,0.8690476417541504,0.7019230723381042
,,,,,4,108,,0.8220338821411133,0.811334490776062,0.8522727489471436,0.7211538553237915
,,,,,4,108,,0.805084764957428,0.7982226014137268,0.8020833134651184,0.7403846383094788
