val_loss,val_accuracy,val_auroc,val_precision,val_recall,epoch,step,train_loss,test_accuracy,test_auroc,test_precision,test_recall
0.6174027323722839,0.557894766330719,0.5,0.0,0.0,0,6,,,,,
,,,,,0,6,0.6342968940734863,,,,
0.6153042912483215,0.557894766330719,0.5,0.0,0.0,1,13,,,,,
,,,,,1,13,0.6069822907447815,,,,
0.6150780320167542,0.557894766330719,0.5,0.0,0.0,2,20,,,,,
,,,,,2,20,0.5058382749557495,,,,
0.6151269674301147,0.557894766330719,0.5,0.0,0.0,3,27,,,,,
,,,,,3,27,0.4086073338985443,,,,
0.6156532764434814,0.557894766330719,0.5,0.0,0.0,4,34,,,,,
,,,,,4,34,0.3231464922428131,,,,
,,,,,5,35,,0.5593220591545105,0.5,0.0,0.0
,,,,,5,35,,0.5593220591545105,0.5,0.0,0.0
,,,,,5,35,,0.5593220591545105,0.5,0.0,0.0
