val_loss,val_accuracy,val_auroc,val_precision,val_recall,epoch,step,train_loss,test_accuracy,test_auroc,test_precision,test_recall
0.42862987518310547,0.8105263113975525,0.8104223012924194,0.7727272510528564,0.8095238208770752,0,13,,,,,
,,,,,0,13,0.4417741596698761,,,,
0.465347021818161,0.7052631378173828,0.7185534238815308,0.625,0.8333333134651184,1,27,,,,,
,,,,,1,27,0.17377635836601257,,,,
0.37022605538368225,0.8421052694320679,0.8436657786369324,0.800000011920929,0.8571428656578064,2,41,,,,,
,,,,,2,41,0.06387057900428772,,,,
0.40096673369407654,0.8631578683853149,0.8699461221694946,0.795918345451355,0.9285714626312256,3,55,,,,,
,,,,,3,55,0.019915146753191948,,,,
,,,,,4,56,,0.8432203531265259,0.8408215641975403,0.8269230723381042,0.8190476298332214
,,,,,4,56,,0.8220338821411133,0.8179571032524109,0.8118811845779419,0.7809523940086365
,,,,,4,56,,0.8432203531265259,0.8408215641975403,0.8269230723381042,0.8190476298332214
