val_loss,val_accuracy,val_auroc,val_precision,val_recall,epoch,step,train_loss,test_accuracy,test_auroc,test_precision,test_recall
0.974766194820404,0.410526305437088,0.42722374200820923,0.3870967626571655,0.5714285969734192,0,26,,,,,
,,,,,0,26,1.0201835632324219,,,,
0.9248852133750916,0.3368421196937561,0.37106916308403015,0.3636363744735718,0.6666666865348816,1,53,,,,,
,,,,,1,53,0.9713897705078125,,,,
0.8736022710800171,0.38947367668151855,0.4355345368385315,0.40697672963142395,0.8333333134651184,2,80,,,,,
,,,,,2,80,0.9230440258979797,,,,
0.8225380182266235,0.410526305437088,0.4593440890312195,0.4204545319080353,0.8809523582458496,3,107,,,,,
,,,,,3,107,0.8745687007904053,,,,
0.773334801197052,0.410526305437088,0.4593440890312195,0.4204545319080353,0.8809523582458496,4,134,,,,,
,,,,,4,134,0.8264796137809753,,,,
,,,,,5,135,,0.4514767825603485,0.4968614876270294,0.44131454825401306,0.8952381014823914
,,,,,5,135,,0.4599156081676483,0.5083333253860474,0.44748857617378235,0.9333333373069763
,,,,,5,135,,0.4599156081676483,0.5083333253860474,0.44748857617378235,0.9333333373069763
