val_loss,val_accuracy,val_auroc,val_precision,val_recall,epoch,step,train_loss,test_accuracy,test_auroc,test_precision,test_recall
0.6187626719474792,0.557894766330719,0.5,0.0,0.0,0,26,,,,,
,,,,,0,26,0.6305237412452698,,,,
0.6178154349327087,0.557894766330719,0.5,0.0,0.0,1,53,,,,,
,,,,,1,53,0.5935857892036438,,,,
0.612040638923645,0.557894766330719,0.5,0.0,0.0,2,80,,,,,
,,,,,2,80,0.5737976431846619,,,,
0.7339538335800171,0.6000000238418579,0.5698562860488892,0.5909090638160706,0.3095238208770752,3,107,,,,,
,,,,,3,107,0.514762282371521,,,,
0.7707923650741577,0.6421052813529968,0.6199461221694946,0.6428571343421936,0.4285714328289032,4,134,,,,,
,,,,,4,134,0.4840973913669586,,,,
,,,,,5,135,,0.694915235042572,0.6750999689102173,0.7323943376541138,0.4952380955219269
,,,,,5,135,,0.555084764957428,0.5,0.0,0.0
,,,,,5,135,,0.694915235042572,0.6750999689102173,0.7323943376541138,0.4952380955219269
