val_loss,val_accuracy,val_auroc,val_precision,val_recall,epoch,step,train_loss,test_accuracy,test_auroc,test_precision,test_recall
0.5990301966667175,0.6736842393875122,0.6334232091903687,0.9230769276618958,0.2857142984867096,0,6,,,,,
,,,,,0,6,0.6265591382980347,,,,
0.5747204422950745,0.6526315808296204,0.6096137166023254,0.9090909361839294,0.2380952388048172,1,13,,,,,
,,,,,1,13,0.5399234890937805,,,,
0.5572470426559448,0.621052622795105,0.5738993287086487,0.875,0.1666666716337204,2,20,,,,,
,,,,,2,20,0.4881083369255066,,,,
0.5373885035514832,0.6421052813529968,0.5977088809013367,0.8999999761581421,0.2142857164144516,3,27,,,,,
,,,,,3,27,0.4428589642047882,,,,
,,,,,4,28,,0.7457627058029175,0.7135781049728394,0.9583333134651184,0.4423076808452606
,,,,,4,28,,0.7076271176338196,0.6692890524864197,0.9729729890823364,0.3461538553237915
,,,,,4,28,,0.7076271176338196,0.6692890524864197,0.9729729890823364,0.3461538553237915
