val_loss,val_accuracy,val_auroc,val_precision,val_recall,epoch,step,train_loss,test_accuracy,test_auroc,test_precision,test_recall
0.6194697022438049,0.557894766330719,0.5,0.0,0.0,0,13,,,,,
,,,,,0,13,0.6456102132797241,,,,
0.6160422563552856,0.557894766330719,0.5,0.0,0.0,1,27,,,,,
,,,,,1,27,0.5351844429969788,,,,
0.6159445643424988,0.557894766330719,0.5,0.0,0.0,2,41,,,,,
,,,,,2,41,0.4690176844596863,,,,
0.617264449596405,0.557894766330719,0.5,0.0,0.0,3,55,,,,,
,,,,,3,55,0.3786403238773346,,,,
0.6037356853485107,0.557894766330719,0.5,0.0,0.0,4,69,,,,,
,,,,,4,69,0.2712079882621765,,,,
,,,,,5,70,,0.5569620132446289,0.5,0.0,0.0
,,,,,5,70,,0.5569620132446289,0.5,0.0,0.0
,,,,,5,70,,0.5569620132446289,0.5,0.0,0.0
