val_loss,val_accuracy,val_auroc,val_precision,val_recall,epoch,step,train_loss,test_accuracy,test_auroc,test_precision,test_recall
0.622759997844696,0.4421052634716034,0.5,0.4421052634716034,1.0,0,13,,,,,
,,,,,0,13,0.6288015842437744,,,,
0.6226925849914551,0.4421052634716034,0.5,0.4421052634716034,1.0,1,27,,,,,
,,,,,1,27,0.6300224661827087,,,,
0.6226031184196472,0.4421052634716034,0.5,0.4421052634716034,1.0,2,41,,,,,
,,,,,2,41,0.6275051832199097,,,,
0.6221100687980652,0.4421052634716034,0.5,0.4421052634716034,1.0,3,55,,,,,
,,,,,3,55,0.6235840320587158,,,,
0.6219620704650879,0.4421052634716034,0.5,0.4421052634716034,1.0,4,69,,,,,
,,,,,4,69,0.6299487352371216,,,,
,,,,,5,70,,0.4406779706478119,0.5,0.4406779706478119,1.0
,,,,,5,70,,0.4406779706478119,0.5,0.4406779706478119,1.0
,,,,,5,70,,0.4406779706478119,0.5,0.4406779706478119,1.0
