val_loss,val_accuracy,val_auroc,val_precision,val_recall,epoch,step,train_loss,test_accuracy,test_auroc,test_precision,test_recall
0.4965987503528595,0.8421052694320679,0.8337825536727905,0.8648648858070374,0.761904776096344,0,6,,,,,
,,,,,0,6,0.5044987797737122,,,,
0.4193094074726105,0.8105263113975525,0.7906559109687805,0.9285714626312256,0.6190476417541504,1,13,,,,,
,,,,,1,13,0.2640465199947357,,,,
0.37128525972366333,0.8105263113975525,0.795597493648529,0.875,0.6666666865348816,2,20,,,,,
,,,,,2,20,0.11546817421913147,,,,
0.3558896780014038,0.8421052694320679,0.8238993883132935,0.9655172228813171,0.6666666865348816,3,27,,,,,
,,,,,3,27,0.042812883853912354,,,,
,,,,,4,28,,0.8059071898460388,0.7945887446403503,0.8390804529190063,0.6952381134033203
,,,,,4,28,,0.797468364238739,0.7782467603683472,0.9014084339141846,0.6095238327980042
,,,,,4,28,,0.797468364238739,0.7782467603683472,0.9014084339141846,0.6095238327980042
