val_loss,val_accuracy,val_auroc,val_precision,val_recall,epoch,step,train_loss,test_accuracy,test_auroc,test_precision,test_recall
0.6245536804199219,0.4421052634716034,0.5,0.4421052634716034,1.0,0,26,,,,,
,,,,,0,26,0.6306062936782837,,,,
0.6191635131835938,0.557894766330719,0.5,0.0,0.0,1,53,,,,,
,,,,,1,53,0.6081555485725403,,,,
0.6133089661598206,0.5473684072494507,0.49056604504585266,0.0,0.0,2,80,,,,,
,,,,,2,80,0.5733131766319275,,,,
0.5726633667945862,0.6526315808296204,0.6417340040206909,0.6216216087341309,0.5476190447807312,3,107,,,,,
,,,,,3,107,0.5211678147315979,,,,
0.5335569977760315,0.7473683953285217,0.7439352869987488,0.7142857313156128,0.7142857313156128,4,134,,,,,
,,,,,4,134,0.4758058786392212,,,,
,,,,,5,135,,0.6751055121421814,0.6674242615699768,0.6428571343421936,0.6000000238418579
,,,,,5,135,,0.6751055121421814,0.6674242615699768,0.6428571343421936,0.6000000238418579
,,,,,5,135,,0.6751055121421814,0.6674242615699768,0.6428571343421936,0.6000000238418579
