val_loss,val_accuracy,val_auroc,val_precision,val_recall,epoch,step,train_loss,test_accuracy,test_auroc,test_precision,test_recall
0.6206750273704529,0.557894766330719,0.5,0.0,0.0,0,13,,,,,
,,,,,0,13,0.6352282166481018,,,,
0.6205651164054871,0.557894766330719,0.5,0.0,0.0,1,27,,,,,
,,,,,1,27,0.6332892775535583,,,,
0.6202071309089661,0.557894766330719,0.5,0.0,0.0,2,41,,,,,
,,,,,2,41,0.6300349831581116,,,,
0.6196845173835754,0.557894766330719,0.5,0.0,0.0,3,55,,,,,
,,,,,3,55,0.6235103011131287,,,,
0.6189720034599304,0.557894766330719,0.5,0.0,0.0,4,69,,,,,
,,,,,4,69,0.6239457726478577,,,,
,,,,,5,70,,0.5569620132446289,0.5,0.0,0.0
,,,,,5,70,,0.5569620132446289,0.5,0.0,0.0
,,,,,5,70,,0.5569620132446289,0.5,0.0,0.0
