val_loss,val_accuracy,val_auroc,val_precision,val_recall,epoch,step,train_loss,test_accuracy,test_auroc,test_precision,test_recall
0.6205506324768066,0.557894766330719,0.5,0.0,0.0,0,26,,,,,
,,,,,0,26,0.6267403364181519,,,,
0.6204460263252258,0.557894766330719,0.5,0.0,0.0,1,53,,,,,
,,,,,1,53,0.6133252382278442,,,,
0.6162574887275696,0.557894766330719,0.5,0.0,0.0,2,80,,,,,
,,,,,2,80,0.5942438244819641,,,,
0.5768890380859375,0.7052631378173828,0.6889038681983948,0.71875,0.5476190447807312,3,107,,,,,
,,,,,3,107,0.5679704546928406,,,,
0.5000886917114258,0.7052631378173828,0.691374659538269,0.7058823704719543,0.5714285969734192,4,134,,,,,
,,,,,4,134,0.5280550122261047,,,,
,,,,,5,135,,0.7457627058029175,0.7341330647468567,0.7586206793785095,0.6285714507102966
,,,,,5,135,,0.7457627058029175,0.7341330647468567,0.7586206793785095,0.6285714507102966
,,,,,5,135,,0.7457627058029175,0.7341330647468567,0.7586206793785095,0.6285714507102966
