val_loss,val_accuracy,val_auroc,val_precision,val_recall,epoch,step,train_loss,test_accuracy,test_auroc,test_precision,test_recall
3.6819441318511963,0.5894736647605896,0.5357142686843872,1.0,0.0714285746216774,0,26,,,,,
,,,,,0,26,4.863694190979004,,,,
2.288093090057373,0.5789473652839661,0.5386343002319336,0.5714285969734192,0.190476194024086,1,53,,,,,
,,,,,1,53,3.3724637031555176,,,,
1.2170765399932861,0.5473684072494507,0.53998202085495,0.4878048896789551,0.4761904776096344,2,80,,,,,
,,,,,2,80,2.045905590057373,,,,
0.7352579236030579,0.5263158082962036,0.5581760406494141,0.4794520437717438,0.8333333134651184,3,107,,,,,
,,,,,3,107,1.258306860923767,,,,
0.6156934499740601,0.557894766330719,0.6013027429580688,0.5,0.976190447807312,4,134,,,,,
,,,,,4,134,0.9397333264350891,,,,
,,,,,5,135,,0.4957627058029175,0.5354053378105164,0.4653465449810028,0.8952381610870361
,,,,,5,135,,0.4957627058029175,0.5354053378105164,0.4653465449810028,0.8952381610870361
,,,,,5,135,,0.4957627058029175,0.5354053378105164,0.4653465449810028,0.8952381610870361
