val_loss,val_accuracy,val_auroc,val_precision,val_recall,epoch,step,train_loss,test_accuracy,test_auroc,test_precision,test_recall
0.6152558326721191,0.557894766330719,0.5,0.0,0.0,0,13,,,,,
,,,,,0,13,0.6282469630241394,,,,
0.6173322200775146,0.557894766330719,0.5,0.0,0.0,1,27,,,,,
,,,,,1,27,0.5429213047027588,,,,
0.6152698397636414,0.557894766330719,0.5,0.0,0.0,2,41,,,,,
,,,,,2,41,0.4405975639820099,,,,
0.6197511553764343,0.557894766330719,0.5,0.0,0.0,3,55,,,,,
,,,,,3,55,0.37898683547973633,,,,
0.60606449842453,0.557894766330719,0.5,0.0,0.0,4,69,,,,,
,,,,,4,69,0.317641019821167,,,,
,,,,,5,70,,0.5569620132446289,0.5,0.0,0.0
,,,,,5,70,,0.5569620132446289,0.5,0.0,0.0
,,,,,5,70,,0.5569620132446289,0.5,0.0,0.0
