val_loss,val_accuracy,val_auroc,val_precision,val_recall,epoch,step,train_loss,test_accuracy,test_auroc,test_precision,test_recall
0.5451066493988037,0.6842105388641357,0.6477987766265869,0.875,0.3333333432674408,0,26,,,,,
,,,,,0,26,0.5922638177871704,,,,
0.5056101083755493,0.7263157963752747,0.6954177618026733,0.8999999761581421,0.4285714328289032,1,53,,,,,
,,,,,1,53,0.47398728132247925,,,,
0.4508087635040283,0.7789473533630371,0.7549417018890381,0.9200000166893005,0.5476190447807312,2,80,,,,,
,,,,,2,80,0.4010436534881592,,,,
0.4110433757305145,0.8105263113975525,0.7906559109687805,0.9285714626312256,0.6190476417541504,3,107,,,,,
,,,,,3,107,0.3391943871974945,,,,
,,,,,4,108,,0.8143460154533386,0.7963203191757202,0.9178082346916199,0.6380952596664429
,,,,,4,108,,0.8143460154533386,0.7963203191757202,0.9178082346916199,0.6380952596664429
,,,,,4,108,,0.8143460154533386,0.7963203191757202,0.9178082346916199,0.6380952596664429
