val_loss,val_accuracy,val_auroc,val_precision,val_recall,epoch,step,train_loss,test_accuracy,test_auroc,test_precision,test_recall
0.447060763835907,0.7052631378173828,0.7136117815971375,0.6346153616905212,0.7857142686843872,0,26,,,,,
,,,,,0,26,0.4056103527545929,,,,
0.37617015838623047,0.800000011920929,0.7861635684967041,0.8484848737716675,0.6666666865348816,1,53,,,,,
,,,,,1,53,0.321869432926178,,,,
0.38614651560783386,0.8105263113975525,0.8104223012924194,0.7727272510528564,0.8095238208770752,2,80,,,,,
,,,,,2,80,0.2662268877029419,,,,
0.46179473400115967,0.800000011920929,0.7985174655914307,0.7674418687820435,0.7857142686843872,3,107,,,,,
,,,,,3,107,0.25515249371528625,,,,
,,,,,4,108,,0.8305084705352783,0.8342074155807495,0.7758620977401733,0.8653846383094788
,,,,,4,108,,0.8389830589294434,0.8326048851013184,0.84375,0.7788461446762085
,,,,,4,108,,0.8135592937469482,0.8088578581809998,0.800000011920929,0.7692307829856873
