val_loss,val_accuracy,val_auroc,val_precision,val_recall,epoch,step,train_loss,test_accuracy,test_auroc,test_precision,test_recall
0.6168334484100342,0.557894766330719,0.5,0.0,0.0,0,26,,,,,
,,,,,0,26,0.6637649536132812,,,,
0.6150597333908081,0.557894766330719,0.5,0.0,0.0,1,53,,,,,
,,,,,1,53,0.5158712863922119,,,,
0.585762619972229,0.6315789222717285,0.5956873297691345,0.7058823704719543,0.2857142984867096,2,80,,,,,
,,,,,2,80,0.4074159860610962,,,,
0.7093764543533325,0.7894737124443054,0.7841419577598572,0.7749999761581421,0.738095223903656,3,107,,,,,
,,,,,3,107,0.3299027979373932,,,,
0.6543534398078918,0.7473683953285217,0.7340521812438965,0.7647058367729187,0.6190476417541504,4,134,,,,,
,,,,,4,134,0.2757541835308075,,,,
,,,,,5,135,,0.7763713002204895,0.7768398523330688,0.7321428656578064,0.7809523940086365
,,,,,5,135,,0.6877636909484863,0.6505411267280579,0.9189189076423645,0.32380953431129456
,,,,,5,135,,0.8059071898460388,0.8033549785614014,0.7809523940086365,0.7809523940086365
