val_loss,val_accuracy,val_auroc,val_precision,val_recall,epoch,step,train_loss,test_accuracy,test_auroc,test_precision,test_recall
0.6163250207901001,0.557894766330719,0.5,0.0,0.0,0,26,,,,,
,,,,,0,26,0.6282085180282593,,,,
0.6155089139938354,0.557894766330719,0.5,0.0,0.0,1,53,,,,,
,,,,,1,53,0.4854317009449005,,,,
0.5527320504188538,0.7157894968986511,0.6810421347618103,0.9411764740943909,0.380952388048172,2,80,,,,,
,,,,,2,80,0.3391930162906647,,,,
0.7144604921340942,0.7368420958518982,0.7172057032585144,0.7931034564971924,0.5476190447807312,3,107,,,,,
,,,,,3,107,0.2868865430355072,,,,
0.6588948369026184,0.7789473533630371,0.7722371816635132,0.7692307829856873,0.7142857313156128,4,134,,,,,
,,,,,4,134,0.23999297618865967,,,,
,,,,,5,135,,0.7923728823661804,0.7909382581710815,0.7570093274116516,0.7788461446762085
,,,,,5,135,,0.75,0.7204254269599915,0.9245283007621765,0.4711538553237915
,,,,,5,135,,0.7923728823661804,0.7909382581710815,0.7570093274116516,0.7788461446762085
