val_loss,val_accuracy,val_auroc,val_precision,val_recall,epoch,step,train_loss,test_accuracy,test_auroc,test_precision,test_recall
0.44912463426589966,0.8421052694320679,0.828840970993042,0.9090909361839294,0.7142857313156128,0,13,,,,,
,,,,,0,13,0.4411928057670593,,,,
0.42065125703811646,0.8105263113975525,0.8104223012924194,0.7727272510528564,0.8095238208770752,1,27,,,,,
,,,,,1,27,0.3198665380477905,,,,
0.41587358713150024,0.8105263113975525,0.8079515099525452,0.7857142686843872,0.7857142686843872,2,41,,,,,
,,,,,2,41,0.22892189025878906,,,,
0.3849496841430664,0.821052610874176,0.8173854351043701,0.8048780560493469,0.7857142686843872,3,55,,,,,
,,,,,3,55,0.14390307664871216,,,,
,,,,,4,56,,0.8101266026496887,0.7964285612106323,0.8658536672592163,0.6761904954910278
,,,,,4,56,,0.8059071898460388,0.8023809194564819,0.7864077687263489,0.7714285254478455
,,,,,4,56,,0.8059071898460388,0.8023809194564819,0.7864077687263489,0.7714285254478455
