val_loss,val_accuracy,val_auroc,val_precision,val_recall,epoch,step,train_loss,test_accuracy,test_auroc,test_precision,test_recall
0.46045300364494324,0.821052610874176,0.8050314784049988,0.9032257795333862,0.6666666865348816,0,6,,,,,
,,,,,0,6,0.46339601278305054,,,,
0.4901219308376312,0.8315789699554443,0.8218778371810913,0.8611111044883728,0.738095223903656,1,13,,,,,
,,,,,1,13,0.2936520576477051,,,,
0.6512157320976257,0.7894737124443054,0.7767295241355896,0.8235294818878174,0.6666666865348816,2,20,,,,,
,,,,,2,20,0.19194179773330688,,,,
0.749387264251709,0.75789475440979,0.7360737323760986,0.8518518805503845,0.5476190447807312,3,27,,,,,
,,,,,3,27,0.10510183870792389,,,,
,,,,,4,28,,0.8312236070632935,0.8280302882194519,0.8155339956283569,0.800000011920929
,,,,,4,28,,0.8185654282569885,0.7991342544555664,0.9428571462631226,0.6285714507102966
,,,,,4,28,,0.8354430198669434,0.824999988079071,0.875,0.7333333492279053
