val_loss,val_accuracy,val_auroc,val_precision,val_recall,epoch,step,train_loss,test_accuracy,test_auroc,test_precision,test_recall
0.5922476649284363,0.7157894968986511,0.7106918096542358,0.6829268336296082,0.6666666865348816,0,6,,,,,
,,,,,0,6,0.6341522336006165,,,,
0.5673496127128601,0.7263157963752747,0.6954177618026733,0.8999999761581421,0.4285714328289032,1,13,,,,,
,,,,,1,13,0.5509366393089294,,,,
0.5476522445678711,0.7263157963752747,0.6929470896720886,0.9444444179534912,0.4047619104385376,2,20,,,,,
,,,,,2,20,0.499578058719635,,,,
0.5358264446258545,0.6947368383407593,0.6572327613830566,0.9333332777023315,0.3333333432674408,3,27,,,,,
,,,,,3,27,0.4609115719795227,,,,
,,,,,4,28,,0.6991525292396545,0.7014859914779663,0.6410256624221802,0.7211538553237915
,,,,,4,28,,0.7076271176338196,0.6703088283538818,0.9487179517745972,0.35576921701431274
,,,,,4,28,,0.7076271176338196,0.6703088283538818,0.9487179517745972,0.35576921701431274
