val_loss,val_accuracy,val_auroc,val_precision,val_recall,epoch,step,train_loss,test_accuracy,test_auroc,test_precision,test_recall
0.9698779582977295,0.4421052634716034,0.5,0.4421052634716034,1.0,0,26,,,,,
,,,,,0,26,1.1032923460006714,,,,
0.9132317900657654,0.4421052634716034,0.5,0.4421052634716034,1.0,1,53,,,,,
,,,,,1,53,0.8175122737884521,,,,
0.8437677621841431,0.43157893419265747,0.488095223903656,0.4361702501773834,0.976190447807312,2,80,,,,,
,,,,,2,80,0.6513925194740295,,,,
0.757135272026062,0.35789474844932556,0.39487871527671814,0.37974679470062256,0.7142857313156128,3,107,,,,,
,,,,,3,107,0.534457802772522,,,,
0.6866262555122375,0.35789474844932556,0.3973495066165924,0.3827160596847534,0.738095223903656,4,134,,,,,
,,,,,4,134,0.44229546189308167,,,,
,,,,,5,135,,0.4449152648448944,0.5,0.4449152648448944,1.0
,,,,,5,135,,0.3855932056903839,0.42482733726501465,0.4019607901573181,0.7809523940086365
,,,,,5,135,,0.3855932056903839,0.42482733726501465,0.4019607901573181,0.7809523940086365
