val_loss,val_accuracy,val_auroc,val_precision,val_recall,epoch,step,train_loss,test_accuracy,test_auroc,test_precision,test_recall
0.617333710193634,0.557894766330719,0.5,0.0,0.0,0,6,,,,,
,,,,,0,6,0.6351490020751953,,,,
0.616387665271759,0.557894766330719,0.5,0.0,0.0,1,13,,,,,
,,,,,1,13,0.5436508655548096,,,,
0.6153338551521301,0.557894766330719,0.5,0.0,0.0,2,20,,,,,
,,,,,2,20,0.48120778799057007,,,,
0.6151605844497681,0.557894766330719,0.5,0.0,0.0,3,27,,,,,
,,,,,3,27,0.3840770721435547,,,,
0.615884006023407,0.557894766330719,0.5,0.0,0.0,4,34,,,,,
,,,,,4,34,0.31325486302375793,,,,
,,,,,5,35,,0.5593220591545105,0.5,0.0,0.0
,,,,,5,35,,0.5593220591545105,0.5,0.0,0.0
,,,,,5,35,,0.5593220591545105,0.5,0.0,0.0
