val_loss,val_accuracy,val_auroc,val_precision,val_recall,epoch,step,train_loss,test_accuracy,test_auroc,test_precision,test_recall
0.478210985660553,0.7473683953285217,0.7538185715675354,0.6800000071525574,0.8095238208770752,0,6,,,,,
,,,,,0,6,0.48805588483810425,,,,
0.43728283047676086,0.7789473533630371,0.7845911383628845,0.7142857313156128,0.8333333134651184,1,13,,,,,
,,,,,1,13,0.2328760325908661,,,,
0.4568403661251068,0.7473683953285217,0.7562892436981201,0.6730769276618958,0.8333333134651184,2,20,,,,,
,,,,,2,20,0.10221034288406372,,,,
0.5322500467300415,0.6947368383407593,0.709119439125061,0.6140350699424744,0.8333333134651184,3,27,,,,,
,,,,,3,27,0.032810356467962265,,,,
,,,,,4,28,,0.7796609997749329,0.7807343006134033,0.7345132827758789,0.7904762029647827
,,,,,4,28,,0.7796609997749329,0.7807343006134033,0.7345132827758789,0.7904762029647827
,,,,,4,28,,0.7881355881690979,0.7940385341644287,0.7235772609710693,0.8476190567016602
