val_loss,val_accuracy,val_auroc,val_precision,val_recall,epoch,step,train_loss,test_accuracy,test_auroc,test_precision,test_recall
0.4380449056625366,0.8105263113975525,0.8054806590080261,0.800000011920929,0.761904776096344,0,6,,,,,
,,,,,0,6,0.47525620460510254,,,,
0.6182979941368103,0.800000011920929,0.7935759425163269,0.7948718667030334,0.738095223903656,1,13,,,,,
,,,,,1,13,0.28063610196113586,,,,
0.5868609547615051,0.800000011920929,0.796046793460846,0.7804877758026123,0.761904776096344,2,20,,,,,
,,,,,2,20,0.143311008810997,,,,
0.720331072807312,0.800000011920929,0.8009883165359497,0.7555555701255798,0.8095238208770752,3,27,,,,,
,,,,,3,27,0.08813951164484024,,,,
,,,,,4,28,,0.8347457647323608,0.8237179517745972,0.8735632300376892,0.7307692170143127
,,,,,4,28,,0.8347457647323608,0.8237179517745972,0.8735632300376892,0.7307692170143127
,,,,,4,28,,0.8093220591545105,0.8081293106079102,0.7757009267807007,0.7980769276618958
