val_loss,val_accuracy,val_auroc,val_precision,val_recall,epoch,step,train_loss,test_accuracy,test_auroc,test_precision,test_recall
0.6207165122032166,0.557894766330719,0.5,0.0,0.0,0,6,,,,,
,,,,,0,6,0.6324788928031921,,,,
0.6199935078620911,0.557894766330719,0.5,0.0,0.0,1,13,,,,,
,,,,,1,13,0.6255286931991577,,,,
0.6186525821685791,0.557894766330719,0.5,0.0,0.0,2,20,,,,,
,,,,,2,20,0.6180595755577087,,,,
0.6178069710731506,0.557894766330719,0.5,0.0,0.0,3,27,,,,,
,,,,,3,27,0.6107679009437561,,,,
0.6176860332489014,0.557894766330719,0.5,0.0,0.0,4,34,,,,,
,,,,,4,34,0.610997200012207,,,,
,,,,,5,35,,0.5593220591545105,0.5,0.0,0.0
,,,,,5,35,,0.5593220591545105,0.5,0.0,0.0
,,,,,5,35,,0.5593220591545105,0.5,0.0,0.0
