val_loss,val_accuracy,val_auroc,val_precision,val_recall,epoch,step,train_loss,test_accuracy,test_auroc,test_precision,test_recall
0.46789202094078064,0.821052610874176,0.8124438524246216,0.8378377556800842,0.738095223903656,0,6,,,,,
,,,,,0,6,0.5185921788215637,,,,
0.37939873337745667,0.8421052694320679,0.8263701796531677,0.9354839324951172,0.6904761791229248,1,13,,,,,
,,,,,1,13,0.26706796884536743,,,,
0.33867862820625305,0.8105263113975525,0.8005390167236328,0.8333333134651184,0.7142857313156128,2,20,,,,,
,,,,,2,20,0.12223102152347565,,,,
0.29621458053588867,0.8526315689086914,0.8407456874847412,0.9117646813392639,0.738095223903656,3,27,,,,,
,,,,,3,27,0.048000186681747437,,,,
,,,,,4,28,,0.8177965879440308,0.810606062412262,0.821052610874176,0.75
,,,,,4,28,,0.8177965879440308,0.810606062412262,0.821052610874176,0.75
,,,,,4,28,,0.8177965879440308,0.810606062412262,0.821052610874176,0.75
