val_loss,val_accuracy,val_auroc,val_precision,val_recall,epoch,step,train_loss,test_accuracy,test_auroc,test_precision,test_recall
0.631858229637146,0.4421052634716034,0.5,0.4421052634716034,1.0,0,6,,,,,
,,,,,0,6,0.7546491622924805,,,,
0.5866076946258545,0.6736842393875122,0.6408355832099915,0.7894737124443054,0.3571428656578064,1,13,,,,,
,,,,,1,13,0.6534177660942078,,,,
0.6109230518341064,0.5684210658073425,0.6008535623550415,0.5068492889404297,0.8809523582458496,2,20,,,,,
,,,,,2,20,0.36737707257270813,,,,
0.6031236052513123,0.7052631378173828,0.6864330768585205,0.73333340883255,0.523809552192688,3,27,,,,,
,,,,,3,27,0.22498254477977753,,,,
0.7357544898986816,0.7368420958518982,0.7172057032585144,0.7931034564971924,0.5476190447807312,4,34,,,,,
,,,,,4,34,0.13426172733306885,,,,
,,,,,5,35,,0.7330508232116699,0.7103962302207947,0.828125,0.5047619342803955
,,,,,5,35,,0.6228813529014587,0.5913122296333313,0.6666666865348816,0.3047619163990021
,,,,,5,35,,0.7330508232116699,0.7103962302207947,0.828125,0.5047619342803955
