val_loss,val_accuracy,val_auroc,val_precision,val_recall,epoch,step,train_loss,test_accuracy,test_auroc,test_precision,test_recall
0.5558083057403564,0.6842105388641357,0.6477987766265869,0.875,0.3333333432674408,0,26,,,,,
,,,,,0,26,0.5710383653640747,,,,
0.5101762413978577,0.7052631378173828,0.6716082692146301,0.8888888955116272,0.380952388048172,1,53,,,,,
,,,,,1,53,0.46266236901283264,,,,
0.4692820608615875,0.7263157963752747,0.7053009867668152,0.7857142686843872,0.523809552192688,2,80,,,,,
,,,,,2,80,0.3969999849796295,,,,
0.44077354669570923,0.75789475440979,0.7410151958465576,0.806451678276062,0.5952380895614624,3,107,,,,,
,,,,,3,107,0.33542850613594055,,,,
,,,,,4,108,,0.7890295386314392,0.7677488923072815,0.9104477763175964,0.5809524059295654
,,,,,4,108,,0.7890295386314392,0.7677488923072815,0.9104477763175964,0.5809524059295654
,,,,,4,108,,0.7890295386314392,0.7677488923072815,0.9104477763175964,0.5809524059295654
