val_loss,val_accuracy,val_auroc,val_precision,val_recall,epoch,step,train_loss,test_accuracy,test_auroc,test_precision,test_recall
0.9432080984115601,0.5157894492149353,0.5092093348503113,0.4523809850215912,0.4523809850215912,0,13,,,,,
,,,,,0,13,0.9603871703147888,,,,
0.9345108270645142,0.4421052634716034,0.5,0.4421052634716034,1.0,1,27,,,,,
,,,,,1,27,0.9183323979377747,,,,
0.9304078221321106,0.4421052634716034,0.5,0.4421052634716034,1.0,2,41,,,,,
,,,,,2,41,0.8868926763534546,,,,
0.9273951649665833,0.4421052634716034,0.5,0.4421052634716034,1.0,3,55,,,,,
,,,,,3,55,0.8696492314338684,,,,
0.9228821396827698,0.4421052634716034,0.5,0.4421052634716034,1.0,4,69,,,,,
,,,,,4,69,0.8362212777137756,,,,
,,,,,5,70,,0.5169491767883301,0.5195201635360718,0.46341463923454285,0.5428571701049805
,,,,,5,70,,0.4449152648448944,0.5,0.4449152648448944,1.0
,,,,,5,70,,0.4449152648448944,0.5,0.4449152648448944,1.0
