val_loss,val_accuracy,val_auroc,val_precision,val_recall,epoch,step,train_loss,test_accuracy,test_auroc,test_precision,test_recall
0.6227878332138062,0.4421052634716034,0.5,0.4421052634716034,1.0,0,26,,,,,
,,,,,0,26,0.630064070224762,,,,
0.6219120621681213,0.4421052634716034,0.5,0.4421052634716034,1.0,1,53,,,,,
,,,,,1,53,0.6260306239128113,,,,
0.6204780340194702,0.557894766330719,0.5,0.0,0.0,2,80,,,,,
,,,,,2,80,0.6215850710868835,,,,
0.6621580123901367,0.5473684072494507,0.4955076575279236,0.4000000059604645,0.0476190485060215,3,107,,,,,
,,,,,3,107,0.619472324848175,,,,
0.773070216178894,0.5473684072494507,0.5004492402076721,0.4444444477558136,0.095238097012043,4,134,,,,,
,,,,,4,134,0.6167721152305603,,,,
,,,,,5,135,,0.5381355881690979,0.49023890495300293,0.3913043439388275,0.08653846383094788
,,,,,5,135,,0.5593220591545105,0.5,0.0,0.0
,,,,,5,135,,0.5381355881690979,0.49023890495300293,0.3913043439388275,0.08653846383094788
