val_loss,val_accuracy,val_auroc,val_precision,val_recall,epoch,step,train_loss,test_accuracy,test_auroc,test_precision,test_recall
0.5623564124107361,0.6947368383407593,0.6572327613830566,0.9333332777023315,0.3333333432674408,0,26,,,,,
,,,,,0,26,0.5853338837623596,,,,
0.5344770550727844,0.6736842393875122,0.6334232091903687,0.9230769276618958,0.2857142984867096,1,53,,,,,
,,,,,1,53,0.47021591663360596,,,,
0.4805903732776642,0.7894737124443054,0.764375627040863,0.9583333134651184,0.5476190447807312,2,80,,,,,
,,,,,2,80,0.4032103717327118,,,,
0.4536382853984833,0.7894737124443054,0.764375627040863,0.9583333134651184,0.5476190447807312,3,107,,,,,
,,,,,3,107,0.34639889001846313,,,,
,,,,,4,108,,0.7627118825912476,0.7368881702423096,0.8999999761581421,0.5192307829856873
,,,,,4,108,,0.7627118825912476,0.737907886505127,0.8870968222618103,0.5288461446762085
,,,,,4,108,,0.7627118825912476,0.737907886505127,0.8870968222618103,0.5288461446762085
