val_loss,val_accuracy,val_auroc,val_precision,val_recall,epoch,step,train_loss,test_accuracy,test_auroc,test_precision,test_recall
0.5682575702667236,0.6736842393875122,0.6334232091903687,0.9230769276618958,0.2857142984867096,0,26,,,,,
,,,,,0,26,0.5688125491142273,,,,
0.5011429190635681,0.6947368383407593,0.6646451354026794,0.8095238208770752,0.4047619104385376,1,53,,,,,
,,,,,1,53,0.4597829580307007,,,,
0.45263421535491943,0.7368420958518982,0.7147350311279297,0.8148148655891418,0.523809552192688,2,80,,,,,
,,,,,2,80,0.3815593123435974,,,,
0.42656680941581726,0.7368420958518982,0.7147350311279297,0.8148148655891418,0.523809552192688,3,107,,,,,
,,,,,3,107,0.32913053035736084,,,,
,,,,,4,108,,0.8262711763381958,0.810023307800293,0.9090909361839294,0.6730769276618958
,,,,,4,108,,0.8262711763381958,0.8130828142166138,0.8795180916786194,0.7019230723381042
,,,,,4,108,,0.8262711763381958,0.8130828142166138,0.8795180916786194,0.7019230723381042
