val_loss,val_accuracy,val_auroc,val_precision,val_recall,epoch,step,train_loss,test_accuracy,test_auroc,test_precision,test_recall
0.621027946472168,0.557894766330719,0.5,0.0,0.0,0,6,,,,,
,,,,,0,6,0.6437279582023621,,,,
0.6195372343063354,0.557894766330719,0.5,0.0,0.0,1,13,,,,,
,,,,,1,13,0.6257525086402893,,,,
0.6184434294700623,0.557894766330719,0.5,0.0,0.0,2,20,,,,,
,,,,,2,20,0.6139711141586304,,,,
0.6181595325469971,0.557894766330719,0.5,0.0,0.0,3,27,,,,,
,,,,,3,27,0.6203885674476624,,,,
0.6178750395774841,0.557894766330719,0.5,0.0,0.0,4,34,,,,,
,,,,,4,34,0.6090211868286133,,,,
,,,,,5,35,,0.5593220591545105,0.5,0.0,0.0
,,,,,5,35,,0.5593220591545105,0.5,0.0,0.0
,,,,,5,35,,0.5593220591545105,0.5,0.0,0.0
