val_loss,val_accuracy,val_auroc,val_precision,val_recall,epoch,step,train_loss,test_accuracy,test_auroc,test_precision,test_recall
1.0276014804840088,0.4421052634716034,0.5,0.4421052634716034,1.0,0,26,,,,,
,,,,,0,26,0.9412491917610168,,,,
1.0262324810028076,0.4421052634716034,0.5,0.4421052634716034,1.0,1,53,,,,,
,,,,,1,53,0.9339249134063721,,,,
1.0253369808197021,0.4421052634716034,0.5,0.4421052634716034,1.0,2,80,,,,,
,,,,,2,80,0.9352514147758484,,,,
1.070682406425476,0.4526315927505493,0.4921382963657379,0.4375,0.8333333134651184,3,107,,,,,
,,,,,3,107,0.930995523929596,,,,
1.1238629817962646,0.46315789222717285,0.5065139532089233,0.44578316807746887,0.8809523582458496,4,134,,,,,
,,,,,4,134,0.9301902055740356,,,,
,,,,,5,135,,0.4449152648448944,0.49155011773109436,0.4360189139842987,0.8846153616905212
,,,,,5,135,,0.43644067645072937,0.4951923191547394,0.4382978677749634,0.9903846383094788
,,,,,5,135,,0.4449152648448944,0.49155011773109436,0.4360189139842987,0.8846153616905212
