val_loss,val_accuracy,val_auroc,val_precision,val_recall,epoch,step,train_loss,test_accuracy,test_auroc,test_precision,test_recall
0.6163763403892517,0.557894766330719,0.5,0.0,0.0,0,6,,,,,
,,,,,0,6,0.6257699131965637,,,,
0.6151546835899353,0.557894766330719,0.5,0.0,0.0,1,13,,,,,
,,,,,1,13,0.6066449284553528,,,,
0.6156019568443298,0.557894766330719,0.5,0.0,0.0,2,20,,,,,
,,,,,2,20,0.4565688967704773,,,,
0.6160257458686829,0.557894766330719,0.5,0.0,0.0,3,27,,,,,
,,,,,3,27,0.3544807434082031,,,,
0.6183228492736816,0.557894766330719,0.5,0.0,0.0,4,34,,,,,
,,,,,4,34,0.2671660780906677,,,,
,,,,,5,35,,0.5593220591545105,0.5,0.0,0.0
,,,,,5,35,,0.5593220591545105,0.5,0.0,0.0
,,,,,5,35,,0.5593220591545105,0.5,0.0,0.0
