val_loss,val_accuracy,val_auroc,val_precision,val_recall,epoch,step,train_loss,test_accuracy,test_auroc,test_precision,test_recall
0.544108510017395,0.7789473533630371,0.7524707913398743,0.95652174949646,0.523809552192688,0,26,,,,,
,,,,,0,26,0.433239609003067,,,,
0.500158429145813,0.7684210538864136,0.7529200315475464,0.8125,0.6190476417541504,1,53,,,,,
,,,,,1,53,0.323895126581192,,,,
0.351133793592453,0.8315789699554443,0.8268193006515503,0.824999988079071,0.7857142686843872,2,80,,,,,
,,,,,2,80,0.22944682836532593,,,,
0.3926173448562622,0.8421052694320679,0.8337825536727905,0.8648648858070374,0.761904776096344,3,107,,,,,
,,,,,3,107,0.21572846174240112,,,,
,,,,,4,108,,0.7923728823661804,0.7858391404151917,0.7835051417350769,0.7307692170143127
,,,,,4,108,,0.8008474707603455,0.7954545617103577,0.7878787517547607,0.75
,,,,,4,108,,0.7923728823661804,0.7858391404151917,0.7835051417350769,0.7307692170143127
