val_loss,val_accuracy,val_auroc,val_precision,val_recall,epoch,step,train_loss,test_accuracy,test_auroc,test_precision,test_recall
0.6169185042381287,0.557894766330719,0.5,0.0,0.0,0,13,,,,,
,,,,,0,13,0.6702027320861816,,,,
0.6163133382797241,0.557894766330719,0.5,0.0,0.0,1,27,,,,,
,,,,,1,27,0.586915910243988,,,,
0.6154787540435791,0.557894766330719,0.5,0.0,0.0,2,41,,,,,
,,,,,2,41,0.46583226323127747,,,,
0.6149933338165283,0.557894766330719,0.5,0.0,0.0,3,55,,,,,
,,,,,3,55,0.3904968500137329,,,,
0.6076096892356873,0.557894766330719,0.5,0.0,0.0,4,69,,,,,
,,,,,4,69,0.26387614011764526,,,,
,,,,,5,70,,0.555084764957428,0.5,0.0,0.0
,,,,,5,70,,0.555084764957428,0.5,0.0,0.0
,,,,,5,70,,0.555084764957428,0.5,0.0,0.0
