val_loss,val_accuracy,val_auroc,val_precision,val_recall,epoch,step,train_loss,test_accuracy,test_auroc,test_precision,test_recall
0.6212823987007141,0.4421052634716034,0.5,0.4421052634716034,1.0,0,6,,,,,
,,,,,0,6,0.6400468945503235,,,,
0.6205677390098572,0.557894766330719,0.5,0.0,0.0,1,13,,,,,
,,,,,1,13,0.6224597692489624,,,,
0.6199058294296265,0.557894766330719,0.5,0.0,0.0,2,20,,,,,
,,,,,2,20,0.6159128546714783,,,,
0.6190290451049805,0.557894766330719,0.5,0.0,0.0,3,27,,,,,
,,,,,3,27,0.601608395576477,,,,
0.6184621453285217,0.557894766330719,0.5,0.0,0.0,4,34,,,,,
,,,,,4,34,0.5967907905578613,,,,
,,,,,5,35,,0.4449152648448944,0.5,0.4449152648448944,1.0
,,,,,5,35,,0.555084764957428,0.5,0.0,0.0
,,,,,5,35,,0.555084764957428,0.5,0.0,0.0
