val_loss,val_accuracy,val_auroc,val_precision,val_recall,epoch,step,train_loss,test_accuracy,test_auroc,test_precision,test_recall
0.36653319001197815,0.8315789699554443,0.8095238208770752,1.0,0.6190476417541504,0,26,,,,,
,,,,,0,26,0.43952471017837524,,,,
0.3684792220592499,0.821052610874176,0.8075022101402283,0.8787878751754761,0.6904761791229248,1,53,,,,,
,,,,,1,53,0.173060804605484,,,,
0.43781352043151855,0.821052610874176,0.8075022101402283,0.8787878751754761,0.6904761791229248,2,80,,,,,
,,,,,2,80,0.04922892898321152,,,,
0.47602608799934387,0.821052610874176,0.8075022101402283,0.8787878751754761,0.6904761791229248,3,107,,,,,
,,,,,3,107,0.02105007879436016,,,,
,,,,,4,108,,0.7838982939720154,0.7629661560058594,0.8840580582618713,0.5865384340286255
,,,,,4,108,,0.7838982939720154,0.7629661560058594,0.8840580582618713,0.5865384340286255
,,,,,4,108,,0.8347457647323608,0.8267773389816284,0.8494623899459839,0.7596153616905212
