val_loss,val_accuracy,val_auroc,val_precision,val_recall,epoch,step,train_loss,test_accuracy,test_auroc,test_precision,test_recall
0.6198046207427979,0.557894766330719,0.5,0.0,0.0,0,13,,,,,
,,,,,0,13,0.6284441351890564,,,,
0.6187441945075989,0.557894766330719,0.5,0.0,0.0,1,27,,,,,
,,,,,1,27,0.6080384850502014,,,,
0.6172172427177429,0.557894766330719,0.5,0.0,0.0,2,41,,,,,
,,,,,2,41,0.5867162942886353,,,,
0.6165538430213928,0.557894766330719,0.5,0.0,0.0,3,55,,,,,
,,,,,3,55,0.5711000561714172,,,,
0.6159757971763611,0.557894766330719,0.5,0.0,0.0,4,69,,,,,
,,,,,4,69,0.5392659902572632,,,,
,,,,,5,70,,0.5593220591545105,0.5,0.0,0.0
,,,,,5,70,,0.5593220591545105,0.5,0.0,0.0
,,,,,5,70,,0.5593220591545105,0.5,0.0,0.0
