val_loss,val_accuracy,val_auroc,val_precision,val_recall,epoch,step,train_loss,test_accuracy,test_auroc,test_precision,test_recall
0.975227415561676,0.4000000059604645,0.4177897274494171,0.380952388048172,0.5714285969734192,0,26,,,,,
,,,,,0,26,1.0202972888946533,,,,
0.9254671335220337,0.3684210479259491,0.4018418490886688,0.3815789520740509,0.6904761791229248,1,53,,,,,
,,,,,1,53,0.9715632796287537,,,,
0.8743427991867065,0.38947367668151855,0.4355345368385315,0.40697672963142395,0.8333333134651184,2,80,,,,,
,,,,,2,80,0.923266589641571,,,,
0.823425829410553,0.410526305437088,0.4593440890312195,0.4204545319080353,0.8809523582458496,3,107,,,,,
,,,,,3,107,0.8748548030853271,,,,
0.7743626832962036,0.410526305437088,0.4593440890312195,0.4204545319080353,0.8809523582458496,4,134,,,,,
,,,,,4,134,0.8268757462501526,,,,
,,,,,5,135,,0.4514767825603485,0.4968614876270294,0.44131454825401306,0.8952381014823914
,,,,,5,135,,0.4599156081676483,0.5083333253860474,0.44748857617378235,0.9333333373069763
,,,,,5,135,,0.4599156081676483,0.5083333253860474,0.44748857617378235,0.9333333373069763
