val_loss,val_accuracy,val_auroc,val_precision,val_recall,epoch,step,train_loss,test_accuracy,test_auroc,test_precision,test_recall
0.6127538681030273,0.5473684072494507,0.4930368661880493,0.3333333432674408,0.02380952425301075,0,6,,,,,
,,,,,0,6,0.8487973213195801,,,,
0.5579899549484253,0.7263157963752747,0.6929470896720886,0.9444444179534912,0.4047619104385376,1,13,,,,,
,,,,,1,13,0.5345414876937866,,,,
0.5878019332885742,0.6947368383407593,0.6646451354026794,0.8095238208770752,0.4047619104385376,2,20,,,,,
,,,,,2,20,0.36249130964279175,,,,
0.7364640235900879,0.6842105388641357,0.6774483323097229,0.6499999761581421,0.6190476417541504,3,27,,,,,
,,,,,3,27,0.24071118235588074,,,,
0.6719179749488831,0.7473683953285217,0.738993763923645,0.7368420958518982,0.6666666865348816,4,34,,,,,
,,,,,4,34,0.1381635069847107,,,,
,,,,,5,35,,0.7679324746131897,0.7517315745353699,0.8205128312110901,0.6095238327980042
,,,,,5,35,,0.7088607549667358,0.6772726774215698,0.875,0.4000000059604645
,,,,,5,35,,0.7679324746131897,0.7517315745353699,0.8205128312110901,0.6095238327980042
