val_loss,val_accuracy,val_auroc,val_precision,val_recall,epoch,step,train_loss,test_accuracy,test_auroc,test_precision,test_recall
1.0616297721862793,0.4421052634716034,0.5,0.4421052634716034,1.0,0,13,,,,,
,,,,,0,13,0.5181732177734375,,,,
0.5903089046478271,0.7157894968986511,0.7205750346183777,0.6530612111091614,0.761904776096344,1,27,,,,,
,,,,,1,27,0.197345569729805,,,,
0.801826000213623,0.7473683953285217,0.7538185715675354,0.6800000071525574,0.8095238208770752,2,41,,,,,
,,,,,2,41,0.0933576449751854,,,,
0.9419156312942505,0.7052631378173828,0.7234951853752136,0.6166666746139526,0.8809523582458496,3,55,,,,,
,,,,,3,55,0.03454621881246567,,,,
1.003772497177124,0.7368420958518982,0.7221473455429077,0.7575757503509521,0.5952380895614624,4,69,,,,,
,,,,,4,69,0.015193277969956398,,,,
,,,,,5,70,,0.7669491767883301,0.7784091234207153,0.6842105388641357,0.875
,,,,,5,70,,0.7203390002250671,0.7296037077903748,0.6461538672447205,0.807692289352417
,,,,,5,70,,0.7372881174087524,0.7233391404151917,0.75,0.6057692170143127
