val_loss,val_accuracy,val_auroc,val_precision,val_recall,epoch,step,train_loss,test_accuracy,test_auroc,test_precision,test_recall
0.4640362858772278,0.7052631378173828,0.6814914345741272,0.7692307829856873,0.4761904776096344,0,13,,,,,
,,,,,0,13,0.45531558990478516,,,,
0.4569997787475586,0.8105263113975525,0.8153639435768127,0.75,0.8571428656578064,1,27,,,,,
,,,,,1,27,0.20633485913276672,,,,
0.38901492953300476,0.7894737124443054,0.7940252423286438,0.7291666865348816,0.8333333134651184,2,41,,,,,
,,,,,2,41,0.07341204583644867,,,,
0.4691590666770935,0.7789473533630371,0.7623540163040161,0.8387095928192139,0.6190476417541504,3,55,,,,,
,,,,,3,55,0.024257492274045944,,,,
,,,,,4,56,,0.758474588394165,0.7718530893325806,0.6715328693389893,0.8846153616905212
,,,,,4,56,,0.7923728823661804,0.80521559715271,0.7037036418914795,0.9134615659713745
,,,,,4,56,,0.8601694703102112,0.8515442609786987,0.8901098966598511,0.7788461446762085
