val_loss,val_accuracy,val_auroc,val_precision,val_recall,epoch,step,train_loss,test_accuracy,test_auroc,test_precision,test_recall
0.3296961188316345,0.8736842274665833,0.8620845079421997,0.9411764740943909,0.761904776096344,0,6,,,,,
,,,,,0,6,0.47353488206863403,,,,
0.4891190230846405,0.8631578683853149,0.8526504635810852,0.9142856597900391,0.761904776096344,1,13,,,,,
,,,,,1,13,0.27892860770225525,,,,
0.3758193850517273,0.8842105269432068,0.8739892244338989,0.9428571462631226,0.7857142686843872,2,20,,,,,
,,,,,2,20,0.1531239002943039,,,,
0.474345326423645,0.9052631855010986,0.9002695083618164,0.9230769276618958,0.8571428656578064,3,27,,,,,
,,,,,3,27,0.10284217447042465,,,,
,,,,,4,28,,0.8093220591545105,0.7969114184379578,0.8470588326454163,0.692307710647583
,,,,,4,28,,0.8474576473236084,0.8330419659614563,0.925000011920929,0.7115384340286255
,,,,,4,28,,0.8093220591545105,0.7969114184379578,0.8470588326454163,0.692307710647583
