val_loss,val_accuracy,val_auroc,val_precision,val_recall,epoch,step,train_loss,test_accuracy,test_auroc,test_precision,test_recall
0.4096333682537079,0.7789473533630371,0.7672956585884094,0.800000011920929,0.6666666865348816,0,26,,,,,
,,,,,0,26,0.39988648891448975,,,,
0.4877144992351532,0.821052610874176,0.8223269581794739,0.7777778506278992,0.8333333134651184,1,53,,,,,
,,,,,1,53,0.28617873787879944,,,,
0.4334850013256073,0.7894737124443054,0.7792003154754639,0.8055555820465088,0.6904761791229248,2,80,,,,,
,,,,,2,80,0.22650516033172607,,,,
0.45098984241485596,0.8315789699554443,0.8194069862365723,0.8823529481887817,0.7142857313156128,3,107,,,,,
,,,,,3,107,0.2167421579360962,,,,
,,,,,4,108,,0.7881355881690979,0.7902097702026367,0.7368420958518982,0.807692289352417
,,,,,4,108,,0.7881355881690979,0.7769522070884705,0.8068181872367859,0.682692289352417
,,,,,4,108,,0.8093220591545105,0.8020104765892029,0.8105263113975525,0.7403846383094788
