val_loss,val_accuracy,val_auroc,val_precision,val_recall,epoch,step,train_loss,test_accuracy,test_auroc,test_precision,test_recall
1.4265556335449219,0.4842105209827423,0.5352650284767151,0.4606741666793823,0.976190447807312,0,6,,,,,
,,,,,0,6,0.43836960196495056,,,,
0.5718969702720642,0.800000011920929,0.796046793460846,0.7804877758026123,0.761904776096344,1,13,,,,,
,,,,,1,13,0.26146307587623596,,,,
0.6365045309066772,0.7789473533630371,0.7648246884346008,0.8181818127632141,0.6428571343421936,2,20,,,,,
,,,,,2,20,0.1461649090051651,,,,
0.778443455696106,0.7473683953285217,0.7488768696784973,0.695652186870575,0.761904776096344,3,27,,,,,
,,,,,3,27,0.08042371273040771,,,,
,,,,,4,28,,0.8432203531265259,0.8465908765792847,0.791304349899292,0.875
,,,,,4,28,,0.8432203531265259,0.8465908765792847,0.791304349899292,0.875
,,,,,4,28,,0.8135592937469482,0.814976692199707,0.7678571343421936,0.8269230723381042
