val_loss,val_accuracy,val_auroc,val_precision,val_recall,epoch,step,train_loss,test_accuracy,test_auroc,test_precision,test_recall
0.617975115776062,0.557894766330719,0.5,0.0,0.0,0,26,,,,,
,,,,,0,26,0.6313061714172363,,,,
0.6179911494255066,0.557894766330719,0.5,0.0,0.0,1,53,,,,,
,,,,,1,53,0.6057579517364502,,,,
0.6142004132270813,0.557894766330719,0.5,0.0,0.0,2,80,,,,,
,,,,,2,80,0.5646821856498718,,,,
0.555081307888031,0.7157894968986511,0.6884546279907227,0.8260868787765503,0.4523809850215912,3,107,,,,,
,,,,,3,107,0.5410701632499695,,,,
0.5164430141448975,0.7789473533630371,0.7672956585884094,0.800000011920929,0.6666666865348816,4,134,,,,,
,,,,,4,134,0.464138388633728,,,,
,,,,,5,135,,0.700421929359436,0.6911255121231079,0.6808510422706604,0.6095238327980042
,,,,,5,135,,0.700421929359436,0.6911255121231079,0.6808510422706604,0.6095238327980042
,,,,,5,135,,0.700421929359436,0.6911255121231079,0.6808510422706604,0.6095238327980042
