val_loss,val_accuracy,val_auroc,val_precision,val_recall,epoch,step,train_loss,test_accuracy,test_auroc,test_precision,test_recall
0.4799899160861969,0.7052631378173828,0.6839622855186462,0.75,0.5,0,13,,,,,
,,,,,0,13,0.4455365836620331,,,,
0.4837905764579773,0.7473683953285217,0.7414644956588745,0.7250000238418579,0.6904761791229248,1,27,,,,,
,,,,,1,27,0.1850021481513977,,,,
0.47901034355163574,0.800000011920929,0.7935759425163269,0.7948718667030334,0.738095223903656,2,41,,,,,
,,,,,2,41,0.05827269330620766,,,,
0.5052555799484253,0.75789475440979,0.7484278082847595,0.7567567229270935,0.6666666865348816,3,55,,,,,
,,,,,3,55,0.03711749240756035,,,,
,,,,,4,56,,0.8135592937469482,0.815996527671814,0.7631579041481018,0.8365384340286255
,,,,,4,56,,0.8135592937469482,0.815996527671814,0.7631579041481018,0.8365384340286255
,,,,,4,56,,0.7966101765632629,0.8008449077606201,0.7372881174087524,0.8365384340286255
