val_loss,val_accuracy,val_auroc,val_precision,val_recall,epoch,step,train_loss,test_accuracy,test_auroc,test_precision,test_recall
0.9776211977005005,0.4421052634716034,0.5,0.4421052634716034,1.0,0,6,,,,,
,,,,,0,6,0.9669561386108398,,,,
0.9368386268615723,0.4421052634716034,0.5,0.4421052634716034,1.0,1,13,,,,,
,,,,,1,13,0.9049428701400757,,,,
0.936831533908844,0.4421052634716034,0.5,0.4421052634716034,1.0,2,20,,,,,
,,,,,2,20,0.8905982375144958,,,,
0.9350293874740601,0.4421052634716034,0.5,0.4421052634716034,1.0,3,27,,,,,
,,,,,3,27,0.883303701877594,,,,
0.9297372698783875,0.4421052634716034,0.5,0.4421052634716034,1.0,4,34,,,,,
,,,,,4,34,0.8670694231987,,,,
,,,,,5,35,,0.4449152648448944,0.5,0.4449152648448944,1.0
,,,,,5,35,,0.4449152648448944,0.5,0.4449152648448944,1.0
,,,,,5,35,,0.4449152648448944,0.5,0.4449152648448944,1.0
