val_loss,val_accuracy,val_auroc,val_precision,val_recall,epoch,step,train_loss,test_accuracy,test_auroc,test_precision,test_recall
0.616243839263916,0.557894766330719,0.5,0.0,0.0,0,13,,,,,
,,,,,0,13,0.6568951606750488,,,,
0.6155847311019897,0.557894766330719,0.5,0.0,0.0,1,27,,,,,
,,,,,1,27,0.5544494986534119,,,,
0.6156978607177734,0.557894766330719,0.5,0.0,0.0,2,41,,,,,
,,,,,2,41,0.45097994804382324,,,,
0.615148663520813,0.557894766330719,0.5,0.0,0.0,3,55,,,,,
,,,,,3,55,0.3785451352596283,,,,
0.6115546226501465,0.557894766330719,0.5,0.0,0.0,4,69,,,,,
,,,,,4,69,0.3048774003982544,,,,
,,,,,5,70,,0.5593220591545105,0.5,0.0,0.0
,,,,,5,70,,0.5593220591545105,0.5,0.0,0.0
,,,,,5,70,,0.5593220591545105,0.5,0.0,0.0
