val_loss,val_accuracy,val_auroc,val_precision,val_recall,epoch,step,train_loss,test_accuracy,test_auroc,test_precision,test_recall
0.6174963712692261,0.557894766330719,0.5,0.0,0.0,0,26,,,,,
,,,,,0,26,0.6350049376487732,,,,
0.6246967315673828,0.4421052634716034,0.5,0.4421052634716034,1.0,1,53,,,,,
,,,,,1,53,0.5100652575492859,,,,
0.5629392266273499,0.8105263113975525,0.8030098080635071,0.8157894611358643,0.738095223903656,2,80,,,,,
,,,,,2,80,0.36738720536231995,,,,
0.4543438255786896,0.800000011920929,0.7762802839279175,0.9599999785423279,0.5714285969734192,3,107,,,,,
,,,,,3,107,0.2989807426929474,,,,
0.40647417306900024,0.7894737124443054,0.7767295241355896,0.8235294818878174,0.6666666865348816,4,134,,,,,
,,,,,4,134,0.2660024166107178,,,,
,,,,,5,135,,0.7542372941970825,0.7527680397033691,0.7129629850387573,0.7403846383094788
,,,,,5,135,,0.7627118825912476,0.7603437900543213,0.7264150977134705,0.7403846383094788
,,,,,5,135,,0.7627118825912476,0.7603437900543213,0.7264150977134705,0.7403846383094788
