val_loss,val_accuracy,val_auroc,val_precision,val_recall,epoch,step,train_loss,test_accuracy,test_auroc,test_precision,test_recall
0.40853047370910645,0.8105263113975525,0.7881851196289062,0.9615384340286255,0.5952380895614624,0,26,,,,,
,,,,,0,26,0.43637701869010925,,,,
0.29865607619285583,0.8631578683853149,0.860062837600708,0.8536585569381714,0.8333333134651184,1,53,,,,,
,,,,,1,53,0.2997647225856781,,,,
0.36354872584342957,0.800000011920929,0.7886343002319336,0.8285714387893677,0.6904761791229248,2,80,,,,,
,,,,,2,80,0.2474961280822754,,,,
0.392643004655838,0.800000011920929,0.805929958820343,0.7346938848495483,0.8571428656578064,3,107,,,,,
,,,,,3,107,0.21089376509189606,,,,
,,,,,4,108,,0.8389830589294434,0.8458623886108398,0.7704917788505554,0.9038461446762085
,,,,,4,108,,0.8389830589294434,0.8458623886108398,0.7704917788505554,0.9038461446762085
,,,,,4,108,,0.7966101765632629,0.802884578704834,0.7295082211494446,0.8557692170143127
