val_loss,val_accuracy,val_auroc,val_precision,val_recall,epoch,step,train_loss,test_accuracy,test_auroc,test_precision,test_recall
0.9231624603271484,0.5052631497383118,0.5146001577377319,0.4545454680919647,0.5952380895614624,0,6,,,,,
,,,,,0,6,0.9651167392730713,,,,
0.9054207801818848,0.5052631497383118,0.5071877837181091,0.44897958636283875,0.523809552192688,1,13,,,,,
,,,,,1,13,0.9417641758918762,,,,
0.904484212398529,0.49473685026168823,0.4903414249420166,0.4318181872367859,0.4523809850215912,2,20,,,,,
,,,,,2,20,0.928115963935852,,,,
0.908697247505188,0.5157894492149353,0.5092093348503113,0.4523809850215912,0.4523809850215912,3,27,,,,,
,,,,,3,27,0.9242784380912781,,,,
0.910162091255188,0.5157894492149353,0.5092093348503113,0.4523809850215912,0.4523809850215912,4,34,,,,,
,,,,,4,34,0.9211277365684509,,,,
,,,,,5,35,,0.49152541160583496,0.4985431134700775,0.43939393758773804,0.557692289352417
,,,,,5,35,,0.4830508530139923,0.47159090638160706,0.40625,0.375
,,,,,5,35,,0.4830508530139923,0.4664919078350067,0.39534884691238403,0.32692307233810425
