val_loss,val_accuracy,val_auroc,val_precision,val_recall,epoch,step,train_loss,test_accuracy,test_auroc,test_precision,test_recall
0.9656381607055664,0.4421052634716034,0.5,0.4421052634716034,1.0,0,6,,,,,
,,,,,0,6,1.1935521364212036,,,,
0.8219469785690308,0.4421052634716034,0.5,0.4421052634716034,1.0,1,13,,,,,
,,,,,1,13,0.8687476515769958,,,,
0.8085193634033203,0.4421052634716034,0.5,0.4421052634716034,1.0,2,20,,,,,
,,,,,2,20,0.8367829918861389,,,,
0.7680048942565918,0.4421052634716034,0.5,0.4421052634716034,1.0,3,27,,,,,
,,,,,3,27,0.7455074191093445,,,,
0.7557530999183655,0.4421052634716034,0.5,0.4421052634716034,1.0,4,34,,,,,
,,,,,4,34,0.6638403534889221,,,,
,,,,,5,35,,0.4430379867553711,0.5,0.4430379867553711,1.0
,,,,,5,35,,0.4430379867553711,0.5,0.4430379867553711,1.0
,,,,,5,35,,0.4430379867553711,0.5,0.4430379867553711,1.0
