val_loss,val_accuracy,val_auroc,val_precision,val_recall,epoch,step,train_loss,test_accuracy,test_auroc,test_precision,test_recall
0.4517980217933655,0.7684210538864136,0.7504492402076721,0.8333333134651184,0.5952380895614624,0,13,,,,,
,,,,,0,13,0.45570454001426697,,,,
0.4094221293926239,0.7473683953285217,0.7365228533744812,0.75,0.6428571343421936,1,27,,,,,
,,,,,1,27,0.20871968567371368,,,,
0.4190211296081543,0.8105263113975525,0.8054806590080261,0.800000011920929,0.761904776096344,2,41,,,,,
,,,,,2,41,0.07102008908987045,,,,
0.43012356758117676,0.800000011920929,0.796046793460846,0.7804877758026123,0.761904776096344,3,55,,,,,
,,,,,3,55,0.02815079875290394,,,,
,,,,,4,56,,0.8432203531265259,0.8414918780326843,0.8190476298332214,0.8269230723381042
,,,,,4,56,,0.8305084705352783,0.8189103007316589,0.8720930218696594,0.7211538553237915
,,,,,4,56,,0.8516949415206909,0.8511072397232056,0.822429895401001,0.8461538553237915
