val_loss,val_accuracy,val_auroc,val_precision,val_recall,epoch,step,train_loss,test_accuracy,test_auroc,test_precision,test_recall
0.6197144389152527,0.4421052634716034,0.5,0.4421052634716034,1.0,0,6,,,,,
,,,,,0,6,0.6444687247276306,,,,
0.6031851172447205,0.4526315927505493,0.5094339847564697,0.44680851697921753,1.0,1,13,,,,,
,,,,,1,13,0.567323625087738,,,,
0.578694760799408,0.7157894968986511,0.7329290509223938,0.6271186470985413,0.8809523582458496,2,20,,,,,
,,,,,2,20,0.5110047459602356,,,,
0.5525639653205872,0.7789473533630371,0.7648246884346008,0.8181818127632141,0.6428571343421936,3,27,,,,,
,,,,,3,27,0.4642581045627594,,,,
,,,,,4,28,,0.8093220591545105,0.7938519716262817,0.8734177350997925,0.6634615659713745
,,,,,4,28,,0.8093220591545105,0.7938519716262817,0.8734177350997925,0.6634615659713745
,,,,,4,28,,0.8093220591545105,0.7938519716262817,0.8734177350997925,0.6634615659713745
