val_loss,val_accuracy,val_auroc,val_precision,val_recall,epoch,step,train_loss,test_accuracy,test_auroc,test_precision,test_recall
0.39404940605163574,0.8105263113975525,0.8153639435768127,0.75,0.8571428656578064,0,26,,,,,
,,,,,0,26,0.41531291604042053,,,,
0.35706332325935364,0.821052610874176,0.8223269581794739,0.7777778506278992,0.8333333134651184,1,53,,,,,
,,,,,1,53,0.18992316722869873,,,,
0.33620864152908325,0.821052610874176,0.8247978687286377,0.7659574747085571,0.8571428656578064,2,80,,,,,
,,,,,2,80,0.06721755117177963,,,,
0.42998746037483215,0.8315789699554443,0.8292902112007141,0.8095238208770752,0.8095238208770752,3,107,,,,,
,,,,,3,107,0.028743315488100052,,,,
,,,,,4,108,,0.8262711763381958,0.8142130374908447,0.8809523582458496,0.7047619223594666
,,,,,4,108,,0.8559321761131287,0.8560523986816406,0.8256880640983582,0.8571428656578064
,,,,,4,108,,0.8262711763381958,0.8142130374908447,0.8809523582458496,0.7047619223594666
