val_loss,val_accuracy,val_auroc,val_precision,val_recall,epoch,step,train_loss,test_accuracy,test_auroc,test_precision,test_recall
0.6150915026664734,0.557894766330719,0.5,0.0,0.0,0,13,,,,,
,,,,,0,13,0.6464650630950928,,,,
0.6150264739990234,0.557894766330719,0.5,0.0,0.0,1,27,,,,,
,,,,,1,27,0.550896406173706,,,,
0.6166645288467407,0.557894766330719,0.5,0.0,0.0,2,41,,,,,
,,,,,2,41,0.4773489832878113,,,,
0.6159472465515137,0.557894766330719,0.5,0.0,0.0,3,55,,,,,
,,,,,3,55,0.3737258017063141,,,,
0.6089523434638977,0.557894766330719,0.5,0.0,0.0,4,69,,,,,
,,,,,4,69,0.30828115344047546,,,,
,,,,,5,70,,0.5593220591545105,0.5,0.0,0.0
,,,,,5,70,,0.5593220591545105,0.5,0.0,0.0
,,,,,5,70,,0.5593220591545105,0.5,0.0,0.0
