val_loss,val_accuracy,val_auroc,val_precision,val_recall,epoch,step,train_loss,test_accuracy,test_auroc,test_precision,test_recall
0.6193146109580994,0.557894766330719,0.5,0.0,0.0,0,13,,,,,
,,,,,0,13,0.6312708258628845,,,,
0.6172604560852051,0.557894766330719,0.5,0.0,0.0,1,27,,,,,
,,,,,1,27,0.606276273727417,,,,
0.6160638928413391,0.557894766330719,0.5,0.0,0.0,2,41,,,,,
,,,,,2,41,0.6061734557151794,,,,
0.6152006983757019,0.557894766330719,0.5,0.0,0.0,3,55,,,,,
,,,,,3,55,0.5762796401977539,,,,
0.6146760582923889,0.557894766330719,0.5,0.0,0.0,4,69,,,,,
,,,,,4,69,0.5499058365821838,,,,
,,,,,5,70,,0.5593220591545105,0.5,0.0,0.0
,,,,,5,70,,0.5593220591545105,0.5,0.0,0.0
,,,,,5,70,,0.5593220591545105,0.5,0.0,0.0
