val_loss,val_accuracy,val_auroc,val_precision,val_recall,epoch,step,train_loss,test_accuracy,test_auroc,test_precision,test_recall
0.9566492438316345,0.5473684072494507,0.5251572728157043,0.48275861144065857,0.3333333432674408,0,26,,,,,
,,,,,0,26,0.9782134890556335,,,,
0.9391192197799683,0.4421052634716034,0.5,0.4421052634716034,1.0,1,53,,,,,
,,,,,1,53,0.9084185361862183,,,,
0.9375507831573486,0.4421052634716034,0.5,0.4421052634716034,1.0,2,80,,,,,
,,,,,2,80,0.8968215584754944,,,,
0.933866024017334,0.410526305437088,0.46181491017341614,0.42222222685813904,0.9047619700431824,3,107,,,,,
,,,,,3,107,0.8970109224319458,,,,
0.9777466058731079,0.46315789222717285,0.5114555358886719,0.4482758641242981,0.9285714626312256,4,134,,,,,
,,,,,4,134,0.8939090371131897,,,,
,,,,,5,135,,0.508474588394165,0.48258814215660095,0.4126984179019928,0.24761904776096344
,,,,,5,135,,0.4661017060279846,0.5162486433982849,0.4533333480358124,0.9714285731315613
,,,,,5,135,,0.4618644118309021,0.5105416178703308,0.45045045018196106,0.9523809552192688
