val_loss,val_accuracy,val_auroc,val_precision,val_recall,epoch,step,train_loss,test_accuracy,test_auroc,test_precision,test_recall
1.4616388082504272,0.42105263471603394,0.4761904776096344,0.4301075041294098,0.9523809552192688,0,13,,,,,
,,,,,0,13,1.535599708557129,,,,
1.3171753883361816,0.4000000059604645,0.44991013407707214,0.4157303273677826,0.8809523582458496,1,27,,,,,
,,,,,1,27,1.3683863878250122,,,,
1.1944421529769897,0.410526305437088,0.44699013233184814,0.41025638580322266,0.761904776096344,2,41,,,,,
,,,,,2,41,1.214645266532898,,,,
1.1039714813232422,0.410526305437088,0.4371069669723511,0.4000000059604645,0.6666666865348816,3,55,,,,,
,,,,,3,55,1.0901216268539429,,,,
1.0547866821289062,0.43157893419265747,0.44115006923675537,0.3928571343421936,0.523809552192688,4,69,,,,,
,,,,,4,69,1.0088822841644287,,,,
,,,,,5,70,,0.4449152648448944,0.49716466665267944,0.4434782564640045,0.9714285731315613
,,,,,5,70,,0.44915252923965454,0.46790260076522827,0.42138364911079407,0.6380952596664429
,,,,,5,70,,0.44915252923965454,0.46790260076522827,0.42138364911079407,0.6380952596664429
