val_loss,val_accuracy,val_auroc,val_precision,val_recall,epoch,step,train_loss,test_accuracy,test_auroc,test_precision,test_recall
0.622411847114563,0.4421052634716034,0.5,0.4421052634716034,1.0,0,13,,,,,
,,,,,0,13,0.6411129832267761,,,,
0.6231756806373596,0.4421052634716034,0.5,0.4421052634716034,1.0,1,27,,,,,
,,,,,1,27,0.6417887806892395,,,,
0.6235055327415466,0.4421052634716034,0.5,0.4421052634716034,1.0,2,41,,,,,
,,,,,2,41,0.6317921876907349,,,,
0.6238479614257812,0.4421052634716034,0.5,0.4421052634716034,1.0,3,55,,,,,
,,,,,3,55,0.6283630132675171,,,,
0.6232229471206665,0.4421052634716034,0.5,0.4421052634716034,1.0,4,69,,,,,
,,,,,4,69,0.6328514814376831,,,,
,,,,,5,70,,0.4449152648448944,0.5,0.4449152648448944,1.0
,,,,,5,70,,0.4449152648448944,0.5,0.4449152648448944,1.0
,,,,,5,70,,0.4449152648448944,0.5,0.4449152648448944,1.0
