val_loss,val_accuracy,val_auroc,val_precision,val_recall,epoch,step,train_loss,test_accuracy,test_auroc,test_precision,test_recall
0.4903884828090668,0.7368420958518982,0.724618136882782,0.7428570985794067,0.6190476417541504,0,26,,,,,
,,,,,0,26,0.5454874634742737,,,,
0.4115075469017029,0.800000011920929,0.7985174655914307,0.7674418687820435,0.7857142686843872,1,53,,,,,
,,,,,1,53,0.1972227245569229,,,,
0.39573997259140015,0.800000011920929,0.7861635684967041,0.8484848737716675,0.6666666865348816,2,80,,,,,
,,,,,2,80,0.07575613260269165,,,,
0.4206206202507019,0.821052610874176,0.8124438524246216,0.8378377556800842,0.738095223903656,3,107,,,,,
,,,,,3,107,0.02845008857548237,,,,
0.45781004428863525,0.800000011920929,0.7886343002319336,0.8285714387893677,0.6904761791229248,4,134,,,,,
,,,,,4,134,0.02032906748354435,,,,
,,,,,5,135,,0.7627118825912476,0.7593239545822144,0.7307692170143127,0.7307692170143127
,,,,,5,135,,0.7754237055778503,0.7645688056945801,0.7865168452262878,0.6730769276618958
,,,,,5,135,,0.7542372941970825,0.7446095943450928,0.75,0.6634615659713745
