val_loss,val_accuracy,val_auroc,val_precision,val_recall,epoch,step,train_loss,test_accuracy,test_auroc,test_precision,test_recall
0.3991321623325348,0.7789473533630371,0.7549417018890381,0.9200000166893005,0.5476190447807312,0,26,,,,,
,,,,,0,26,0.4325721859931946,,,,
0.4417366683483124,0.7684210538864136,0.7825696468353271,0.6785714626312256,0.9047619700431824,1,53,,,,,
,,,,,1,53,0.3148297369480133,,,,
0.388365238904953,0.8315789699554443,0.824348509311676,0.8421052694320679,0.761904776096344,2,80,,,,,
,,,,,2,80,0.25597521662712097,,,,
0.5293367505073547,0.7789473533630371,0.7623540163040161,0.8387095928192139,0.6190476417541504,3,107,,,,,
,,,,,3,107,0.20292489230632782,,,,
,,,,,4,108,,0.8270041942596436,0.819372296333313,0.8404255509376526,0.7523809671401978
,,,,,4,108,,0.8270041942596436,0.819372296333313,0.8404255509376526,0.7523809671401978
,,,,,4,108,,0.797468364238739,0.7821428775787354,0.8607594966888428,0.6476190686225891
