val_loss,val_accuracy,val_auroc,val_precision,val_recall,epoch,step,train_loss,test_accuracy,test_auroc,test_precision,test_recall
0.61777263879776,0.557894766330719,0.5,0.0,0.0,0,6,,,,,
,,,,,0,6,0.6550434231758118,,,,
0.6158467531204224,0.557894766330719,0.5,0.0,0.0,1,13,,,,,
,,,,,1,13,0.6084597110748291,,,,
0.6150801181793213,0.557894766330719,0.5,0.0,0.0,2,20,,,,,
,,,,,2,20,0.5500362515449524,,,,
0.6150813102722168,0.557894766330719,0.5,0.0,0.0,3,27,,,,,
,,,,,3,27,0.42824023962020874,,,,
0.615388810634613,0.557894766330719,0.5,0.0,0.0,4,34,,,,,
,,,,,4,34,0.3029307723045349,,,,
,,,,,5,35,,0.555084764957428,0.5,0.0,0.0
,,,,,5,35,,0.555084764957428,0.5,0.0,0.0
,,,,,5,35,,0.555084764957428,0.5,0.0,0.0
