val_loss,val_accuracy,val_auroc,val_precision,val_recall,epoch,step,train_loss,test_accuracy,test_auroc,test_precision,test_recall
0.6201562285423279,0.557894766330719,0.5,0.0,0.0,0,6,,,,,
,,,,,0,6,0.6345199942588806,,,,
0.6182475090026855,0.557894766330719,0.5,0.0,0.0,1,13,,,,,
,,,,,1,13,0.624178946018219,,,,
0.6172100305557251,0.557894766330719,0.5,0.0,0.0,2,20,,,,,
,,,,,2,20,0.6156501770019531,,,,
0.6173391342163086,0.557894766330719,0.5,0.0,0.0,3,27,,,,,
,,,,,3,27,0.6142696142196655,,,,
0.6170649528503418,0.557894766330719,0.5,0.0,0.0,4,34,,,,,
,,,,,4,34,0.6006354689598083,,,,
,,,,,5,35,,0.5593220591545105,0.5,0.0,0.0
,,,,,5,35,,0.5593220591545105,0.5,0.0,0.0
,,,,,5,35,,0.5593220591545105,0.5,0.0,0.0
