val_loss,val_accuracy,val_auroc,val_precision,val_recall,epoch,step,train_loss,test_accuracy,test_auroc,test_precision,test_recall
0.6035259962081909,0.6842105388641357,0.6453279256820679,0.9285714626312256,0.3095238208770752,0,6,,,,,
,,,,,0,6,0.6373220086097717,,,,
0.5703846216201782,0.7052631378173828,0.6716082692146301,0.8888888955116272,0.380952388048172,1,13,,,,,
,,,,,1,13,0.5591802597045898,,,,
0.5454748868942261,0.6947368383407593,0.6597035527229309,0.8823529481887817,0.3571428656578064,2,20,,,,,
,,,,,2,20,0.5053684115409851,,,,
0.5214340686798096,0.7052631378173828,0.6716082692146301,0.8888888955116272,0.380952388048172,3,27,,,,,
,,,,,3,27,0.46353286504745483,,,,
,,,,,4,28,,0.75527423620224,0.7247835397720337,0.9795918464660645,0.4571428596973419
,,,,,4,28,,0.7594936490058899,0.7285714745521545,1.0,0.4571428596973419
,,,,,4,28,,0.7594936490058899,0.7285714745521545,1.0,0.4571428596973419
