val_loss,val_accuracy,val_auroc,val_precision,val_recall,epoch,step,train_loss,test_accuracy,test_auroc,test_precision,test_recall
0.6172276139259338,0.557894766330719,0.5,0.0,0.0,0,6,,,,,
,,,,,0,6,0.6408514976501465,,,,
0.6156765222549438,0.557894766330719,0.5,0.0,0.0,1,13,,,,,
,,,,,1,13,0.6006739139556885,,,,
0.6154115796089172,0.557894766330719,0.5,0.0,0.0,2,20,,,,,
,,,,,2,20,0.4912809133529663,,,,
0.6153106689453125,0.557894766330719,0.5,0.0,0.0,3,27,,,,,
,,,,,3,27,0.3953268229961395,,,,
0.6150811910629272,0.557894766330719,0.5,0.0,0.0,4,34,,,,,
,,,,,4,34,0.3296317756175995,,,,
,,,,,5,35,,0.5593220591545105,0.5,0.0,0.0
,,,,,5,35,,0.5593220591545105,0.5,0.0,0.0
,,,,,5,35,,0.5593220591545105,0.5,0.0,0.0
