val_loss,val_accuracy,val_auroc,val_precision,val_recall,epoch,step,train_loss,test_accuracy,test_auroc,test_precision,test_recall
0.6156638264656067,0.557894766330719,0.5,0.0,0.0,0,26,,,,,
,,,,,0,26,0.6469017267227173,,,,
0.615477442741394,0.557894766330719,0.5,0.0,0.0,1,53,,,,,
,,,,,1,53,0.5263278484344482,,,,
0.5575228929519653,0.6842105388641357,0.6453279256820679,0.9285714626312256,0.3095238208770752,2,80,,,,,
,,,,,2,80,0.3830499053001404,,,,
0.43180856108665466,0.7789473533630371,0.7672956585884094,0.800000011920929,0.6666666865348816,3,107,,,,,
,,,,,3,107,0.3253078758716583,,,,
0.4333474338054657,0.7684210538864136,0.7529200315475464,0.8125,0.6190476417541504,4,134,,,,,
,,,,,4,134,0.27305060625076294,,,,
,,,,,5,135,,0.7796609997749329,0.7693930268287659,0.7977527976036072,0.6761904954910278
,,,,,5,135,,0.7796609997749329,0.7693930268287659,0.7977527976036072,0.6761904954910278
,,,,,5,135,,0.7966101765632629,0.7789894938468933,0.8904109597206116,0.6190476417541504
