val_loss,val_accuracy,val_auroc,val_precision,val_recall,epoch,step,train_loss,test_accuracy,test_auroc,test_precision,test_recall
0.61663818359375,0.557894766330719,0.5,0.0,0.0,0,13,,,,,
,,,,,0,13,0.6585009694099426,,,,
0.616073489189148,0.557894766330719,0.5,0.0,0.0,1,27,,,,,
,,,,,1,27,0.5746092200279236,,,,
0.61679607629776,0.557894766330719,0.5,0.0,0.0,2,41,,,,,
,,,,,2,41,0.47248950600624084,,,,
0.6149134635925293,0.557894766330719,0.5,0.0,0.0,3,55,,,,,
,,,,,3,55,0.3792836666107178,,,,
0.6040545701980591,0.557894766330719,0.5,0.0,0.0,4,69,,,,,
,,,,,4,69,0.30784115195274353,,,,
,,,,,5,70,,0.5593220591545105,0.5,0.0,0.0
,,,,,5,70,,0.5593220591545105,0.5,0.0,0.0
,,,,,5,70,,0.5593220591545105,0.5,0.0,0.0
