val_loss,val_accuracy,val_auroc,val_precision,val_recall,epoch,step,train_loss,test_accuracy,test_auroc,test_precision,test_recall
0.4327792227268219,0.7789473533630371,0.7524707913398743,0.95652174949646,0.523809552192688,0,13,,,,,
,,,,,0,13,0.47038552165031433,,,,
0.35707107186317444,0.8421052694320679,0.8214285373687744,1.0,0.6428571343421936,1,27,,,,,
,,,,,1,27,0.20041711628437042,,,,
0.34956398606300354,0.8631578683853149,0.8575921058654785,0.8717948794364929,0.8095238208770752,2,41,,,,,
,,,,,2,41,0.05981263145804405,,,,
0.38371598720550537,0.8315789699554443,0.816936194896698,0.90625,0.6904761791229248,3,55,,,,,
,,,,,3,55,0.0237995907664299,,,,
,,,,,4,56,,0.8220338821411133,0.8174534440040588,0.8100000023841858,0.7788461446762085
,,,,,4,56,,0.8220338821411133,0.8174534440040588,0.8100000023841858,0.7788461446762085
,,,,,4,56,,0.8432203531265259,0.8333333730697632,0.8764045238494873,0.75
