val_loss,val_accuracy,val_auroc,val_precision,val_recall,epoch,step,train_loss,test_accuracy,test_auroc,test_precision,test_recall
0.5828537940979004,0.6315789222717285,0.5858041644096375,0.8888888955116272,0.190476194024086,0,13,,,,,
,,,,,0,13,0.6060034036636353,,,,
0.5545884370803833,0.621052622795105,0.5738993287086487,0.875,0.1666666716337204,1,27,,,,,
,,,,,1,27,0.5004492998123169,,,,
0.5304496884346008,0.6631578803062439,0.6215183734893799,0.9166666865348816,0.261904776096344,2,41,,,,,
,,,,,2,41,0.43488478660583496,,,,
0.48851969838142395,0.7157894968986511,0.6810421347618103,0.9411764740943909,0.380952388048172,3,55,,,,,
,,,,,3,55,0.3800622820854187,,,,
,,,,,4,56,,0.7669491767883301,0.7376165390014648,0.9622641801834106,0.49038460850715637
,,,,,4,56,,0.7669491767883301,0.7376165390014648,0.9622641801834106,0.49038460850715637
,,,,,4,56,,0.7669491767883301,0.7376165390014648,0.9622641801834106,0.49038460850715637
