val_loss,val_accuracy,val_auroc,val_precision,val_recall,epoch,step,train_loss,test_accuracy,test_auroc,test_precision,test_recall
0.4903023838996887,0.7789473533630371,0.7623540163040161,0.8387095928192139,0.6190476417541504,0,26,,,,,
,,,,,0,26,0.410850465297699,,,,
0.44731420278549194,0.7894737124443054,0.7816711664199829,0.7894737124443054,0.7142857313156128,1,53,,,,,
,,,,,1,53,0.330867201089859,,,,
0.49785178899765015,0.7684210538864136,0.7529200315475464,0.8125,0.6190476417541504,2,80,,,,,
,,,,,2,80,0.24003839492797852,,,,
0.5006949305534363,0.7789473533630371,0.7771788239479065,0.7441861033439636,0.761904776096344,3,107,,,,,
,,,,,3,107,0.21515005826950073,,,,
,,,,,4,108,,0.8305084705352783,0.8250291347503662,0.8265306353569031,0.7788461446762085
,,,,,4,108,,0.8305084705352783,0.8250291347503662,0.8265306353569031,0.7788461446762085
,,,,,4,108,,0.8262711763381958,0.8355186581611633,0.748031497001648,0.9134615659713745
