val_loss,val_accuracy,val_auroc,val_precision,val_recall,epoch,step,train_loss,test_accuracy,test_auroc,test_precision,test_recall
0.6154487133026123,0.557894766330719,0.5,0.0,0.0,0,13,,,,,
,,,,,0,13,0.6588304042816162,,,,
0.615081250667572,0.557894766330719,0.5,0.0,0.0,1,27,,,,,
,,,,,1,27,0.6052563190460205,,,,
0.6154946684837341,0.557894766330719,0.5,0.0,0.0,2,41,,,,,
,,,,,2,41,0.5144892930984497,,,,
0.61501145362854,0.557894766330719,0.5,0.0,0.0,3,55,,,,,
,,,,,3,55,0.40835875272750854,,,,
0.6063730716705322,0.557894766330719,0.5,0.0,0.0,4,69,,,,,
,,,,,4,69,0.3560909926891327,,,,
,,,,,5,70,,0.5593220591545105,0.5,0.0,0.0
,,,,,5,70,,0.5593220591545105,0.5,0.0,0.0
,,,,,5,70,,0.5593220591545105,0.5,0.0,0.0
