val_loss,val_accuracy,val_auroc,val_precision,val_recall,epoch,step,train_loss,test_accuracy,test_auroc,test_precision,test_recall
1.1211917400360107,0.4842105209827423,0.5327942371368408,0.4597701132297516,0.9523809552192688,0,6,,,,,
,,,,,0,6,0.45419707894325256,,,,
0.886502206325531,0.6842105388641357,0.7095686793327332,0.5909090638160706,0.9285714626312256,1,13,,,,,
,,,,,1,13,0.28546053171157837,,,,
0.5450988411903381,0.800000011920929,0.7836927175521851,0.8709677457809448,0.6428571343421936,2,20,,,,,
,,,,,2,20,0.15890362858772278,,,,
0.6573057174682617,0.7894737124443054,0.7841419577598572,0.7749999761581421,0.738095223903656,3,27,,,,,
,,,,,3,27,0.07017853111028671,,,,
,,,,,4,28,,0.8389830589294434,0.8377040028572083,0.8113207817077637,0.8269230723381042
,,,,,4,28,,0.8559321761131287,0.8467366695404053,0.8888888955116272,0.7692307829856873
,,,,,4,28,,0.8389830589294434,0.8377040028572083,0.8113207817077637,0.8269230723381042
