val_loss,val_accuracy,val_auroc,val_precision,val_recall,epoch,step,train_loss,test_accuracy,test_auroc,test_precision,test_recall
0.5513574481010437,0.7263157963752747,0.6954177618026733,0.8999999761581421,0.4285714328289032,0,26,,,,,
,,,,,0,26,0.5541301369667053,,,,
0.4789891839027405,0.800000011920929,0.7787511944770813,0.9259259104728699,0.5952380895614624,1,53,,,,,
,,,,,1,53,0.44512617588043213,,,,
0.41961735486984253,0.8315789699554443,0.8144654631614685,0.9333332777023315,0.6666666865348816,2,80,,,,,
,,,,,2,80,0.3775339722633362,,,,
0.37619927525520325,0.8315789699554443,0.8144654631614685,0.9333332777023315,0.6666666865348816,3,107,,,,,
,,,,,3,107,0.31755244731903076,,,,
,,,,,4,108,,0.7796609997749329,0.7580516338348389,0.9076923727989197,0.561904788017273
,,,,,4,108,,0.8008474707603455,0.7818611264228821,0.9142857193946838,0.6095238327980042
,,,,,4,108,,0.8008474707603455,0.7818611264228821,0.9142857193946838,0.6095238327980042
