val_loss,val_accuracy,val_auroc,val_precision,val_recall,epoch,step,train_loss,test_accuracy,test_auroc,test_precision,test_recall
0.6178403496742249,0.557894766330719,0.5,0.0,0.0,0,6,,,,,
,,,,,0,6,0.6680980920791626,,,,
0.6168172359466553,0.557894766330719,0.5,0.0,0.0,1,13,,,,,
,,,,,1,13,0.6230331659317017,,,,
0.6154490113258362,0.557894766330719,0.5,0.0,0.0,2,20,,,,,
,,,,,2,20,0.5558927059173584,,,,
0.6152424216270447,0.557894766330719,0.5,0.0,0.0,3,27,,,,,
,,,,,3,27,0.4594883322715759,,,,
0.615145206451416,0.557894766330719,0.5,0.0,0.0,4,34,,,,,
,,,,,4,34,0.35032254457473755,,,,
,,,,,5,35,,0.5593220591545105,0.5,0.0,0.0
,,,,,5,35,,0.5593220591545105,0.5,0.0,0.0
,,,,,5,35,,0.5593220591545105,0.5,0.0,0.0
