val_loss,val_accuracy,val_auroc,val_precision,val_recall,epoch,step,train_loss,test_accuracy,test_auroc,test_precision,test_recall
0.6198227405548096,0.557894766330719,0.5,0.0,0.0,0,6,,,,,
,,,,,0,6,0.6352424025535583,,,,
0.6187377572059631,0.557894766330719,0.5,0.0,0.0,1,13,,,,,
,,,,,1,13,0.6158872246742249,,,,
0.6181572079658508,0.557894766330719,0.5,0.0,0.0,2,20,,,,,
,,,,,2,20,0.613557755947113,,,,
0.6177615523338318,0.557894766330719,0.5,0.0,0.0,3,27,,,,,
,,,,,3,27,0.6002447009086609,,,,
0.6171273589134216,0.557894766330719,0.5,0.0,0.0,4,34,,,,,
,,,,,4,34,0.6000330448150635,,,,
,,,,,5,35,,0.5593220591545105,0.5,0.0,0.0
,,,,,5,35,,0.5593220591545105,0.5,0.0,0.0
,,,,,5,35,,0.5593220591545105,0.5,0.0,0.0
