val_loss,val_accuracy,val_auroc,val_precision,val_recall,epoch,step,train_loss,test_accuracy,test_auroc,test_precision,test_recall
1.0747665166854858,0.5368421077728271,0.4959568977355957,0.4285714328289032,0.1428571492433548,0,13,,,,,
,,,,,0,13,1.1268583536148071,,,,
1.0072706937789917,0.4000000059604645,0.38814014196395874,0.3076923191547394,0.2857142984867096,1,27,,,,,
,,,,,1,27,0.9469820857048035,,,,
1.0026707649230957,0.4421052634716034,0.5,0.4421052634716034,1.0,2,41,,,,,
,,,,,2,41,0.9006890058517456,,,,
0.9975435137748718,0.4421052634716034,0.5,0.4421052634716034,1.0,3,55,,,,,
,,,,,3,55,0.8725125789642334,,,,
0.9900330901145935,0.4421052634716034,0.5,0.4421052634716034,1.0,4,69,,,,,
,,,,,4,69,0.8487489223480225,,,,
,,,,,5,70,,0.4449152648448944,0.5,0.4449152648448944,1.0
,,,,,5,70,,0.4449152648448944,0.5,0.4449152648448944,1.0
,,,,,5,70,,0.4449152648448944,0.5,0.4449152648448944,1.0
