val_loss,val_accuracy,val_auroc,val_precision,val_recall,epoch,step,train_loss,test_accuracy,test_auroc,test_precision,test_recall
0.6220095753669739,0.4421052634716034,0.5,0.4421052634716034,1.0,0,13,,,,,
,,,,,0,13,0.6406846046447754,,,,
0.6222929954528809,0.4421052634716034,0.5,0.4421052634716034,1.0,1,27,,,,,
,,,,,1,27,0.6365220546722412,,,,
0.6222305297851562,0.4421052634716034,0.5,0.4421052634716034,1.0,2,41,,,,,
,,,,,2,41,0.6309714913368225,,,,
0.621834933757782,0.4421052634716034,0.5,0.4421052634716034,1.0,3,55,,,,,
,,,,,3,55,0.6368082165718079,,,,
0.6221636533737183,0.4421052634716034,0.4950583875179291,0.4395604729652405,0.9523809552192688,4,69,,,,,
,,,,,4,69,0.636271595954895,,,,
,,,,,5,70,,0.4449152648448944,0.5,0.4449152648448944,1.0
,,,,,5,70,,0.4449152648448944,0.5,0.4449152648448944,1.0
,,,,,5,70,,0.43644067645072937,0.4819701910018921,0.43518519401550293,0.8952381610870361
