val_loss,val_accuracy,val_auroc,val_precision,val_recall,epoch,step,train_loss,test_accuracy,test_auroc,test_precision,test_recall
0.620653510093689,0.557894766330719,0.5,0.0,0.0,0,13,,,,,
,,,,,0,13,0.6417208313941956,,,,
0.6187671422958374,0.557894766330719,0.5,0.0,0.0,1,27,,,,,
,,,,,1,27,0.6262926459312439,,,,
0.6190735101699829,0.557894766330719,0.5,0.0,0.0,2,41,,,,,
,,,,,2,41,0.610651969909668,,,,
0.6169168949127197,0.557894766330719,0.5,0.0,0.0,3,55,,,,,
,,,,,3,55,0.5927290320396423,,,,
0.6153883337974548,0.557894766330719,0.5,0.0,0.0,4,69,,,,,
,,,,,4,69,0.5814312100410461,,,,
,,,,,5,70,,0.555084764957428,0.5,0.0,0.0
,,,,,5,70,,0.555084764957428,0.5,0.0,0.0
,,,,,5,70,,0.555084764957428,0.5,0.0,0.0
