val_loss,val_accuracy,val_auroc,val_precision,val_recall,epoch,step,train_loss,test_accuracy,test_auroc,test_precision,test_recall
0.6190110445022583,0.557894766330719,0.5,0.0,0.0,0,26,,,,,
,,,,,0,26,0.6623977422714233,,,,
0.6156241297721863,0.557894766330719,0.5,0.0,0.0,1,53,,,,,
,,,,,1,53,0.530137836933136,,,,
0.5725106596946716,0.5684210658073425,0.511904776096344,1.0,0.02380952425301075,2,80,,,,,
,,,,,2,80,0.376975417137146,,,,
0.44404956698417664,0.821052610874176,0.8075022101402283,0.8787878751754761,0.6904761791229248,3,107,,,,,
,,,,,3,107,0.33219999074935913,,,,
0.525770902633667,0.7473683953285217,0.738993763923645,0.7368420958518982,0.6666666865348816,4,134,,,,,
,,,,,4,134,0.23681770265102386,,,,
,,,,,5,135,,0.7763713002204895,0.754437267780304,0.8939393758773804,0.561904788017273
,,,,,5,135,,0.7763713002204895,0.754437267780304,0.8939393758773804,0.561904788017273
,,,,,5,135,,0.8101266026496887,0.7993506789207458,0.8409090042114258,0.7047619223594666
