val_loss,val_accuracy,val_auroc,val_precision,val_recall,epoch,step,train_loss,test_accuracy,test_auroc,test_precision,test_recall
0.5326459407806396,0.800000011920929,0.7787511944770813,0.9259259104728699,0.5952380895614624,0,26,,,,,
,,,,,0,26,0.617757260799408,,,,
0.46387866139411926,0.75789475440979,0.7311322093009949,0.9130435585975647,0.5,1,53,,,,,
,,,,,1,53,0.487338662147522,,,,
0.42195889353752136,0.800000011920929,0.7787511944770813,0.9259259104728699,0.5952380895614624,2,80,,,,,
,,,,,2,80,0.3990465998649597,,,,
0.3996703326702118,0.7894737124443054,0.7668463587760925,0.9230769276618958,0.5714285969734192,3,107,,,,,
,,,,,3,107,0.3425266742706299,,,,
,,,,,4,108,,0.7542372941970825,0.7333915829658508,0.8285714387893677,0.557692289352417
,,,,,4,108,,0.805084764957428,0.7870047092437744,0.8918918967247009,0.6346153616905212
,,,,,4,108,,0.805084764957428,0.7870047092437744,0.8918918967247009,0.6346153616905212
