val_loss,val_accuracy,val_auroc,val_precision,val_recall,epoch,step,train_loss,test_accuracy,test_auroc,test_precision,test_recall
0.5670661926269531,0.6842105388641357,0.6477987766265869,0.875,0.3333333432674408,0,13,,,,,
,,,,,0,13,0.592507541179657,,,,
0.5479949116706848,0.6842105388641357,0.6477987766265869,0.875,0.3333333432674408,1,27,,,,,
,,,,,1,27,0.4980067312717438,,,,
0.5136669874191284,0.6842105388641357,0.6502695679664612,0.8333333134651184,0.3571428656578064,2,41,,,,,
,,,,,2,41,0.43964505195617676,,,,
0.491994708776474,0.7157894968986511,0.6909254193305969,0.800000011920929,0.4761904776096344,3,55,,,,,
,,,,,3,55,0.3918449580669403,,,,
,,,,,4,56,,0.7510548233985901,0.7229437232017517,0.9259259104728699,0.476190447807312
,,,,,4,56,,0.7510548233985901,0.7229437232017517,0.9259259104728699,0.476190447807312
,,,,,4,56,,0.7510548233985901,0.7229437232017517,0.9259259104728699,0.476190447807312
