val_loss,val_accuracy,val_auroc,val_precision,val_recall,epoch,step,train_loss,test_accuracy,test_auroc,test_precision,test_recall
1.185955286026001,0.6000000238418579,0.639038622379303,0.5256410241127014,0.976190447807312,0,26,,,,,
,,,,,0,26,0.5331672430038452,,,,
0.62166827917099,0.7473683953285217,0.7365228533744812,0.75,0.6428571343421936,1,53,,,,,
,,,,,1,53,0.23383724689483643,,,,
1.2832964658737183,0.5684210658073425,0.6033243536949158,0.5066666603088379,0.9047619700431824,2,80,,,,,
,,,,,2,80,0.11910275369882584,,,,
1.4804267883300781,0.6947368383407593,0.6597035527229309,0.8823529481887817,0.3571428656578064,3,107,,,,,
,,,,,3,107,0.08911600708961487,,,,
1.0131797790527344,0.6947368383407593,0.6942946314811707,0.644444465637207,0.6904761791229248,4,134,,,,,
,,,,,4,134,0.08610491454601288,,,,
,,,,,5,135,,0.7881355881690979,0.7820512056350708,0.7755101919174194,0.7307692170143127
,,,,,5,135,,0.7881355881690979,0.7820512056350708,0.7755101919174194,0.7307692170143127
,,,,,5,135,,0.7627118825912476,0.7593239545822144,0.7307692170143127,0.7307692170143127
