val_loss,val_accuracy,val_auroc,val_precision,val_recall,epoch,step,train_loss,test_accuracy,test_auroc,test_precision,test_recall
0.6180164813995361,0.557894766330719,0.5,0.0,0.0,0,26,,,,,
,,,,,0,26,0.627773106098175,,,,
0.6169546842575073,0.557894766330719,0.5,0.0,0.0,1,53,,,,,
,,,,,1,53,0.5976439714431763,,,,
0.6108466982841492,0.557894766330719,0.5,0.0,0.0,2,80,,,,,
,,,,,2,80,0.557636559009552,,,,
0.5238847732543945,0.7157894968986511,0.6933962106704712,0.7777778506278992,0.5,3,107,,,,,
,,,,,3,107,0.4968622922897339,,,,
0.6101058125495911,0.7263157963752747,0.7102425694465637,0.75,0.5714285969734192,4,134,,,,,
,,,,,4,134,0.43804529309272766,,,,
,,,,,5,135,,0.7330508232116699,0.7226107120513916,0.7252747416496277,0.6346153616905212
,,,,,5,135,,0.7076271176338196,0.688665509223938,0.7333333492279053,0.5288461446762085
,,,,,5,135,,0.7330508232116699,0.7226107120513916,0.7252747416496277,0.6346153616905212
