val_loss,val_accuracy,val_auroc,val_precision,val_recall,epoch,step,train_loss,test_accuracy,test_auroc,test_precision,test_recall
0.9866289496421814,0.4421052634716034,0.5,0.4421052634716034,1.0,0,6,,,,,
,,,,,0,6,1.0746216773986816,,,,
1.025112271308899,0.4421052634716034,0.5,0.4421052634716034,1.0,1,13,,,,,
,,,,,1,13,0.993266761302948,,,,
0.9597133994102478,0.4421052634716034,0.5,0.4421052634716034,1.0,2,20,,,,,
,,,,,2,20,0.9545268416404724,,,,
0.9638458490371704,0.4421052634716034,0.5,0.4421052634716034,1.0,3,27,,,,,
,,,,,3,27,0.9500727653503418,,,,
0.9601026177406311,0.4421052634716034,0.5,0.4421052634716034,1.0,4,34,,,,,
,,,,,4,34,0.93572598695755,,,,
,,,,,5,35,,0.4406779706478119,0.5,0.4406779706478119,1.0
,,,,,5,35,,0.4406779706478119,0.5,0.4406779706478119,1.0
,,,,,5,35,,0.4406779706478119,0.5,0.4406779706478119,1.0
