val_loss,val_accuracy,val_auroc,val_precision,val_recall,epoch,step,train_loss,test_accuracy,test_auroc,test_precision,test_recall
0.6186404228210449,0.557894766330719,0.5,0.0,0.0,0,26,,,,,
,,,,,0,26,0.6300538778305054,,,,
0.6170013546943665,0.557894766330719,0.5,0.0,0.0,1,53,,,,,
,,,,,1,53,0.6009141802787781,,,,
0.6119307279586792,0.557894766330719,0.5,0.0,0.0,2,80,,,,,
,,,,,2,80,0.5601056218147278,,,,
0.585146427154541,0.6315789222717285,0.6105121374130249,0.6206896305084229,0.4285714328289032,3,107,,,,,
,,,,,3,107,0.5108130574226379,,,,
0.5977560877799988,0.6736842393875122,0.6581311821937561,0.6666666865348816,0.523809552192688,4,134,,,,,
,,,,,4,134,0.4533606767654419,,,,
,,,,,5,135,,0.6991525292396545,0.6872085332870483,0.6853932738304138,0.5865384340286255
,,,,,5,135,,0.694915235042572,0.6793415546417236,0.6951219439506531,0.5480769276618958
,,,,,5,135,,0.6991525292396545,0.6872085332870483,0.6853932738304138,0.5865384340286255
