val_loss,val_accuracy,val_auroc,val_precision,val_recall,epoch,step,train_loss,test_accuracy,test_auroc,test_precision,test_recall
0.8551380634307861,0.4421052634716034,0.5,0.4421052634716034,1.0,0,13,,,,,
,,,,,0,13,0.9043765068054199,,,,
0.8231781125068665,0.4421052634716034,0.5,0.4421052634716034,1.0,1,27,,,,,
,,,,,1,27,0.8786095380783081,,,,
0.819017767906189,0.5894736647605896,0.5876010656356812,0.5333333611488342,0.5714285969734192,2,41,,,,,
,,,,,2,41,0.8701236248016357,,,,
0.8188355565071106,0.5789473652839661,0.5756963491439819,0.5227272510528564,0.5476190447807312,3,55,,,,,
,,,,,3,55,0.8685005307197571,,,,
0.8189124464988708,0.5894736647605896,0.5876010656356812,0.5333333611488342,0.5714285969734192,4,69,,,,,
,,,,,4,69,0.8710668087005615,,,,
,,,,,5,70,,0.5211864113807678,0.5107808709144592,0.4536082446575165,0.42307692766189575
,,,,,5,70,,0.5254237055778503,0.5155885815620422,0.4591836631298065,0.4326923191547394
,,,,,5,70,,0.5254237055778503,0.5155885815620422,0.4591836631298065,0.4326923191547394
