val_loss,val_accuracy,val_auroc,val_precision,val_recall,epoch,step,train_loss,test_accuracy,test_auroc,test_precision,test_recall
0.6170546412467957,0.557894766330719,0.5,0.0,0.0,0,6,,,,,
,,,,,0,6,0.6445609331130981,,,,
0.6161143779754639,0.557894766330719,0.5,0.0,0.0,1,13,,,,,
,,,,,1,13,0.6104558110237122,,,,
0.6153426766395569,0.557894766330719,0.5,0.0,0.0,2,20,,,,,
,,,,,2,20,0.5205706357955933,,,,
0.6152373552322388,0.557894766330719,0.5,0.0,0.0,3,27,,,,,
,,,,,3,27,0.418931245803833,,,,
0.6152628064155579,0.557894766330719,0.5,0.0,0.0,4,34,,,,,
,,,,,4,34,0.33635619282722473,,,,
,,,,,5,35,,0.5593220591545105,0.5,0.0,0.0
,,,,,5,35,,0.5593220591545105,0.5,0.0,0.0
,,,,,5,35,,0.5593220591545105,0.5,0.0,0.0
