val_loss,val_accuracy,val_auroc,val_precision,val_recall,epoch,step,train_loss,test_accuracy,test_auroc,test_precision,test_recall
0.6224797964096069,0.4421052634716034,0.5,0.4421052634716034,1.0,0,26,,,,,
,,,,,0,26,0.6245245933532715,,,,
0.6221373081207275,0.4421052634716034,0.5,0.4421052634716034,1.0,1,53,,,,,
,,,,,1,53,0.5996198058128357,,,,
0.6188356876373291,0.5894736647605896,0.6246631145477295,0.5199999809265137,0.9285714626312256,2,80,,,,,
,,,,,2,80,0.5642355680465698,,,,
0.6265081167221069,0.6842105388641357,0.6848607063293457,0.6304348111152649,0.6904761791229248,3,107,,,,,
,,,,,3,107,0.509570300579071,,,,
0.8461098670959473,0.6947368383407593,0.6918239593505859,0.6511628031730652,0.6666666865348816,4,134,,,,,
,,,,,4,134,0.4618317782878876,,,,
,,,,,5,135,,0.7245762944221497,0.7140151262283325,0.7142857313156128,0.625
,,,,,5,135,,0.5211864113807678,0.5536130666732788,0.4751381278038025,0.8269230723381042
,,,,,5,135,,0.7245762944221497,0.7140151262283325,0.7142857313156128,0.625
