val_loss,val_accuracy,val_auroc,val_precision,val_recall,epoch,step,train_loss,test_accuracy,test_auroc,test_precision,test_recall
0.6193791031837463,0.557894766330719,0.5,0.0,0.0,0,13,,,,,
,,,,,0,13,0.6218578219413757,,,,
0.6171996593475342,0.557894766330719,0.5,0.0,0.0,1,27,,,,,
,,,,,1,27,0.6061679124832153,,,,
0.6160719394683838,0.557894766330719,0.5,0.0,0.0,2,41,,,,,
,,,,,2,41,0.5936955213546753,,,,
0.6159579753875732,0.557894766330719,0.5,0.0,0.0,3,55,,,,,
,,,,,3,55,0.5613182187080383,,,,
0.6149192452430725,0.557894766330719,0.5,0.0,0.0,4,69,,,,,
,,,,,4,69,0.5051010251045227,,,,
,,,,,5,70,,0.5569620132446289,0.5,0.0,0.0
,,,,,5,70,,0.5569620132446289,0.5,0.0,0.0
,,,,,5,70,,0.5569620132446289,0.5,0.0,0.0
