val_loss,val_accuracy,val_auroc,val_precision,val_recall,epoch,step,train_loss,test_accuracy,test_auroc,test_precision,test_recall
0.6186137199401855,0.557894766330719,0.5,0.0,0.0,0,26,,,,,
,,,,,0,26,0.6343203783035278,,,,
0.6184018850326538,0.557894766330719,0.5,0.0,0.0,1,53,,,,,
,,,,,1,53,0.6296441555023193,,,,
0.6179978251457214,0.557894766330719,0.5,0.0,0.0,2,80,,,,,
,,,,,2,80,0.6254844665527344,,,,
0.7063911557197571,0.5684210658073425,0.511904776096344,1.0,0.02380952425301075,3,107,,,,,
,,,,,3,107,0.6305885314941406,,,,
0.750950276851654,0.5368421077728271,0.4811321198940277,0.0,0.0,4,134,,,,,
,,,,,4,134,0.6232087016105652,,,,
,,,,,5,135,,0.5593220591545105,0.5020396113395691,0.5,0.01923076994717121
,,,,,5,135,,0.5593220591545105,0.5,0.0,0.0
,,,,,5,135,,0.5593220591545105,0.504079282283783,0.5,0.03846153989434242
