val_loss,val_accuracy,val_auroc,val_precision,val_recall,epoch,step,train_loss,test_accuracy,test_auroc,test_precision,test_recall
0.6183702349662781,0.557894766330719,0.5,0.0,0.0,0,13,,,,,
,,,,,0,13,0.6396209597587585,,,,
0.6158687472343445,0.557894766330719,0.5,0.0,0.0,1,27,,,,,
,,,,,1,27,0.5738275647163391,,,,
0.6156083345413208,0.557894766330719,0.5,0.0,0.0,2,41,,,,,
,,,,,2,41,0.4518810212612152,,,,
0.6150311827659607,0.557894766330719,0.5,0.0,0.0,3,55,,,,,
,,,,,3,55,0.36839988827705383,,,,
0.606101930141449,0.557894766330719,0.5,0.0,0.0,4,69,,,,,
,,,,,4,69,0.2997643053531647,,,,
,,,,,5,70,,0.5593220591545105,0.5,0.0,0.0
,,,,,5,70,,0.5635592937469482,0.504807710647583,1.0,0.009615384973585606
,,,,,5,70,,0.5635592937469482,0.504807710647583,1.0,0.009615384973585606
