val_loss,val_accuracy,val_auroc,val_precision,val_recall,epoch,step,train_loss,test_accuracy,test_auroc,test_precision,test_recall
0.6172098517417908,0.557894766330719,0.5,0.0,0.0,0,26,,,,,
,,,,,0,26,0.624192476272583,,,,
0.6173498034477234,0.557894766330719,0.5,0.0,0.0,1,53,,,,,
,,,,,1,53,0.608347475528717,,,,
0.6148471236228943,0.557894766330719,0.5,0.0,0.0,2,80,,,,,
,,,,,2,80,0.5907478332519531,,,,
0.553302526473999,0.6526315808296204,0.6145552396774292,0.800000011920929,0.2857142984867096,3,107,,,,,
,,,,,3,107,0.5356370210647583,,,,
0.49122685194015503,0.7052631378173828,0.7037286758422852,0.6590909361839294,0.6904761791229248,4,134,,,,,
,,,,,4,134,0.4977269768714905,,,,
,,,,,5,135,,0.6822034120559692,0.6730769276618958,0.6526315808296204,0.5961538553237915
,,,,,5,135,,0.6822034120559692,0.6730769276618958,0.6526315808296204,0.5961538553237915
,,,,,5,135,,0.6822034120559692,0.6730769276618958,0.6526315808296204,0.5961538553237915
