val_loss,val_accuracy,val_auroc,val_precision,val_recall,epoch,step,train_loss,test_accuracy,test_auroc,test_precision,test_recall
0.6230742931365967,0.4421052634716034,0.5,0.4421052634716034,1.0,0,26,,,,,
,,,,,0,26,0.6173108816146851,,,,
0.6198809146881104,0.557894766330719,0.5,0.0,0.0,1,53,,,,,
,,,,,1,53,0.6023533940315247,,,,
0.6133176684379578,0.557894766330719,0.5,0.0,0.0,2,80,,,,,
,,,,,2,80,0.5587302446365356,,,,
0.6121842265129089,0.6000000238418579,0.5846810340881348,0.5588235259056091,0.4523809850215912,3,107,,,,,
,,,,,3,107,0.4968332350254059,,,,
0.6072675585746765,0.6421052813529968,0.6298292875289917,0.6111111044883728,0.523809552192688,4,134,,,,,
,,,,,4,134,0.47023481130599976,,,,
,,,,,5,135,,0.7330508232116699,0.7195512652397156,0.7411764860153198,0.6057692170143127
,,,,,5,135,,0.7330508232116699,0.7195512652397156,0.7411764860153198,0.6057692170143127
,,,,,5,135,,0.7330508232116699,0.7195512652397156,0.7411764860153198,0.6057692170143127
