val_loss,val_accuracy,val_auroc,val_precision,val_recall,epoch,step,train_loss,test_accuracy,test_auroc,test_precision,test_recall
0.5633348226547241,0.7157894968986511,0.7131626605987549,0.6744186282157898,0.6904761791229248,0,6,,,,,
,,,,,0,6,0.49765828251838684,,,,
0.43066808581352234,0.7894737124443054,0.7742587327957153,0.84375,0.6428571343421936,1,13,,,,,
,,,,,1,13,0.253972589969635,,,,
0.42343536019325256,0.8105263113975525,0.8030098080635071,0.8157894611358643,0.738095223903656,2,20,,,,,
,,,,,2,20,0.11805130541324615,,,,
0.4262811243534088,0.8105263113975525,0.8054806590080261,0.800000011920929,0.761904776096344,3,27,,,,,
,,,,,3,27,0.04051448032259941,,,,
,,,,,4,28,,0.8177965879440308,0.8157050609588623,0.7904762029647827,0.7980769276618958
,,,,,4,28,,0.8008474707603455,0.7934148907661438,0.800000011920929,0.7307692170143127
,,,,,4,28,,0.8177965879440308,0.8157050609588623,0.7904762029647827,0.7980769276618958
