val_loss,val_accuracy,val_auroc,val_precision,val_recall,epoch,step,train_loss,test_accuracy,test_auroc,test_precision,test_recall
0.6209971904754639,0.557894766330719,0.5,0.0,0.0,0,6,,,,,
,,,,,0,6,0.6324162483215332,,,,
0.6206438541412354,0.557894766330719,0.5,0.0,0.0,1,13,,,,,
,,,,,1,13,0.6290203332901001,,,,
0.6205387711524963,0.557894766330719,0.5,0.0,0.0,2,20,,,,,
,,,,,2,20,0.6074800491333008,,,,
0.6201102137565613,0.557894766330719,0.5,0.0,0.0,3,27,,,,,
,,,,,3,27,0.6117123365402222,,,,
0.6200779676437378,0.557894766330719,0.5,0.0,0.0,4,34,,,,,
,,,,,4,34,0.587702214717865,,,,
,,,,,5,35,,0.5593220591545105,0.5,0.0,0.0
,,,,,5,35,,0.5593220591545105,0.5,0.0,0.0
,,,,,5,35,,0.5593220591545105,0.5,0.0,0.0
