val_loss,val_accuracy,val_auroc,val_precision,val_recall,epoch,step,train_loss,test_accuracy,test_auroc,test_precision,test_recall
0.576261043548584,0.7157894968986511,0.6835130453109741,0.8947368264198303,0.4047619104385376,0,13,,,,,
,,,,,0,13,0.616896390914917,,,,
0.5357180237770081,0.6736842393875122,0.6358940005302429,0.8666666746139526,0.3095238208770752,1,27,,,,,
,,,,,1,27,0.5169017910957336,,,,
0.509640634059906,0.7263157963752747,0.6954177618026733,0.8999999761581421,0.4285714328289032,2,41,,,,,
,,,,,2,41,0.45464998483657837,,,,
0.4726279675960541,0.75789475440979,0.7311322093009949,0.9130435585975647,0.5,3,55,,,,,
,,,,,3,55,0.40319663286209106,,,,
,,,,,4,56,,0.7805907130241394,0.7543290257453918,0.9649122953414917,0.523809552192688
,,,,,4,56,,0.7805907130241394,0.7543290257453918,0.9649122953414917,0.523809552192688
,,,,,4,56,,0.7805907130241394,0.7543290257453918,0.9649122953414917,0.523809552192688
