val_loss,val_accuracy,val_auroc,val_precision,val_recall,epoch,step,train_loss,test_accuracy,test_auroc,test_precision,test_recall
0.8643317222595215,0.5684210658073425,0.60579514503479,0.5064935088157654,0.9285714626312256,0,26,,,,,
,,,,,0,26,0.9074366688728333,,,,
0.8086548447608948,0.5263158082962036,0.5680593252182007,0.48148149251937866,0.9285714626312256,1,53,,,,,
,,,,,1,53,0.8577532768249512,,,,
0.7536484599113464,0.49473685026168823,0.5397573709487915,0.4642857313156128,0.9285714626312256,2,80,,,,,
,,,,,2,80,0.8085426688194275,,,,
0.7018006443977356,0.49473685026168823,0.5422282218933105,0.4651162922382355,0.9523809552192688,3,107,,,,,
,,,,,3,107,0.7626764178276062,,,,
0.6672930717468262,0.5052631497383118,0.5541329979896545,0.4712643623352051,0.976190447807312,4,134,,,,,
,,,,,4,134,0.72482830286026,,,,
,,,,,5,135,,0.5211864113807678,0.5469647645950317,0.4767441749572754,0.7809523940086365
,,,,,5,135,,0.4661017060279846,0.5077426433563232,0.4492753744125366,0.8857142925262451
,,,,,5,135,,0.4661017060279846,0.5077426433563232,0.4492753744125366,0.8857142925262451
