val_loss,val_accuracy,val_auroc,val_precision,val_recall,epoch,step,train_loss,test_accuracy,test_auroc,test_precision,test_recall
0.6180829405784607,0.557894766330719,0.5,0.0,0.0,0,26,,,,,
,,,,,0,26,0.6346254348754883,,,,
0.6160104870796204,0.557894766330719,0.5,0.0,0.0,1,53,,,,,
,,,,,1,53,0.5982547998428345,,,,
0.6123757362365723,0.557894766330719,0.5,0.0,0.0,2,80,,,,,
,,,,,2,80,0.5705299377441406,,,,
0.5346651673316956,0.6842105388641357,0.6576818823814392,0.75,0.4285714328289032,3,107,,,,,
,,,,,3,107,0.5140876173973083,,,,
0.5239483714103699,0.7052631378173828,0.6814914345741272,0.7692307829856873,0.4761904776096344,4,134,,,,,
,,,,,4,134,0.4893902838230133,,,,
,,,,,5,135,,0.741525411605835,0.7179487943649292,0.8307692408561707,0.5192307829856873
,,,,,5,135,,0.741525411605835,0.7179487943649292,0.8307692408561707,0.5192307829856873
,,,,,5,135,,0.741525411605835,0.7179487943649292,0.8307692408561707,0.5192307829856873
