val_loss,val_accuracy,val_auroc,val_precision,val_recall,epoch,step,train_loss,test_accuracy,test_auroc,test_precision,test_recall
0.8085314035415649,0.6000000238418579,0.5896226763725281,0.5526315569877625,0.5,0,26,,,,,
,,,,,0,26,0.8759809136390686,,,,
0.8295736312866211,0.4421052634716034,0.5,0.4421052634716034,1.0,1,53,,,,,
,,,,,1,53,0.8437267541885376,,,,
0.8022940158843994,0.4421052634716034,0.5,0.4421052634716034,1.0,2,80,,,,,
,,,,,2,80,0.8100202679634094,,,,
0.7827531695365906,0.38947367668151855,0.43059298396110535,0.40243902802467346,0.7857142686843872,3,107,,,,,
,,,,,3,107,0.7738509774208069,,,,
0.7621173858642578,0.35789474844932556,0.3849955201148987,0.3661971688270569,0.6190476417541504,4,134,,,,,
,,,,,4,134,0.725831151008606,,,,
,,,,,5,135,,0.5254237055778503,0.5043706297874451,0.44736841320991516,0.32692307233810425
,,,,,5,135,,0.3855932056903839,0.40996503829956055,0.3786982297897339,0.6153846383094788
,,,,,5,135,,0.3855932056903839,0.40996503829956055,0.3786982297897339,0.6153846383094788
