val_loss,val_accuracy,val_auroc,val_precision,val_recall,epoch,step,train_loss,test_accuracy,test_auroc,test_precision,test_recall
0.5281503796577454,0.7473683953285217,0.7216981053352356,0.875,0.5,0,26,,,,,
,,,,,0,26,0.5777393579483032,,,,
0.4586009085178375,0.7894737124443054,0.7668463587760925,0.9230769276618958,0.5714285969734192,1,53,,,,,
,,,,,1,53,0.4575640559196472,,,,
0.4218508005142212,0.800000011920929,0.7787511944770813,0.9259259104728699,0.5952380895614624,2,80,,,,,
,,,,,2,80,0.38462209701538086,,,,
0.3807735741138458,0.8105263113975525,0.795597493648529,0.875,0.6666666865348816,3,107,,,,,
,,,,,3,107,0.32187482714653015,,,,
,,,,,4,108,,0.8432203531265259,0.8294802308082581,0.925000011920929,0.7047619223594666
,,,,,4,108,,0.8432203531265259,0.8294802308082581,0.925000011920929,0.7047619223594666
,,,,,4,108,,0.8432203531265259,0.8294802308082581,0.925000011920929,0.7047619223594666
