val_loss,val_accuracy,val_auroc,val_precision,val_recall,epoch,step,train_loss,test_accuracy,test_auroc,test_precision,test_recall
0.6152849793434143,0.557894766330719,0.5,0.0,0.0,0,13,,,,,
,,,,,0,13,0.628983736038208,,,,
0.615616500377655,0.557894766330719,0.5,0.0,0.0,1,27,,,,,
,,,,,1,27,0.5352649092674255,,,,
0.6155276298522949,0.557894766330719,0.5,0.0,0.0,2,41,,,,,
,,,,,2,41,0.3899211287498474,,,,
0.6152170300483704,0.557894766330719,0.5,0.0,0.0,3,55,,,,,
,,,,,3,55,0.3156294822692871,,,,
0.6052311658859253,0.5684210658073425,0.511904776096344,1.0,0.02380952425301075,4,69,,,,,
,,,,,4,69,0.22324183583259583,,,,
,,,,,5,70,,0.5593220591545105,0.5,0.0,0.0
,,,,,5,70,,0.5593220591545105,0.5,0.0,0.0
,,,,,5,70,,0.5593220591545105,0.5,0.0,0.0
