val_loss,val_accuracy,val_auroc,val_precision,val_recall,epoch,step,train_loss,test_accuracy,test_auroc,test_precision,test_recall
0.5709565281867981,0.7368420958518982,0.7196765542030334,0.774193525314331,0.5714285969734192,0,13,,,,,
,,,,,0,13,0.6052131652832031,,,,
0.5213078260421753,0.7368420958518982,0.7023809552192688,1.0,0.4047619104385376,1,27,,,,,
,,,,,1,27,0.5095307230949402,,,,
0.4755393862724304,0.75789475440979,0.726190447807312,1.0,0.4523809850215912,2,41,,,,,
,,,,,2,41,0.4492303729057312,,,,
0.4332105219364166,0.7789473533630371,0.75,1.0,0.5,3,55,,,,,
,,,,,3,55,0.3998391628265381,,,,
,,,,,4,56,,0.7542372941970825,0.7272726893424988,0.8965517282485962,0.5
,,,,,4,56,,0.7542372941970825,0.7272726893424988,0.8965517282485962,0.5
,,,,,4,56,,0.7542372941970825,0.7272726893424988,0.8965517282485962,0.5
