val_loss,val_accuracy,val_auroc,val_precision,val_recall,epoch,step,train_loss,test_accuracy,test_auroc,test_precision,test_recall
0.5862256288528442,0.6315789222717285,0.6105121374130249,0.6206896305084229,0.4285714328289032,0,6,,,,,
,,,,,0,6,0.617928683757782,,,,
0.5647373795509338,0.6631578803062439,0.6190476417541504,1.0,0.2380952388048172,1,13,,,,,
,,,,,1,13,0.5412324666976929,,,,
0.5548849105834961,0.6631578803062439,0.6190476417541504,1.0,0.2380952388048172,2,20,,,,,
,,,,,2,20,0.4911090135574341,,,,
0.5437277555465698,0.6736842393875122,0.6309523582458496,1.0,0.261904776096344,3,27,,,,,
,,,,,3,27,0.44547706842422485,,,,
,,,,,4,28,,0.7754237055778503,0.752331018447876,0.892307698726654,0.557692289352417
,,,,,4,28,,0.7754237055778503,0.752331018447876,0.892307698726654,0.557692289352417
,,,,,4,28,,0.7754237055778503,0.752331018447876,0.892307698726654,0.557692289352417
