val_loss,val_accuracy,val_auroc,val_precision,val_recall,epoch,step,train_loss,test_accuracy,test_auroc,test_precision,test_recall
0.621006190776825,0.557894766330719,0.5,0.0,0.0,0,6,,,,,
,,,,,0,6,0.6327241659164429,,,,
0.6191224455833435,0.557894766330719,0.5,0.0,0.0,1,13,,,,,
,,,,,1,13,0.637989342212677,,,,
0.6185055375099182,0.557894766330719,0.5,0.0,0.0,2,20,,,,,
,,,,,2,20,0.6264690160751343,,,,
0.6178044080734253,0.557894766330719,0.5,0.0,0.0,3,27,,,,,
,,,,,3,27,0.6126329898834229,,,,
0.6171666979789734,0.557894766330719,0.5,0.0,0.0,4,34,,,,,
,,,,,4,34,0.5992078185081482,,,,
,,,,,5,35,,0.5593220591545105,0.5,0.0,0.0
,,,,,5,35,,0.5593220591545105,0.5,0.0,0.0
,,,,,5,35,,0.5593220591545105,0.5,0.0,0.0
