val_loss,val_accuracy,val_auroc,val_precision,val_recall,epoch,step,train_loss,test_accuracy,test_auroc,test_precision,test_recall
0.6203128695487976,0.557894766330719,0.5,0.0,0.0,0,6,,,,,
,,,,,0,6,0.6340190768241882,,,,
0.6195946335792542,0.557894766330719,0.5,0.0,0.0,1,13,,,,,
,,,,,1,13,0.6281061172485352,,,,
0.6193867921829224,0.557894766330719,0.5,0.0,0.0,2,20,,,,,
,,,,,2,20,0.6118787527084351,,,,
0.6184995174407959,0.557894766330719,0.5,0.0,0.0,3,27,,,,,
,,,,,3,27,0.6164723634719849,,,,
0.6173020005226135,0.557894766330719,0.5,0.0,0.0,4,34,,,,,
,,,,,4,34,0.597192645072937,,,,
,,,,,5,35,,0.5593220591545105,0.5,0.0,0.0
,,,,,5,35,,0.5593220591545105,0.5,0.0,0.0
,,,,,5,35,,0.5593220591545105,0.5,0.0,0.0
