val_loss,val_accuracy,val_auroc,val_precision,val_recall,epoch,step,train_loss,test_accuracy,test_auroc,test_precision,test_recall
0.6162726283073425,0.557894766330719,0.5,0.0,0.0,0,13,,,,,
,,,,,0,13,0.6583007574081421,,,,
0.6152653098106384,0.557894766330719,0.5,0.0,0.0,1,27,,,,,
,,,,,1,27,0.5720593333244324,,,,
0.6164946556091309,0.557894766330719,0.5,0.0,0.0,2,41,,,,,
,,,,,2,41,0.48683324456214905,,,,
0.6154482960700989,0.557894766330719,0.5,0.0,0.0,3,55,,,,,
,,,,,3,55,0.3732321560382843,,,,
0.6157606840133667,0.557894766330719,0.5,0.0,0.0,4,69,,,,,
,,,,,4,69,0.26069921255111694,,,,
,,,,,5,70,,0.5593220591545105,0.5,0.0,0.0
,,,,,5,70,,0.5593220591545105,0.5,0.0,0.0
,,,,,5,70,,0.5593220591545105,0.5,0.0,0.0
