val_loss,val_accuracy,val_auroc,val_precision,val_recall,epoch,step,train_loss,test_accuracy,test_auroc,test_precision,test_recall
0.5926290154457092,0.4421052634716034,0.49752914905548096,0.44086021184921265,0.976190447807312,0,6,,,,,
,,,,,0,6,0.6654632687568665,,,,
0.5473895072937012,0.75789475440979,0.7508984804153442,0.7435897588729858,0.6904761791229248,1,13,,,,,
,,,,,1,13,0.5824172496795654,,,,
0.5208867192268372,0.7894737124443054,0.7693171501159668,0.8928571343421936,0.5952380895614624,2,20,,,,,
,,,,,2,20,0.5209224820137024,,,,
0.4983978569507599,0.7894737124443054,0.764375627040863,0.9583333134651184,0.5476190447807312,3,27,,,,,
,,,,,3,27,0.4729324281215668,,,,
,,,,,4,28,,0.7838982939720154,0.7639860510826111,0.8732394576072693,0.5961538553237915
,,,,,4,28,,0.7711864113807678,0.7454836368560791,0.9166666865348816,0.5288461446762085
,,,,,4,28,,0.7711864113807678,0.7454836368560791,0.9166666865348816,0.5288461446762085
