val_loss,val_accuracy,val_auroc,val_precision,val_recall,epoch,step,train_loss,test_accuracy,test_auroc,test_precision,test_recall
0.6022207736968994,0.4526315927505493,0.5069631338119507,0.44565215706825256,0.976190447807312,0,13,,,,,
,,,,,0,13,1.4486055374145508,,,,
0.557894766330719,0.4421052634716034,0.5,0.4421052634716034,1.0,1,27,,,,,
,,,,,1,27,0.5601224899291992,,,,
0.557894766330719,0.4421052634716034,0.5,0.4421052634716034,1.0,2,41,,,,,
,,,,,2,41,0.5588235259056091,,,,
0.557894766330719,0.4421052634716034,0.5,0.4421052634716034,1.0,3,55,,,,,
,,,,,3,55,0.5588235259056091,,,,
0.557894766330719,0.4421052634716034,0.5,0.4421052634716034,1.0,4,69,,,,,
,,,,,4,69,0.5588235259056091,,,,
,,,,,5,70,,0.4449152648448944,0.499054878950119,0.4444444477558136,0.9904761910438538
,,,,,5,70,,0.4449152648448944,0.5,0.4449152648448944,1.0
,,,,,5,70,,0.4449152648448944,0.5,0.4449152648448944,1.0
