val_loss,val_accuracy,val_auroc,val_precision,val_recall,epoch,step,train_loss,test_accuracy,test_auroc,test_precision,test_recall
0.6211614608764648,0.557894766330719,0.5,0.0,0.0,0,6,,,,,
,,,,,0,6,0.6388111114501953,,,,
0.6207485795021057,0.557894766330719,0.5,0.0,0.0,1,13,,,,,
,,,,,1,13,0.6297439336776733,,,,
0.6204289197921753,0.557894766330719,0.5,0.0,0.0,2,20,,,,,
,,,,,2,20,0.6169264316558838,,,,
0.6198341846466064,0.557894766330719,0.5,0.0,0.0,3,27,,,,,
,,,,,3,27,0.6117910146713257,,,,
0.618971586227417,0.557894766330719,0.5,0.0,0.0,4,34,,,,,
,,,,,4,34,0.6037048101425171,,,,
,,,,,5,35,,0.555084764957428,0.5,0.0,0.0
,,,,,5,35,,0.555084764957428,0.5,0.0,0.0
,,,,,5,35,,0.555084764957428,0.5,0.0,0.0
