val_loss,val_accuracy,val_auroc,val_precision,val_recall,epoch,step,train_loss,test_accuracy,test_auroc,test_precision,test_recall
0.9173257350921631,0.4421052634716034,0.5,0.4421052634716034,1.0,0,26,,,,,
,,,,,0,26,0.9468380808830261,,,,
0.8445371389389038,0.4421052634716034,0.5,0.4421052634716034,1.0,1,53,,,,,
,,,,,1,53,0.7512239217758179,,,,
0.8030017018318176,0.4421052634716034,0.5,0.4421052634716034,1.0,2,80,,,,,
,,,,,2,80,0.655383825302124,,,,
0.7589271664619446,0.4421052634716034,0.4851751923561096,0.4337349236011505,0.8571428656578064,3,107,,,,,
,,,,,3,107,0.5235395431518555,,,,
0.990175724029541,0.378947377204895,0.3989218473434448,0.3692307770252228,0.5714285969734192,4,134,,,,,
,,,,,4,134,0.41321930289268494,,,,
,,,,,5,135,,0.4406779706478119,0.5,0.4406779706478119,1.0
,,,,,5,135,,0.35593220591545105,0.3987470865249634,0.38349512219429016,0.7596153616905212
,,,,,5,135,,0.3305084705352783,0.3505244851112366,0.3333333432674408,0.5192307829856873
