val_loss,val_accuracy,val_auroc,val_precision,val_recall,epoch,step,train_loss,test_accuracy,test_auroc,test_precision,test_recall
0.6200112104415894,0.557894766330719,0.5,0.0,0.0,0,26,,,,,
,,,,,0,26,0.6239770650863647,,,,
0.6190739274024963,0.557894766330719,0.5,0.0,0.0,1,53,,,,,
,,,,,1,53,0.6005750298500061,,,,
0.6157210469245911,0.5684210658073425,0.511904776096344,1.0,0.02380952425301075,2,80,,,,,
,,,,,2,80,0.5743505358695984,,,,
0.5573360323905945,0.6526315808296204,0.6417340040206909,0.6216216087341309,0.5476190447807312,3,107,,,,,
,,,,,3,107,0.5290878415107727,,,,
0.52506023645401,0.6842105388641357,0.6700359582901001,0.6764705181121826,0.5476190447807312,4,134,,,,,
,,,,,4,134,0.4814034402370453,,,,
,,,,,5,135,,0.7076271176338196,0.6988635659217834,0.6842105388641357,0.625
,,,,,5,135,,0.7076271176338196,0.6988635659217834,0.6842105388641357,0.625
,,,,,5,135,,0.7076271176338196,0.6988635659217834,0.6842105388641357,0.625
