val_loss,val_accuracy,val_auroc,val_precision,val_recall,epoch,step,train_loss,test_accuracy,test_auroc,test_precision,test_recall
0.6195135116577148,0.557894766330719,0.5,0.0,0.0,0,6,,,,,
,,,,,0,6,0.62799471616745,,,,
0.6180036067962646,0.557894766330719,0.5,0.0,0.0,1,13,,,,,
,,,,,1,13,0.6237835884094238,,,,
0.6175925135612488,0.557894766330719,0.5,0.0,0.0,2,20,,,,,
,,,,,2,20,0.6215888261795044,,,,
0.6171450614929199,0.557894766330719,0.5,0.0,0.0,3,27,,,,,
,,,,,3,27,0.6139627695083618,,,,
0.6166357398033142,0.557894766330719,0.5,0.0,0.0,4,34,,,,,
,,,,,4,34,0.6082237958908081,,,,
,,,,,5,35,,0.5593220591545105,0.5,0.0,0.0
,,,,,5,35,,0.5593220591545105,0.5,0.0,0.0
,,,,,5,35,,0.5593220591545105,0.5,0.0,0.0
