val_loss,val_accuracy,val_auroc,val_precision,val_recall,epoch,step,train_loss,test_accuracy,test_auroc,test_precision,test_recall
0.6191453337669373,0.557894766330719,0.5,0.0,0.0,0,13,,,,,
,,,,,0,13,0.6287814974784851,,,,
0.6176865100860596,0.557894766330719,0.5,0.0,0.0,1,27,,,,,
,,,,,1,27,0.6145742535591125,,,,
0.617102324962616,0.557894766330719,0.5,0.0,0.0,2,41,,,,,
,,,,,2,41,0.6130468845367432,,,,
0.6173713803291321,0.557894766330719,0.5,0.0,0.0,3,55,,,,,
,,,,,3,55,0.6039112210273743,,,,
0.6169657707214355,0.557894766330719,0.5,0.0,0.0,4,69,,,,,
,,,,,4,69,0.5784218311309814,,,,
,,,,,5,70,,0.5593220591545105,0.5,0.0,0.0
,,,,,5,70,,0.5593220591545105,0.5,0.0,0.0
,,,,,5,70,,0.5593220591545105,0.5,0.0,0.0
