val_loss,val_accuracy,val_auroc,val_precision,val_recall,epoch,step,train_loss,test_accuracy,test_auroc,test_precision,test_recall
0.6183306574821472,0.557894766330719,0.5,0.0,0.0,0,13,,,,,
,,,,,0,13,0.6288399696350098,,,,
0.61658775806427,0.557894766330719,0.5,0.0,0.0,1,27,,,,,
,,,,,1,27,0.6137372851371765,,,,
0.6170094609260559,0.557894766330719,0.5,0.0,0.0,2,41,,,,,
,,,,,2,41,0.6150528788566589,,,,
0.6162732243537903,0.557894766330719,0.5,0.0,0.0,3,55,,,,,
,,,,,3,55,0.6055908799171448,,,,
0.6158990859985352,0.557894766330719,0.5,0.0,0.0,4,69,,,,,
,,,,,4,69,0.5867423415184021,,,,
,,,,,5,70,,0.5593220591545105,0.5,0.0,0.0
,,,,,5,70,,0.5593220591545105,0.5,0.0,0.0
,,,,,5,70,,0.5593220591545105,0.5,0.0,0.0
