val_loss,val_accuracy,val_auroc,val_precision,val_recall,epoch,step,train_loss,test_accuracy,test_auroc,test_precision,test_recall
0.6460157036781311,0.557894766330719,0.5,0.0,0.0,0,13,,,,,
,,,,,0,13,0.7074316143989563,,,,
0.6277279853820801,0.5368421077728271,0.4811321198940277,0.0,0.0,1,27,,,,,
,,,,,1,27,0.6651701927185059,,,,
0.6369525790214539,0.5052631497383118,0.46518421173095703,0.3333333432674408,0.1190476194024086,2,41,,,,,
,,,,,2,41,0.6532111763954163,,,,
0.6485429406166077,0.5368421077728271,0.5008984804153442,0.4444444477558136,0.190476194024086,3,55,,,,,
,,,,,3,55,0.6297537684440613,,,,
0.6457608342170715,0.5894736647605896,0.5579514503479004,0.5714285969734192,0.2857142984867096,4,69,,,,,
,,,,,4,69,0.631890594959259,,,,
,,,,,5,70,,0.5611814260482788,0.5320346355438232,0.5087719559669495,0.27619048953056335
,,,,,5,70,,0.5485231876373291,0.49242424964904785,0.0,0.0
,,,,,5,70,,0.5611814260482788,0.5320346355438232,0.5087719559669495,0.27619048953056335
