val_loss,val_accuracy,val_auroc,val_precision,val_recall,epoch,step,train_loss,test_accuracy,test_auroc,test_precision,test_recall
0.3841921389102936,0.8315789699554443,0.824348509311676,0.8421052694320679,0.761904776096344,0,26,,,,,
,,,,,0,26,0.41429755091667175,,,,
0.41289442777633667,0.8105263113975525,0.8054806590080261,0.800000011920929,0.761904776096344,1,53,,,,,
,,,,,1,53,0.29627740383148193,,,,
0.3886362314224243,0.821052610874176,0.8050314784049988,0.9032257795333862,0.6666666865348816,2,80,,,,,
,,,,,2,80,0.24981054663658142,,,,
0.48348110914230347,0.6947368383407593,0.7115903496742249,0.6101694703102112,0.8571428656578064,3,107,,,,,
,,,,,3,107,0.2243119478225708,,,,
,,,,,4,108,,0.8347457647323608,0.8209015130996704,0.9125000238418579,0.6952381730079651
,,,,,4,108,,0.8347457647323608,0.8209015130996704,0.9125000238418579,0.6952381730079651
,,,,,4,108,,0.758474588394165,0.765430748462677,0.6904761791229248,0.8285714387893677
