val_loss,val_accuracy,val_auroc,val_precision,val_recall,epoch,step,train_loss,test_accuracy,test_auroc,test_precision,test_recall
0.6185846924781799,0.557894766330719,0.5,0.0,0.0,0,13,,,,,
,,,,,0,13,0.6423078179359436,,,,
0.6152106523513794,0.557894766330719,0.5,0.0,0.0,1,27,,,,,
,,,,,1,27,0.5448993444442749,,,,
0.6154882311820984,0.557894766330719,0.5,0.0,0.0,2,41,,,,,
,,,,,2,41,0.42021676898002625,,,,
0.6151409149169922,0.557894766330719,0.5,0.0,0.0,3,55,,,,,
,,,,,3,55,0.3419497609138489,,,,
0.6029390096664429,0.557894766330719,0.5,0.0,0.0,4,69,,,,,
,,,,,4,69,0.2594168782234192,,,,
,,,,,5,70,,0.5569620132446289,0.5,0.0,0.0
,,,,,5,70,,0.5569620132446289,0.5,0.0,0.0
,,,,,5,70,,0.5569620132446289,0.5,0.0,0.0
