val_loss,val_accuracy,val_auroc,val_precision,val_recall,epoch,step,train_loss,test_accuracy,test_auroc,test_precision,test_recall
0.6161972880363464,0.557894766330719,0.5,0.0,0.0,0,6,,,,,
,,,,,0,6,0.650599479675293,,,,
0.6150946021080017,0.557894766330719,0.5,0.0,0.0,1,13,,,,,
,,,,,1,13,0.5833700299263,,,,
0.6151422262191772,0.557894766330719,0.5,0.0,0.0,2,20,,,,,
,,,,,2,20,0.49240052700042725,,,,
0.6149715781211853,0.557894766330719,0.5,0.0,0.0,3,27,,,,,
,,,,,3,27,0.4117991626262665,,,,
0.6169588565826416,0.557894766330719,0.5,0.0,0.0,4,34,,,,,
,,,,,4,34,0.3361170291900635,,,,
,,,,,5,35,,0.5593220591545105,0.5,0.0,0.0
,,,,,5,35,,0.5593220591545105,0.5,0.0,0.0
,,,,,5,35,,0.5593220591545105,0.5,0.0,0.0
