val_loss,val_accuracy,val_auroc,val_precision,val_recall,epoch,step,train_loss,test_accuracy,test_auroc,test_precision,test_recall
0.9920701384544373,0.4736842215061188,0.466531902551651,0.4047619104385376,0.4047619104385376,0,26,,,,,
,,,,,0,26,1.078323245048523,,,,
0.984790027141571,0.4421052634716034,0.5,0.4421052634716034,1.0,1,53,,,,,
,,,,,1,53,0.9503059387207031,,,,
0.9713913202285767,0.4421052634716034,0.5,0.4421052634716034,1.0,2,80,,,,,
,,,,,2,80,0.9188989996910095,,,,
0.9098842144012451,0.2631579041481018,0.2852650284767151,0.29411765933036804,0.4761904776096344,3,107,,,,,
,,,,,3,107,0.8592222332954407,,,,
0.8839766383171082,0.2947368323802948,0.32345014810562134,0.3287671208381653,0.5714285969734192,4,134,,,,,
,,,,,4,134,0.8335859775543213,,,,
,,,,,5,135,,0.4430379867553711,0.5,0.4430379867553711,1.0
,,,,,5,135,,0.350210964679718,0.3777056336402893,0.3631284832954407,0.6190476417541504
,,,,,5,135,,0.350210964679718,0.3777056336402893,0.3631284832954407,0.6190476417541504
