val_loss,val_accuracy,val_auroc,val_precision,val_recall,epoch,step,train_loss,test_accuracy,test_auroc,test_precision,test_recall
0.6267796754837036,0.557894766330719,0.5,0.0,0.0,0,6,,,,,
,,,,,0,6,0.8383982181549072,,,,
0.6554544568061829,0.4421052634716034,0.5,0.4421052634716034,1.0,1,13,,,,,
,,,,,1,13,0.5783462524414062,,,,
1.2799259424209595,0.4421052634716034,0.5,0.4421052634716034,1.0,2,20,,,,,
,,,,,2,20,0.40201103687286377,,,,
2.197056531906128,0.4526315927505493,0.5094339847564697,0.44680851697921753,1.0,3,27,,,,,
,,,,,3,27,0.2644544839859009,,,,
1.9015580415725708,0.4736842215061188,0.5233602523803711,0.4545454680919647,0.9523809552192688,4,34,,,,,
,,,,,4,34,0.16532965004444122,,,,
,,,,,5,35,,0.5105485320091248,0.5586580038070679,0.4746543765068054,0.9809523820877075
,,,,,5,35,,0.5569620132446289,0.5,0.0,0.0
,,,,,5,35,,0.5105485320091248,0.5586580038070679,0.4746543765068054,0.9809523820877075
