val_loss,val_accuracy,val_auroc,val_precision,val_recall,epoch,step,train_loss,test_accuracy,test_auroc,test_precision,test_recall
0.5635004043579102,0.7368420958518982,0.7196765542030334,0.774193525314331,0.5714285969734192,0,13,,,,,
,,,,,0,13,0.5704297423362732,,,,
0.5186464190483093,0.7473683953285217,0.7142857313156128,1.0,0.4285714328289032,1,27,,,,,
,,,,,1,27,0.480013370513916,,,,
0.4863390326499939,0.75789475440979,0.726190447807312,1.0,0.4523809850215912,2,41,,,,,
,,,,,2,41,0.4284808039665222,,,,
0.44687187671661377,0.7789473533630371,0.75,1.0,0.5,3,55,,,,,
,,,,,3,55,0.3741989731788635,,,,
,,,,,4,56,,0.7457627058029175,0.7171210646629333,0.9411764740943909,0.4571428596973419
,,,,,4,56,,0.7457627058029175,0.7171210646629333,0.9411764740943909,0.4571428596973419
,,,,,4,56,,0.7457627058029175,0.7171210646629333,0.9411764740943909,0.4571428596973419
