val_loss,val_accuracy,val_auroc,val_precision,val_recall,epoch,step,train_loss,test_accuracy,test_auroc,test_precision,test_recall
0.618682861328125,0.557894766330719,0.5,0.0,0.0,0,6,,,,,
,,,,,0,6,0.6521536111831665,,,,
0.6160759925842285,0.557894766330719,0.5,0.0,0.0,1,13,,,,,
,,,,,1,13,0.5826854109764099,,,,
0.6159768104553223,0.557894766330719,0.5,0.0,0.0,2,20,,,,,
,,,,,2,20,0.5072236657142639,,,,
0.6152524948120117,0.557894766330719,0.5,0.0,0.0,3,27,,,,,
,,,,,3,27,0.3957921266555786,,,,
0.6153426766395569,0.557894766330719,0.5,0.0,0.0,4,34,,,,,
,,,,,4,34,0.34262803196907043,,,,
,,,,,5,35,,0.5569620132446289,0.5,0.0,0.0
,,,,,5,35,,0.5569620132446289,0.5,0.0,0.0
,,,,,5,35,,0.5569620132446289,0.5,0.0,0.0
