val_loss,val_accuracy,val_auroc,val_precision,val_recall,epoch,step,train_loss,test_accuracy,test_auroc,test_precision,test_recall
0.6200101375579834,0.557894766330719,0.5,0.0,0.0,0,6,,,,,
,,,,,0,6,0.6329074501991272,,,,
0.6194196343421936,0.557894766330719,0.5,0.0,0.0,1,13,,,,,
,,,,,1,13,0.6362016797065735,,,,
0.61895751953125,0.557894766330719,0.5,0.0,0.0,2,20,,,,,
,,,,,2,20,0.6210758686065674,,,,
0.618699848651886,0.557894766330719,0.5,0.0,0.0,3,27,,,,,
,,,,,3,27,0.6313791871070862,,,,
0.6183897852897644,0.557894766330719,0.5,0.0,0.0,4,34,,,,,
,,,,,4,34,0.6336904764175415,,,,
,,,,,5,35,,0.5593220591545105,0.5,0.0,0.0
,,,,,5,35,,0.5593220591545105,0.5,0.0,0.0
,,,,,5,35,,0.5593220591545105,0.5,0.0,0.0
