val_loss,val_accuracy,val_auroc,val_precision,val_recall,epoch,step,train_loss,test_accuracy,test_auroc,test_precision,test_recall
0.38198012113571167,0.8315789699554443,0.8144654631614685,0.9333332777023315,0.6666666865348816,0,26,,,,,
,,,,,0,26,0.44063159823417664,,,,
0.3159978985786438,0.8947368264198303,0.8908355832099915,0.8999999761581421,0.8571428656578064,1,53,,,,,
,,,,,1,53,0.18312564492225647,,,,
0.3578833341598511,0.8736842274665833,0.8719676733016968,0.8571428656578064,0.8571428656578064,2,80,,,,,
,,,,,2,80,0.06406531482934952,,,,
0.38477033376693726,0.8421052694320679,0.83625328540802,0.8461537957191467,0.7857142686843872,3,107,,,,,
,,,,,3,107,0.03548883646726608,,,,
,,,,,4,108,,0.8270041942596436,0.8222944140434265,0.8199999928474426,0.7809523940086365
,,,,,4,108,,0.8270041942596436,0.8222944140434265,0.8199999928474426,0.7809523940086365
,,,,,4,108,,0.8143460154533386,0.8080087304115295,0.8144329786300659,0.7523809671401978
