val_loss,val_accuracy,val_auroc,val_precision,val_recall,epoch,step,train_loss,test_accuracy,test_auroc,test_precision,test_recall
0.6212665438652039,0.6736842393875122,0.6433063745498657,0.761904776096344,0.380952388048172,0,26,,,,,
,,,,,0,26,0.5480626225471497,,,,
0.6249318718910217,0.6842105388641357,0.6749775409698486,0.6578947305679321,0.5952380895614624,1,53,,,,,
,,,,,1,53,0.377188116312027,,,,
0.6625056862831116,0.7157894968986511,0.7156334519386292,0.6666666865348816,0.7142857313156128,2,80,,,,,
,,,,,2,80,0.32506057620048523,,,,
0.4675949811935425,0.8421052694320679,0.831311821937561,0.8857142925262451,0.738095223903656,3,107,,,,,
,,,,,3,107,0.28123998641967773,,,,
0.5028196573257446,0.7894737124443054,0.764375627040863,0.9583333134651184,0.5476190447807312,4,134,,,,,
,,,,,4,134,0.2928394377231598,,,,
,,,,,5,135,,0.8389830589294434,0.8397436141967773,0.800000011920929,0.8461538553237915
,,,,,5,135,,0.8389830589294434,0.8397436141967773,0.800000011920929,0.8461538553237915
,,,,,5,135,,0.8177965879440308,0.8004079461097717,0.9066666960716248,0.6538461446762085
