val_loss,val_accuracy,val_auroc,val_precision,val_recall,epoch,step,train_loss,test_accuracy,test_auroc,test_precision,test_recall
0.6186959743499756,0.557894766330719,0.5,0.0,0.0,0,26,,,,,
,,,,,0,26,0.6390805840492249,,,,
0.6150066256523132,0.557894766330719,0.5,0.0,0.0,1,53,,,,,
,,,,,1,53,0.4979357123374939,,,,
0.5973522067070007,0.5473684072494507,0.49056604504585266,0.0,0.0,2,80,,,,,
,,,,,2,80,0.39654985070228577,,,,
0.5245227217674255,0.6736842393875122,0.6704851388931274,0.6279069781303406,0.6428571343421936,3,107,,,,,
,,,,,3,107,0.32456812262535095,,,,
0.5568021535873413,0.7789473533630371,0.7771788239479065,0.7441861033439636,0.761904776096344,4,134,,,,,
,,,,,4,134,0.2619453966617584,,,,
,,,,,5,135,,0.7966101765632629,0.7988368272781372,0.747826099395752,0.8190476298332214
,,,,,5,135,,0.7754237055778503,0.7684115171432495,0.7708333134651184,0.7047619223594666
,,,,,5,135,,0.7966101765632629,0.7988368272781372,0.747826099395752,0.8190476298332214
