val_loss,val_accuracy,val_auroc,val_precision,val_recall,epoch,step,train_loss,test_accuracy,test_auroc,test_precision,test_recall
0.6185146570205688,0.557894766330719,0.5,0.0,0.0,0,6,,,,,
,,,,,0,6,0.6310385465621948,,,,
0.6157700419425964,0.557894766330719,0.5,0.0,0.0,1,13,,,,,
,,,,,1,13,0.5691896677017212,,,,
0.6153044104576111,0.557894766330719,0.5,0.0,0.0,2,20,,,,,
,,,,,2,20,0.4924675226211548,,,,
0.6152276396751404,0.557894766330719,0.5,0.0,0.0,3,27,,,,,
,,,,,3,27,0.4067489504814148,,,,
0.6152979135513306,0.557894766330719,0.5,0.0,0.0,4,34,,,,,
,,,,,4,34,0.30551549792289734,,,,
,,,,,5,35,,0.5593220591545105,0.5,0.0,0.0
,,,,,5,35,,0.5593220591545105,0.5,0.0,0.0
,,,,,5,35,,0.5593220591545105,0.5,0.0,0.0
