val_loss,val_accuracy,val_auroc,val_precision,val_recall,epoch,step,train_loss,test_accuracy,test_auroc,test_precision,test_recall
0.6217007040977478,0.4421052634716034,0.5,0.4421052634716034,1.0,0,13,,,,,
,,,,,0,13,0.6274614334106445,,,,
0.6194548606872559,0.557894766330719,0.5,0.0,0.0,1,27,,,,,
,,,,,1,27,0.60768061876297,,,,
0.6187416911125183,0.557894766330719,0.5,0.0,0.0,2,41,,,,,
,,,,,2,41,0.5999321341514587,,,,
0.619181752204895,0.557894766330719,0.5,0.0,0.0,3,55,,,,,
,,,,,3,55,0.5666874647140503,,,,
0.6179414987564087,0.557894766330719,0.5,0.0,0.0,4,69,,,,,
,,,,,4,69,0.5556016564369202,,,,
,,,,,5,70,,0.4406779706478119,0.5,0.4406779706478119,1.0
,,,,,5,70,,0.5593220591545105,0.5,0.0,0.0
,,,,,5,70,,0.5593220591545105,0.5,0.0,0.0
