val_loss,val_accuracy,val_auroc,val_precision,val_recall,epoch,step,train_loss,test_accuracy,test_auroc,test_precision,test_recall
1.6064008474349976,0.4421052634716034,0.5,0.4421052634716034,1.0,0,6,,,,,
,,,,,0,6,1.6532354354858398,,,,
1.5134819746017456,0.4421052634716034,0.5,0.4421052634716034,1.0,1,13,,,,,
,,,,,1,13,1.560978889465332,,,,
1.4228646755218506,0.4421052634716034,0.5,0.4421052634716034,1.0,2,20,,,,,
,,,,,2,20,1.4667569398880005,,,,
1.3370000123977661,0.4421052634716034,0.5,0.4421052634716034,1.0,3,27,,,,,
,,,,,3,27,1.385003685951233,,,,
1.258104920387268,0.4421052634716034,0.5,0.4421052634716034,1.0,4,34,,,,,
,,,,,4,34,1.2957568168640137,,,,
,,,,,5,35,,0.4430379867553711,0.5,0.4430379867553711,1.0
,,,,,5,35,,0.4430379867553711,0.5,0.4430379867553711,1.0
,,,,,5,35,,0.4430379867553711,0.5,0.4430379867553711,1.0
