val_loss,val_accuracy,val_auroc,val_precision,val_recall,epoch,step,train_loss,test_accuracy,test_auroc,test_precision,test_recall
0.6194806694984436,0.557894766330719,0.5,0.0,0.0,0,6,,,,,
,,,,,0,6,0.6261271834373474,,,,
0.6184569597244263,0.557894766330719,0.5,0.0,0.0,1,13,,,,,
,,,,,1,13,0.6133468747138977,,,,
0.6180408000946045,0.557894766330719,0.5,0.0,0.0,2,20,,,,,
,,,,,2,20,0.6081421375274658,,,,
0.6174427270889282,0.557894766330719,0.5,0.0,0.0,3,27,,,,,
,,,,,3,27,0.5969499349594116,,,,
0.6168476343154907,0.557894766330719,0.5,0.0,0.0,4,34,,,,,
,,,,,4,34,0.5863344073295593,,,,
,,,,,5,35,,0.5569620132446289,0.5,0.0,0.0
,,,,,5,35,,0.5569620132446289,0.5,0.0,0.0
,,,,,5,35,,0.5569620132446289,0.5,0.0,0.0
