val_loss,val_accuracy,val_auroc,val_precision,val_recall,epoch,step,train_loss,test_accuracy,test_auroc,test_precision,test_recall
0.6181609630584717,0.557894766330719,0.5,0.0,0.0,0,13,,,,,
,,,,,0,13,0.641994833946228,,,,
0.6156855225563049,0.557894766330719,0.5,0.0,0.0,1,27,,,,,
,,,,,1,27,0.5855486989021301,,,,
0.6152714490890503,0.557894766330719,0.5,0.0,0.0,2,41,,,,,
,,,,,2,41,0.46563786268234253,,,,
0.6154467463493347,0.557894766330719,0.5,0.0,0.0,3,55,,,,,
,,,,,3,55,0.3986992835998535,,,,
0.6056547164916992,0.557894766330719,0.5,0.0,0.0,4,69,,,,,
,,,,,4,69,0.2926514446735382,,,,
,,,,,5,70,,0.5593220591545105,0.5,0.0,0.0
,,,,,5,70,,0.5593220591545105,0.5,0.0,0.0
,,,,,5,70,,0.5593220591545105,0.5,0.0,0.0
