val_loss,val_accuracy,val_auroc,val_precision,val_recall,epoch,step,train_loss,test_accuracy,test_auroc,test_precision,test_recall
0.6152098178863525,0.557894766330719,0.5,0.0,0.0,0,13,,,,,
,,,,,0,13,0.6275368928909302,,,,
0.6166665554046631,0.557894766330719,0.5,0.0,0.0,1,27,,,,,
,,,,,1,27,0.532805323600769,,,,
0.6192777156829834,0.557894766330719,0.5,0.0,0.0,2,41,,,,,
,,,,,2,41,0.38237327337265015,,,,
0.6150590777397156,0.557894766330719,0.5,0.0,0.0,3,55,,,,,
,,,,,3,55,0.3079969584941864,,,,
0.6357447504997253,0.557894766330719,0.5,0.0,0.0,4,69,,,,,
,,,,,4,69,0.20196685194969177,,,,
,,,,,5,70,,0.5593220591545105,0.5,0.0,0.0
,,,,,5,70,,0.5593220591545105,0.5,0.0,0.0
,,,,,5,70,,0.5593220591545105,0.5,0.0,0.0
