val_loss,val_accuracy,val_auroc,val_precision,val_recall,epoch,step,train_loss,test_accuracy,test_auroc,test_precision,test_recall
0.6205506324768066,0.557894766330719,0.5,0.0,0.0,0,26,,,,,
,,,,,0,26,0.6267388463020325,,,,
0.620449960231781,0.557894766330719,0.5,0.0,0.0,1,53,,,,,
,,,,,1,53,0.6133493781089783,,,,
0.616321861743927,0.557894766330719,0.5,0.0,0.0,2,80,,,,,
,,,,,2,80,0.5943561792373657,,,,
0.5691092610359192,0.6947368383407593,0.6819406747817993,0.6857143044471741,0.5714285969734192,3,107,,,,,
,,,,,3,107,0.5640895962715149,,,,
0.5079652667045593,0.6842105388641357,0.6725067496299744,0.6666666865348816,0.5714285969734192,4,134,,,,,
,,,,,4,134,0.5352234244346619,,,,
,,,,,5,135,,0.7118644118309021,0.6960378289222717,0.7341772317886353,0.5523809790611267
,,,,,5,135,,0.741525411605835,0.7284260392189026,0.761904776096344,0.6095238327980042
,,,,,5,135,,0.741525411605835,0.7284260392189026,0.761904776096344,0.6095238327980042
