val_loss,val_accuracy,val_auroc,val_precision,val_recall,epoch,step,train_loss,test_accuracy,test_auroc,test_precision,test_recall
0.6165745854377747,0.557894766330719,0.5,0.0,0.0,0,13,,,,,
,,,,,0,13,0.6546606421470642,,,,
0.615445613861084,0.557894766330719,0.5,0.0,0.0,1,27,,,,,
,,,,,1,27,0.5787856578826904,,,,
0.6176120638847351,0.557894766330719,0.5,0.0,0.0,2,41,,,,,
,,,,,2,41,0.45666149258613586,,,,
0.6160662770271301,0.557894766330719,0.5,0.0,0.0,3,55,,,,,
,,,,,3,55,0.37665092945098877,,,,
0.6134874820709229,0.557894766330719,0.5,0.0,0.0,4,69,,,,,
,,,,,4,69,0.27805107831954956,,,,
,,,,,5,70,,0.555084764957428,0.5,0.0,0.0
,,,,,5,70,,0.555084764957428,0.5,0.0,0.0
,,,,,5,70,,0.555084764957428,0.5,0.0,0.0
