val_loss,val_accuracy,val_auroc,val_precision,val_recall,epoch,step,train_loss,test_accuracy,test_auroc,test_precision,test_recall
0.5858714580535889,0.6947368383407593,0.6769991517066956,0.7096773386001587,0.523809552192688,0,13,,,,,
,,,,,0,13,0.5780811309814453,,,,
0.5522646903991699,0.6947368383407593,0.6671159267425537,0.782608687877655,0.4285714328289032,1,27,,,,,
,,,,,1,27,0.49116286635398865,,,,
0.516531229019165,0.7473683953285217,0.7241688966751099,0.8461537957191467,0.523809552192688,2,41,,,,,
,,,,,2,41,0.4358508288860321,,,,
0.48458245396614075,0.7473683953285217,0.7266397476196289,0.8214285373687744,0.5476190447807312,3,55,,,,,
,,,,,3,55,0.38682103157043457,,,,
,,,,,4,56,,0.7669491767883301,0.7396562099456787,0.9298245906829834,0.5096153616905212
,,,,,4,56,,0.7669491767883301,0.7396562099456787,0.9298245906829834,0.5096153616905212
,,,,,4,56,,0.7669491767883301,0.7396562099456787,0.9298245906829834,0.5096153616905212
