val_loss,val_accuracy,val_auroc,val_precision,val_recall,epoch,step,train_loss,test_accuracy,test_auroc,test_precision,test_recall
0.9998220205307007,0.557894766330719,0.522237241268158,0.5,0.2142857164144516,0,13,,,,,
,,,,,0,13,1.0272959470748901,,,,
0.9337480068206787,0.557894766330719,0.529649555683136,0.5,0.2857142984867096,1,27,,,,,
,,,,,1,27,0.9498116970062256,,,,
0.9128537774085999,0.5789473652839661,0.5584006905555725,0.5333333611488342,0.380952388048172,2,41,,,,,
,,,,,2,41,0.9066494107246399,,,,
0.9118719100952148,0.5789473652839661,0.5633423328399658,0.529411792755127,0.4285714328289032,3,55,,,,,
,,,,,3,55,0.8956729173660278,,,,
0.9125334620475769,0.6000000238418579,0.5871518850326538,0.5555555820465088,0.4761904776096344,4,69,,,,,
,,,,,4,69,0.8889978528022766,,,,
,,,,,5,70,,0.4830508530139923,0.4705710709095001,0.40425533056259155,0.36538460850715637
,,,,,5,70,,0.49152541160583496,0.47814685106277466,0.41304346919059753,0.36538460850715637
,,,,,5,70,,0.4830508530139923,0.4705710709095001,0.40425533056259155,0.36538460850715637
