val_loss,val_accuracy,val_auroc,val_precision,val_recall,epoch,step,train_loss,test_accuracy,test_auroc,test_precision,test_recall
0.6199677586555481,0.557894766330719,0.5,0.0,0.0,0,26,,,,,
,,,,,0,26,0.6317383050918579,,,,
0.6202293634414673,0.557894766330719,0.5,0.0,0.0,1,53,,,,,
,,,,,1,53,0.6276178956031799,,,,
0.6219968795776367,0.4000000059604645,0.44991013407707214,0.4157303273677826,0.8809523582458496,2,80,,,,,
,,,,,2,80,0.6270443201065063,,,,
0.6511134505271912,0.43157893419265747,0.4658580720424652,0.42105263471603394,0.761904776096344,3,107,,,,,
,,,,,3,107,0.6261627674102783,,,,
0.6114305257797241,0.6315789222717285,0.6352201700210571,0.5714285969734192,0.6666666865348816,4,134,,,,,
,,,,,4,134,0.6228012442588806,,,,
,,,,,5,135,,0.5677965879440308,0.5634315013885498,0.514018714427948,0.523809552192688
,,,,,5,135,,0.5677965879440308,0.5634315013885498,0.514018714427948,0.523809552192688
,,,,,5,135,,0.5677965879440308,0.5634315013885498,0.514018714427948,0.523809552192688
