val_loss,val_accuracy,val_auroc,val_precision,val_recall,epoch,step,train_loss,test_accuracy,test_auroc,test_precision,test_recall
0.36395198106765747,0.8421052694320679,0.8238993883132935,0.9655172228813171,0.6666666865348816,0,26,,,,,
,,,,,0,26,0.4504842162132263,,,,
0.2540324032306671,0.9052631855010986,0.8977987766265869,0.9459459185600281,0.8333333134651184,1,53,,,,,
,,,,,1,53,0.19773077964782715,,,,
0.32596689462661743,0.8842105269432068,0.8814015984535217,0.8780487775802612,0.8571428656578064,2,80,,,,,
,,,,,2,80,0.0666843131184578,,,,
0.3088468313217163,0.8631578683853149,0.8650044202804565,0.8222222328186035,0.8809523582458496,3,107,,,,,
,,,,,3,107,0.027507979422807693,,,,
,,,,,4,108,,0.8601694703102112,0.8495047092437744,0.9080459475517273,0.7596153616905212
,,,,,4,108,,0.8601694703102112,0.8495047092437744,0.9080459475517273,0.7596153616905212
,,,,,4,108,,0.8644067645072937,0.863490641117096,0.8396226167678833,0.8557692170143127
