val_loss,val_accuracy,val_auroc,val_precision,val_recall,epoch,step,train_loss,test_accuracy,test_auroc,test_precision,test_recall
0.6179749369621277,0.557894766330719,0.5,0.0,0.0,0,26,,,,,
,,,,,0,26,0.6313065886497498,,,,
0.6179913282394409,0.557894766330719,0.5,0.0,0.0,1,53,,,,,
,,,,,1,53,0.6057704091072083,,,,
0.614203155040741,0.557894766330719,0.5,0.0,0.0,2,80,,,,,
,,,,,2,80,0.5646843910217285,,,,
0.5550478100776672,0.7157894968986511,0.6884546279907227,0.8260868787765503,0.4523809850215912,3,107,,,,,
,,,,,3,107,0.5416103005409241,,,,
0.48731881380081177,0.7473683953285217,0.7340521812438965,0.7647058367729187,0.6190476417541504,4,134,,,,,
,,,,,4,134,0.4662231504917145,,,,
,,,,,5,135,,0.7088607549667358,0.6987012624740601,0.695652186870575,0.6095238327980042
,,,,,5,135,,0.7088607549667358,0.6987012624740601,0.695652186870575,0.6095238327980042
,,,,,5,135,,0.7088607549667358,0.6987012624740601,0.695652186870575,0.6095238327980042
