val_loss,val_accuracy,val_auroc,val_precision,val_recall,epoch,step,train_loss,test_accuracy,test_auroc,test_precision,test_recall
0.6209771037101746,0.557894766330719,0.5,0.0,0.0,0,26,,,,,
,,,,,0,26,0.630513072013855,,,,
0.6204119324684143,0.557894766330719,0.5,0.0,0.0,1,53,,,,,
,,,,,1,53,0.6081294417381287,,,,
0.6132788062095642,0.557894766330719,0.5,0.0,0.0,2,80,,,,,
,,,,,2,80,0.5741991996765137,,,,
0.6210176944732666,0.7052631378173828,0.6938453912734985,0.6944444179534912,0.5952380895614624,3,107,,,,,
,,,,,3,107,0.5363724827766418,,,,
0.5720193386077881,0.7052631378173828,0.6790205836296082,0.7916666865348816,0.4523809850215912,4,134,,,,,
,,,,,4,134,0.4950687885284424,,,,
,,,,,5,135,,0.7330508232116699,0.7245728969573975,0.7234042286872864,0.6476190686225891
,,,,,5,135,,0.6483050584793091,0.6208288073539734,0.6964285969734192,0.37142857909202576
,,,,,5,135,,0.6483050584793091,0.6208288073539734,0.6964285969734192,0.37142857909202576
