val_loss,val_accuracy,val_auroc,val_precision,val_recall,epoch,step,train_loss,test_accuracy,test_auroc,test_precision,test_recall
0.9817072153091431,0.4421052634716034,0.5,0.4421052634716034,1.0,0,26,,,,,
,,,,,0,26,1.0004432201385498,,,,
0.9275763034820557,0.4421052634716034,0.5,0.4421052634716034,1.0,1,53,,,,,
,,,,,1,53,0.7990007400512695,,,,
0.888917088508606,0.410526305437088,0.4642857313156128,0.42391300201416016,0.9285714626312256,2,80,,,,,
,,,,,2,80,0.6130037903785706,,,,
0.7789897918701172,0.3368421196937561,0.3685983717441559,0.36000001430511475,0.6428571343421936,3,107,,,,,
,,,,,3,107,0.5457579493522644,,,,
0.9219291806221008,0.4000000059604645,0.4474393427371979,0.4137931168079376,0.8571428656578064,4,134,,,,,
,,,,,4,134,0.479095458984375,,,,
,,,,,5,135,,0.4406779706478119,0.5,0.4406779706478119,1.0
,,,,,5,135,,0.4067796468734741,0.44420164823532104,0.40721648931503296,0.7596153616905212
,,,,,5,135,,0.4406779706478119,0.4928613007068634,0.4369369447231293,0.932692289352417
