val_loss,val_accuracy,val_auroc,val_precision,val_recall,epoch,step,train_loss,test_accuracy,test_auroc,test_precision,test_recall
0.6150951981544495,0.557894766330719,0.5,0.0,0.0,0,13,,,,,
,,,,,0,13,0.6223291158676147,,,,
0.6198519468307495,0.557894766330719,0.5,0.0,0.0,1,27,,,,,
,,,,,1,27,0.5098784565925598,,,,
0.6177250146865845,0.557894766330719,0.5,0.0,0.0,2,41,,,,,
,,,,,2,41,0.40263789892196655,,,,
0.6161965727806091,0.557894766330719,0.5,0.0,0.0,3,55,,,,,
,,,,,3,55,0.34832799434661865,,,,
0.6168724894523621,0.557894766330719,0.5,0.0,0.0,4,69,,,,,
,,,,,4,69,0.2526205778121948,,,,
,,,,,5,70,,0.5593220591545105,0.5,0.0,0.0
,,,,,5,70,,0.5593220591545105,0.5,0.0,0.0
,,,,,5,70,,0.5593220591545105,0.5,0.0,0.0
