val_loss,val_accuracy,val_auroc,val_precision,val_recall,epoch,step,train_loss,test_accuracy,test_auroc,test_precision,test_recall
0.8985751271247864,0.5684210658073425,0.5637915730476379,0.5116279125213623,0.523809552192688,0,26,,,,,
,,,,,0,26,0.9302768111228943,,,,
0.910599410533905,0.5473684072494507,0.5473944544792175,0.4893617033958435,0.5476190447807312,1,53,,,,,
,,,,,1,53,0.9199472665786743,,,,
0.907201886177063,0.5368421077728271,0.5379604697227478,0.4791666567325592,0.5476190447807312,2,80,,,,,
,,,,,2,80,0.9142013192176819,,,,
0.9024029970169067,0.4421052634716034,0.4925875961780548,0.43820226192474365,0.9285714626312256,3,107,,,,,
,,,,,3,107,0.9125853180885315,,,,
0.9116217494010925,0.4736842215061188,0.5258311033248901,0.4555555582046509,0.976190447807312,4,134,,,,,
,,,,,4,134,0.9090636968612671,,,,
,,,,,5,135,,0.5254237055778503,0.5073063969612122,0.4556961953639984,0.34285715222358704
,,,,,5,135,,0.5254237055778503,0.5073063969612122,0.4556961953639984,0.34285715222358704
,,,,,5,135,,0.4449152648448944,0.4924391210079193,0.44090908765792847,0.9238095283508301
