val_loss,val_accuracy,val_auroc,val_precision,val_recall,epoch,step,train_loss,test_accuracy,test_auroc,test_precision,test_recall
0.5345571637153625,0.7157894968986511,0.7255166172981262,0.6415094137191772,0.8095238208770752,0,13,,,,,
,,,,,0,13,0.4839625358581543,,,,
1.0462870597839355,0.7157894968986511,0.7378706336021423,0.6190476417541504,0.9285714626312256,1,27,,,,,
,,,,,1,27,0.19195064902305603,,,,
1.2757607698440552,0.6842105388641357,0.6453279256820679,0.9285714626312256,0.3095238208770752,2,41,,,,,
,,,,,2,41,0.08040828257799149,,,,
2.3523144721984863,0.5789473652839661,0.6201707124710083,0.512499988079071,0.976190447807312,3,55,,,,,
,,,,,3,55,0.051330916583538055,,,,
0.8706381320953369,0.7368420958518982,0.7147350311279297,0.8148148655891418,0.523809552192688,4,69,,,,,
,,,,,4,69,0.03971773386001587,,,,
,,,,,5,70,,0.7076271176338196,0.7205743193626404,0.6285714507102966,0.8380952477455139
,,,,,5,70,,0.7372881174087524,0.7482370138168335,0.6592592597007751,0.8476190567016602
,,,,,5,70,,0.7288135886192322,0.7027990221977234,0.859649121761322,0.46666666865348816
