val_loss,val_accuracy,val_auroc,val_precision,val_recall,epoch,step,train_loss,test_accuracy,test_auroc,test_precision,test_recall
0.618166446685791,0.557894766330719,0.5,0.0,0.0,0,6,,,,,
,,,,,0,6,0.6474161744117737,,,,
0.6185150146484375,0.557894766330719,0.5,0.0,0.0,1,13,,,,,
,,,,,1,13,0.5878652930259705,,,,
0.6175962090492249,0.557894766330719,0.5,0.0,0.0,2,20,,,,,
,,,,,2,20,0.50050950050354,,,,
0.6168670654296875,0.557894766330719,0.5,0.0,0.0,3,27,,,,,
,,,,,3,27,0.4173344373703003,,,,
0.6156913042068481,0.557894766330719,0.5,0.0,0.0,4,34,,,,,
,,,,,4,34,0.33567818999290466,,,,
,,,,,5,35,,0.5569620132446289,0.5,0.0,0.0
,,,,,5,35,,0.5569620132446289,0.5,0.0,0.0
,,,,,5,35,,0.5569620132446289,0.5,0.0,0.0
