val_loss,val_accuracy,val_auroc,val_precision,val_recall,epoch,step,train_loss,test_accuracy,test_auroc,test_precision,test_recall
0.6212164759635925,0.4421052634716034,0.5,0.4421052634716034,1.0,0,13,,,,,
,,,,,0,13,0.6285638213157654,,,,
0.6199368238449097,0.557894766330719,0.5,0.0,0.0,1,27,,,,,
,,,,,1,27,0.6219095587730408,,,,
0.6175891757011414,0.557894766330719,0.5,0.0,0.0,2,41,,,,,
,,,,,2,41,0.6037009358406067,,,,
0.6172173023223877,0.557894766330719,0.5,0.0,0.0,3,55,,,,,
,,,,,3,55,0.5917861461639404,,,,
0.6169883012771606,0.557894766330719,0.5,0.0,0.0,4,69,,,,,
,,,,,4,69,0.5558491945266724,,,,
,,,,,5,70,,0.4406779706478119,0.5,0.4406779706478119,1.0
,,,,,5,70,,0.5593220591545105,0.5,0.0,0.0
,,,,,5,70,,0.5593220591545105,0.5,0.0,0.0
