val_loss,val_accuracy,val_auroc,val_precision,val_recall,epoch,step,train_loss,test_accuracy,test_auroc,test_precision,test_recall
0.5656806230545044,0.7052631378173828,0.721024215221405,0.6206896305084229,0.8571428656578064,0,26,,,,,
,,,,,0,26,0.5773304104804993,,,,
0.5002250075340271,0.75789475440979,0.7286612391471863,0.9523809552192688,0.4761904776096344,1,53,,,,,
,,,,,1,53,0.4683052897453308,,,,
0.43948599696159363,0.800000011920929,0.7762802839279175,0.9599999785423279,0.5714285969734192,2,80,,,,,
,,,,,2,80,0.38967400789260864,,,,
0.40981146693229675,0.8105263113975525,0.7881851196289062,0.9615384340286255,0.5952380895614624,3,107,,,,,
,,,,,3,107,0.33969846367836,,,,
,,,,,4,108,,0.7848101258277893,0.760064959526062,0.949999988079071,0.5428571701049805
,,,,,4,108,,0.7848101258277893,0.760064959526062,0.949999988079071,0.5428571701049805
,,,,,4,108,,0.7848101258277893,0.760064959526062,0.949999988079071,0.5428571701049805
