val_loss,val_accuracy,val_auroc,val_precision,val_recall,epoch,step,train_loss,test_accuracy,test_auroc,test_precision,test_recall
0.618288516998291,0.557894766330719,0.5,0.0,0.0,0,6,,,,,
,,,,,0,6,0.6109957098960876,,,,
0.6157480478286743,0.557894766330719,0.5,0.0,0.0,1,13,,,,,
,,,,,1,13,0.5975784659385681,,,,
0.6154647469520569,0.557894766330719,0.5,0.0,0.0,2,20,,,,,
,,,,,2,20,0.46643489599227905,,,,
0.615153431892395,0.557894766330719,0.5,0.0,0.0,3,27,,,,,
,,,,,3,27,0.36276891827583313,,,,
0.6160726547241211,0.557894766330719,0.5,0.0,0.0,4,34,,,,,
,,,,,4,34,0.3138884902000427,,,,
,,,,,5,35,,0.5569620132446289,0.5,0.0,0.0
,,,,,5,35,,0.5569620132446289,0.5,0.0,0.0
,,,,,5,35,,0.5569620132446289,0.5,0.0,0.0
