val_loss,val_accuracy,val_auroc,val_precision,val_recall,epoch,step,train_loss,test_accuracy,test_auroc,test_precision,test_recall
0.6152065992355347,0.557894766330719,0.5,0.0,0.0,0,13,,,,,
,,,,,0,13,0.6422070264816284,,,,
0.6153444051742554,0.557894766330719,0.5,0.0,0.0,1,27,,,,,
,,,,,1,27,0.5366301536560059,,,,
0.6205794811248779,0.557894766330719,0.5,0.0,0.0,2,41,,,,,
,,,,,2,41,0.42307355999946594,,,,
0.620233952999115,0.557894766330719,0.5,0.0,0.0,3,55,,,,,
,,,,,3,55,0.3150613605976105,,,,
0.621208667755127,0.557894766330719,0.5,0.0,0.0,4,69,,,,,
,,,,,4,69,0.24121101200580597,,,,
,,,,,5,70,,0.555084764957428,0.5,0.0,0.0
,,,,,5,70,,0.555084764957428,0.5,0.0,0.0
,,,,,5,70,,0.555084764957428,0.5,0.0,0.0
