val_loss,val_accuracy,val_auroc,val_precision,val_recall,epoch,step,train_loss,test_accuracy,test_auroc,test_precision,test_recall
0.6157323718070984,0.557894766330719,0.5,0.0,0.0,0,13,,,,,
,,,,,0,13,0.6453145742416382,,,,
0.6151018738746643,0.557894766330719,0.5,0.0,0.0,1,27,,,,,
,,,,,1,27,0.6055028438568115,,,,
0.615763247013092,0.557894766330719,0.5,0.0,0.0,2,41,,,,,
,,,,,2,41,0.46066758036613464,,,,
0.6149114966392517,0.557894766330719,0.5,0.0,0.0,3,55,,,,,
,,,,,3,55,0.32368555665016174,,,,
0.6041882038116455,0.557894766330719,0.5,0.0,0.0,4,69,,,,,
,,,,,4,69,0.23407471179962158,,,,
,,,,,5,70,,0.5593220591545105,0.5,0.0,0.0
,,,,,5,70,,0.5593220591545105,0.5,0.0,0.0
,,,,,5,70,,0.5593220591545105,0.5,0.0,0.0
