val_loss,val_accuracy,val_auroc,val_precision,val_recall,epoch,step,train_loss,test_accuracy,test_auroc,test_precision,test_recall
0.6188187003135681,0.557894766330719,0.5,0.0,0.0,0,26,,,,,
,,,,,0,26,0.6317383050918579,,,,
0.6164349317550659,0.557894766330719,0.5,0.0,0.0,1,53,,,,,
,,,,,1,53,0.6337127089500427,,,,
0.6161936521530151,0.557894766330719,0.5,0.0,0.0,2,80,,,,,
,,,,,2,80,0.6188761591911316,,,,
0.6088525056838989,0.6000000238418579,0.5500898361206055,0.8333333134651184,0.1190476194024086,3,107,,,,,
,,,,,3,107,0.625619649887085,,,,
1.1034258604049683,0.5894736647605896,0.5628930926322937,0.5600000023841858,0.3333333432674408,4,134,,,,,
,,,,,4,134,0.5963893532752991,,,,
,,,,,5,135,,0.6413502097129822,0.6098484992980957,0.699999988079071,0.3333333432674408
,,,,,5,135,,0.5780590772628784,0.5286796689033508,0.6666666865348816,0.095238097012043
,,,,,5,135,,0.6413502097129822,0.6098484992980957,0.699999988079071,0.3333333432674408
