val_loss,val_accuracy,val_auroc,val_precision,val_recall,epoch,step,train_loss,test_accuracy,test_auroc,test_precision,test_recall
1.0738871097564697,0.410526305437088,0.4296944737434387,0.390625,0.5952380895614624,0,26,,,,,
,,,,,0,26,1.0323610305786133,,,,
1.034793496131897,0.4000000059604645,0.3955525755882263,0.3333333432674408,0.3571428656578064,1,53,,,,,
,,,,,1,53,0.9430938959121704,,,,
1.0286980867385864,0.4421052634716034,0.5,0.4421052634716034,1.0,2,80,,,,,
,,,,,2,80,0.9260684251785278,,,,
1.0268384218215942,0.42105263471603394,0.4687780737876892,0.4252873361110687,0.8809523582458496,3,107,,,,,
,,,,,3,107,0.9228540658950806,,,,
1.039699673652649,0.38947367668151855,0.4281221926212311,0.4000000059604645,0.761904776096344,4,134,,,,,
,,,,,4,134,0.9184563755989075,,,,
,,,,,5,135,,0.43644067645072937,0.4951923191547394,0.4382978677749634,0.9903846383094788
,,,,,5,135,,0.43644067645072937,0.4829545319080353,0.43127962946891785,0.875
,,,,,5,135,,0.44915252923965454,0.4831002354621887,0.4301075339317322,0.7692307829856873
