val_loss,val_accuracy,val_auroc,val_precision,val_recall,epoch,step,train_loss,test_accuracy,test_auroc,test_precision,test_recall
0.5896412134170532,0.6842105388641357,0.6453279256820679,0.9285714626312256,0.3095238208770752,0,6,,,,,
,,,,,0,6,0.6105907559394836,,,,
0.5618497133255005,0.6842105388641357,0.6477987766265869,0.875,0.3333333432674408,1,13,,,,,
,,,,,1,13,0.5357133746147156,,,,
0.5508772730827332,0.6842105388641357,0.6477987766265869,0.875,0.3333333432674408,2,20,,,,,
,,,,,2,20,0.4838150441646576,,,,
0.5378420948982239,0.6842105388641357,0.6502695679664612,0.8333333134651184,0.3571428656578064,3,27,,,,,
,,,,,3,27,0.44396477937698364,,,,
,,,,,4,28,,0.6835442781448364,0.6428571343421936,1.0,0.2857142984867096
,,,,,4,28,,0.6835442781448364,0.6428571343421936,1.0,0.2857142984867096
,,,,,4,28,,0.6835442781448364,0.6428571343421936,1.0,0.2857142984867096
