val_loss,val_accuracy,val_auroc,val_precision,val_recall,epoch,step,train_loss,test_accuracy,test_auroc,test_precision,test_recall
0.6210062503814697,0.557894766330719,0.5,0.0,0.0,0,6,,,,,
,,,,,0,6,0.6327244639396667,,,,
0.619122326374054,0.557894766330719,0.5,0.0,0.0,1,13,,,,,
,,,,,1,13,0.6379848122596741,,,,
0.6185059547424316,0.557894766330719,0.5,0.0,0.0,2,20,,,,,
,,,,,2,20,0.626487672328949,,,,
0.617804765701294,0.557894766330719,0.5,0.0,0.0,3,27,,,,,
,,,,,3,27,0.6128177642822266,,,,
0.6171592473983765,0.557894766330719,0.5,0.0,0.0,4,34,,,,,
,,,,,4,34,0.5999030470848083,,,,
,,,,,5,35,,0.5593220591545105,0.5,0.0,0.0
,,,,,5,35,,0.5593220591545105,0.5,0.0,0.0
,,,,,5,35,,0.5593220591545105,0.5,0.0,0.0
