val_loss,val_accuracy,val_auroc,val_precision,val_recall,epoch,step,train_loss,test_accuracy,test_auroc,test_precision,test_recall
1.008368730545044,0.410526305437088,0.39757418632507324,0.31578946113586426,0.2857142984867096,0,26,,,,,
,,,,,0,26,1.059187412261963,,,,
1.003565788269043,0.4526315927505493,0.43283915519714355,0.34375,0.261904776096344,1,53,,,,,
,,,,,1,53,0.904495358467102,,,,
0.9865682721138,0.4421052634716034,0.5,0.4421052634716034,1.0,2,80,,,,,
,,,,,2,80,0.8685694336891174,,,,
0.98749178647995,0.3368421196937561,0.36612755060195923,0.3561643958091736,0.6190476417541504,3,107,,,,,
,,,,,3,107,0.8153286576271057,,,,
0.9632875323295593,0.3368421196937561,0.37106916308403015,0.3636363744735718,0.6666666865348816,4,134,,,,,
,,,,,4,134,0.7866811752319336,,,,
,,,,,5,135,,0.4449152648448944,0.5,0.4449152648448944,1.0
,,,,,5,135,,0.36016950011253357,0.3905852437019348,0.37634408473968506,0.6666666865348816
,,,,,5,135,,0.36016950011253357,0.3905852437019348,0.37634408473968506,0.6666666865348816
