val_loss,val_accuracy,val_auroc,val_precision,val_recall,epoch,step,train_loss,test_accuracy,test_auroc,test_precision,test_recall
0.5636189579963684,0.6421052813529968,0.5952380895614624,1.0,0.190476194024086,0,26,,,,,
,,,,,0,26,0.5746682286262512,,,,
0.5064069628715515,0.6947368383407593,0.6547619104385376,1.0,0.3095238208770752,1,53,,,,,
,,,,,1,53,0.4586811065673828,,,,
0.46163007616996765,0.7052631378173828,0.6740791201591492,0.8500000238418579,0.4047619104385376,2,80,,,,,
,,,,,2,80,0.3888498842716217,,,,
0.4409444034099579,0.7263157963752747,0.7003592848777771,0.8333333134651184,0.4761904776096344,3,107,,,,,
,,,,,3,107,0.32781121134757996,,,,
,,,,,4,108,,0.8135592937469482,0.8017191290855408,0.8488371968269348,0.7019230723381042
,,,,,4,108,,0.8135592937469482,0.8017191290855408,0.8488371968269348,0.7019230723381042
,,,,,4,108,,0.8135592937469482,0.8017191290855408,0.8488371968269348,0.7019230723381042
