val_loss,val_accuracy,val_auroc,val_precision,val_recall,epoch,step,train_loss,test_accuracy,test_auroc,test_precision,test_recall
0.5272110104560852,0.7052631378173828,0.7012578248977661,0.6666666865348816,0.6666666865348816,0,26,,,,,
,,,,,0,26,0.5212767124176025,,,,
0.5467221736907959,0.6842105388641357,0.6972147226333618,0.6071428656578064,0.8095238208770752,1,53,,,,,
,,,,,1,53,0.25287550687789917,,,,
0.8292942047119141,0.6526315808296204,0.6713836789131165,0.5737704634666443,0.8333333134651184,2,80,,,,,
,,,,,2,80,0.13064652681350708,,,,
1.0470153093338013,0.75789475440979,0.7336028814315796,0.8799999952316284,0.523809552192688,3,107,,,,,
,,,,,3,107,0.06481806188821793,,,,
1.0359537601470947,0.7684210538864136,0.740566074848175,0.9545454382896423,0.5,4,134,,,,,
,,,,,4,134,0.06879781186580658,,,,
,,,,,5,135,,0.7594936490058899,0.7334415316581726,0.9137930274009705,0.5047619342803955
,,,,,5,135,,0.7805907130241394,0.7806277275085449,0.7387387156486511,0.7809523940086365
,,,,,5,135,,0.7594936490058899,0.7334415316581726,0.9137930274009705,0.5047619342803955
