val_loss,val_accuracy,val_auroc,val_precision,val_recall,epoch,step,train_loss,test_accuracy,test_auroc,test_precision,test_recall
0.6200377345085144,0.557894766330719,0.5,0.0,0.0,0,6,,,,,
,,,,,0,6,0.6276617646217346,,,,
0.6191830039024353,0.557894766330719,0.5,0.0,0.0,1,13,,,,,
,,,,,1,13,0.6107068657875061,,,,
0.618990421295166,0.557894766330719,0.5,0.0,0.0,2,20,,,,,
,,,,,2,20,0.6067455410957336,,,,
0.6190438270568848,0.557894766330719,0.5,0.0,0.0,3,27,,,,,
,,,,,3,27,0.6153333187103271,,,,
0.6188748478889465,0.557894766330719,0.5,0.0,0.0,4,34,,,,,
,,,,,4,34,0.5899048447608948,,,,
,,,,,5,35,,0.5569620132446289,0.5,0.0,0.0
,,,,,5,35,,0.5569620132446289,0.5,0.0,0.0
,,,,,5,35,,0.5569620132446289,0.5,0.0,0.0
