val_loss,val_accuracy,val_auroc,val_precision,val_recall,epoch,step,train_loss,test_accuracy,test_auroc,test_precision,test_recall
0.44078201055526733,0.7684210538864136,0.7652739882469177,0.738095223903656,0.738095223903656,0,13,,,,,
,,,,,0,13,0.4382034242153168,,,,
0.31211191415786743,0.8631578683853149,0.8526504635810852,0.9142856597900391,0.761904776096344,1,27,,,,,
,,,,,1,27,0.3104204535484314,,,,
0.39358314871788025,0.8421052694320679,0.831311821937561,0.8857142925262451,0.738095223903656,2,41,,,,,
,,,,,2,41,0.21038679778575897,,,,
0.4769825041294098,0.7473683953285217,0.7513477802276611,0.6875,0.7857142686843872,3,55,,,,,
,,,,,3,55,0.15845495462417603,,,,
,,,,,4,56,,0.7923728823661804,0.7960372567176819,0.7350427508354187,0.8269230723381042
,,,,,4,56,,0.7923728823661804,0.7960372567176819,0.7350427508354187,0.8269230723381042
,,,,,4,56,,0.7838982939720154,0.7905011773109436,0.7154471278190613,0.8461538553237915
