val_loss,val_accuracy,val_auroc,val_precision,val_recall,epoch,step,train_loss,test_accuracy,test_auroc,test_precision,test_recall
0.6376672387123108,0.5368421077728271,0.5453728437423706,0.48148149251937866,0.6190476417541504,0,26,,,,,
,,,,,0,26,0.6441971659660339,,,,
0.580802321434021,0.621052622795105,0.6035489439964294,0.59375,0.4523809850215912,1,53,,,,,
,,,,,1,53,0.5335808396339417,,,,
0.5449280142784119,0.6947368383407593,0.6844114661216736,0.6756757497787476,0.5952380895614624,2,80,,,,,
,,,,,2,80,0.4598716199398041,,,,
0.5302672982215881,0.7052631378173828,0.6963163018226624,0.6842105388641357,0.6190476417541504,3,107,,,,,
,,,,,3,107,0.3992518484592438,,,,
0.5169762372970581,0.7263157963752747,0.7151841521263123,0.7222221493721008,0.6190476417541504,4,134,,,,,
,,,,,4,134,0.34317633509635925,,,,
,,,,,5,135,,0.7796609997749329,0.7714161276817322,0.7765957713127136,0.7019230723381042
,,,,,5,135,,0.7796609997749329,0.7714161276817322,0.7765957713127136,0.7019230723381042
,,,,,5,135,,0.7796609997749329,0.7714161276817322,0.7765957713127136,0.7019230723381042
