val_loss,val_accuracy,val_auroc,val_precision,val_recall,epoch,step,train_loss,test_accuracy,test_auroc,test_precision,test_recall
0.5623939633369446,0.7157894968986511,0.7205750346183777,0.6530612111091614,0.761904776096344,0,13,,,,,
,,,,,0,13,0.6458656787872314,,,,
0.5092513561248779,0.7789473533630371,0.7524707913398743,0.95652174949646,0.523809552192688,1,27,,,,,
,,,,,1,27,0.5347097516059875,,,,
0.46643659472465515,0.800000011920929,0.7762802839279175,0.9599999785423279,0.5714285969734192,2,41,,,,,
,,,,,2,41,0.4612431526184082,,,,
0.44424834847450256,0.7894737124443054,0.7668463587760925,0.9230769276618958,0.5714285969734192,3,55,,,,,
,,,,,3,55,0.40385177731513977,,,,
,,,,,4,56,,0.7838982939720154,0.7629661560058594,0.8840580582618713,0.5865384340286255
,,,,,4,56,,0.7838982939720154,0.7629661560058594,0.8840580582618713,0.5865384340286255
,,,,,4,56,,0.7838982939720154,0.7629661560058594,0.8840580582618713,0.5865384340286255
