val_loss,val_accuracy,val_auroc,val_precision,val_recall,epoch,step,train_loss,test_accuracy,test_auroc,test_precision,test_recall
0.5828772783279419,0.6526315808296204,0.6145552396774292,0.800000011920929,0.2857142984867096,0,13,,,,,
,,,,,0,13,0.5916996598243713,,,,
0.5579274296760559,0.6736842393875122,0.6334232091903687,0.9230769276618958,0.2857142984867096,1,27,,,,,
,,,,,1,27,0.4998449385166168,,,,
0.5137444138526917,0.6947368383407593,0.6621742844581604,0.8421052694320679,0.380952388048172,2,41,,,,,
,,,,,2,41,0.436736136674881,,,,
0.48315224051475525,0.7052631378173828,0.6790205836296082,0.7916666865348816,0.4523809850215912,3,55,,,,,
,,,,,3,55,0.38906511664390564,,,,
,,,,,4,56,,0.8135592937469482,0.7956002354621887,0.9054054021835327,0.6442307829856873
,,,,,4,56,,0.8135592937469482,0.7956002354621887,0.9054054021835327,0.6442307829856873
,,,,,4,56,,0.8135592937469482,0.7956002354621887,0.9054054021835327,0.6442307829856873
