val_loss,val_accuracy,val_auroc,val_precision,val_recall,epoch,step,train_loss,test_accuracy,test_auroc,test_precision,test_recall
0.6207163333892822,0.557894766330719,0.5,0.0,0.0,0,6,,,,,
,,,,,0,6,0.6324788928031921,,,,
0.6199934482574463,0.557894766330719,0.5,0.0,0.0,1,13,,,,,
,,,,,1,13,0.6255293488502502,,,,
0.6186531186103821,0.557894766330719,0.5,0.0,0.0,2,20,,,,,
,,,,,2,20,0.6180410385131836,,,,
0.6178073287010193,0.557894766330719,0.5,0.0,0.0,3,27,,,,,
,,,,,3,27,0.6108527779579163,,,,
0.6176749467849731,0.557894766330719,0.5,0.0,0.0,4,34,,,,,
,,,,,4,34,0.6108213067054749,,,,
,,,,,5,35,,0.5593220591545105,0.5,0.0,0.0
,,,,,5,35,,0.5593220591545105,0.5,0.0,0.0
,,,,,5,35,,0.5593220591545105,0.5,0.0,0.0
