val_loss,val_accuracy,val_auroc,val_precision,val_recall,epoch,step,train_loss,test_accuracy,test_auroc,test_precision,test_recall
0.620417594909668,0.557894766330719,0.5,0.0,0.0,0,6,,,,,
,,,,,0,6,0.6406866908073425,,,,
0.6202658414840698,0.557894766330719,0.5,0.0,0.0,1,13,,,,,
,,,,,1,13,0.6249819993972778,,,,
0.619556188583374,0.557894766330719,0.5,0.0,0.0,2,20,,,,,
,,,,,2,20,0.6118093132972717,,,,
0.618301510810852,0.557894766330719,0.5,0.0,0.0,3,27,,,,,
,,,,,3,27,0.6081753969192505,,,,
0.6179695129394531,0.557894766330719,0.5,0.0,0.0,4,34,,,,,
,,,,,4,34,0.598657488822937,,,,
,,,,,5,35,,0.555084764957428,0.5,0.0,0.0
,,,,,5,35,,0.555084764957428,0.5,0.0,0.0
,,,,,5,35,,0.555084764957428,0.5,0.0,0.0
