val_loss,val_accuracy,val_auroc,val_precision,val_recall,epoch,step,train_loss,test_accuracy,test_auroc,test_precision,test_recall
0.6207969784736633,0.557894766330719,0.5,0.0,0.0,0,6,,,,,
,,,,,0,6,0.6314504146575928,,,,
0.6198580861091614,0.557894766330719,0.5,0.0,0.0,1,13,,,,,
,,,,,1,13,0.6280562281608582,,,,
0.6187465190887451,0.557894766330719,0.5,0.0,0.0,2,20,,,,,
,,,,,2,20,0.6125110387802124,,,,
0.6175915002822876,0.557894766330719,0.5,0.0,0.0,3,27,,,,,
,,,,,3,27,0.6037264466285706,,,,
0.6170157194137573,0.557894766330719,0.5,0.0,0.0,4,34,,,,,
,,,,,4,34,0.6046713590621948,,,,
,,,,,5,35,,0.5593220591545105,0.5,0.0,0.0
,,,,,5,35,,0.5593220591545105,0.5,0.0,0.0
,,,,,5,35,,0.5593220591545105,0.5,0.0,0.0
