val_loss,val_accuracy,val_auroc,val_precision,val_recall,epoch,step,train_loss,test_accuracy,test_auroc,test_precision,test_recall
0.5839338302612305,0.7052631378173828,0.721024215221405,0.6206896305084229,0.8571428656578064,0,26,,,,,
,,,,,0,26,0.6077151894569397,,,,
0.5136157274246216,0.7894737124443054,0.7717880010604858,0.8666666746139526,0.6190476417541504,1,53,,,,,
,,,,,1,53,0.48150989413261414,,,,
0.4693024754524231,0.8105263113975525,0.79312664270401,0.8999999761581421,0.6428571343421936,2,80,,,,,
,,,,,2,80,0.400372177362442,,,,
0.4197787344455719,0.821052610874176,0.8075022101402283,0.8787878751754761,0.6904761791229248,3,107,,,,,
,,,,,3,107,0.34593766927719116,,,,
,,,,,4,108,,0.7966101765632629,0.7784090638160706,0.8783783912658691,0.625
,,,,,4,108,,0.7966101765632629,0.7784090638160706,0.8783783912658691,0.625
,,,,,4,108,,0.7966101765632629,0.7784090638160706,0.8783783912658691,0.625
