val_loss,val_accuracy,val_auroc,val_precision,val_recall,epoch,step,train_loss,test_accuracy,test_auroc,test_precision,test_recall
0.5923394560813904,0.6526315808296204,0.6219676733016968,0.7142857313156128,0.3571428656578064,0,6,,,,,
,,,,,0,6,0.6093538403511047,,,,
0.5768288969993591,0.6631578803062439,0.6264600157737732,0.8125,0.3095238208770752,1,13,,,,,
,,,,,1,13,0.5354715585708618,,,,
0.5585695505142212,0.6736842393875122,0.6358940005302429,0.8666666746139526,0.3095238208770752,2,20,,,,,
,,,,,2,20,0.48540595173835754,,,,
0.5455669164657593,0.6631578803062439,0.6264600157737732,0.8125,0.3095238208770752,3,27,,,,,
,,,,,3,27,0.4462491273880005,,,,
,,,,,4,28,,0.7330508232116699,0.7001748085021973,0.936170220375061,0.42307692766189575
,,,,,4,28,,0.7542372941970825,0.7242133617401123,0.942307710647583,0.4711538553237915
,,,,,4,28,,0.7542372941970825,0.7242133617401123,0.942307710647583,0.4711538553237915
