val_loss,val_accuracy,val_auroc,val_precision,val_recall,epoch,step,train_loss,test_accuracy,test_auroc,test_precision,test_recall
0.5163236856460571,0.800000011920929,0.8009883165359497,0.7555555701255798,0.8095238208770752,0,6,,,,,
,,,,,0,6,0.4889664351940155,,,,
0.4545615613460541,0.8421052694320679,0.8263701796531677,0.9354839324951172,0.6904761791229248,1,13,,,,,
,,,,,1,13,0.27316179871559143,,,,
0.48320454359054565,0.8315789699554443,0.8194069862365723,0.8823529481887817,0.7142857313156128,2,20,,,,,
,,,,,2,20,0.13735827803611755,,,,
0.8412396311759949,0.7894737124443054,0.764375627040863,0.9583333134651184,0.5476190447807312,3,27,,,,,
,,,,,3,27,0.11439375579357147,,,,
,,,,,4,28,,0.8516949415206909,0.8409091234207153,0.8965517282485962,0.75
,,,,,4,28,,0.8516949415206909,0.8409091234207153,0.8965517282485962,0.75
,,,,,4,28,,0.7881355881690979,0.7687937021255493,0.875,0.6057692170143127
