val_loss,val_accuracy,val_auroc,val_precision,val_recall,epoch,step,train_loss,test_accuracy,test_auroc,test_precision,test_recall
0.6208494305610657,0.557894766330719,0.5,0.0,0.0,0,13,,,,,
,,,,,0,13,0.6349874138832092,,,,
0.6206467747688293,0.557894766330719,0.5,0.0,0.0,1,27,,,,,
,,,,,1,27,0.6075137853622437,,,,
0.6188595294952393,0.557894766330719,0.5,0.0,0.0,2,41,,,,,
,,,,,2,41,0.6006280779838562,,,,
0.6179019808769226,0.557894766330719,0.5,0.0,0.0,3,55,,,,,
,,,,,3,55,0.5886184573173523,,,,
0.6165490746498108,0.557894766330719,0.5,0.0,0.0,4,69,,,,,
,,,,,4,69,0.5574645400047302,,,,
,,,,,5,70,,0.555084764957428,0.5,0.0,0.0
,,,,,5,70,,0.555084764957428,0.5,0.0,0.0
,,,,,5,70,,0.555084764957428,0.5,0.0,0.0
