val_loss,val_accuracy,val_auroc,val_precision,val_recall,epoch,step,train_loss,test_accuracy,test_auroc,test_precision,test_recall
1.284218430519104,0.7157894968986511,0.7428122162818909,0.611940324306488,0.976190447807312,0,6,,,,,
,,,,,0,6,0.4530576467514038,,,,
0.6379576921463013,0.8526315689086914,0.8432164788246155,0.8888888955116272,0.761904776096344,1,13,,,,,
,,,,,1,13,0.2838745713233948,,,,
0.5197967886924744,0.8315789699554443,0.8342319130897522,0.782608687877655,0.8571428656578064,2,20,,,,,
,,,,,2,20,0.17703118920326233,,,,
0.5753252506256104,0.800000011920929,0.7886343002319336,0.8285714387893677,0.6904761791229248,3,27,,,,,
,,,,,3,27,0.08259879052639008,,,,
,,,,,4,28,,0.8262711763381958,0.8123227953910828,0.8999999761581421,0.6857143044471741
,,,,,4,28,,0.8305084705352783,0.8274809122085571,0.8155339956283569,0.800000011920929
,,,,,4,28,,0.8008474707603455,0.7828062772750854,0.9027777910232544,0.6190476417541504
