val_loss,val_accuracy,val_auroc,val_precision,val_recall,epoch,step,train_loss,test_accuracy,test_auroc,test_precision,test_recall
0.6160275936126709,0.557894766330719,0.5,0.0,0.0,0,26,,,,,
,,,,,0,26,0.6672195792198181,,,,
0.6169864535331726,0.557894766330719,0.5,0.0,0.0,1,53,,,,,
,,,,,1,53,0.5317593812942505,,,,
0.5652487874031067,0.6000000238418579,0.555031418800354,0.699999988079071,0.1666666716337204,2,80,,,,,
,,,,,2,80,0.43887853622436523,,,,
0.47956913709640503,0.7157894968986511,0.6983378529548645,0.7419354915618896,0.5476190447807312,3,107,,,,,
,,,,,3,107,0.3130699396133423,,,,
0.49540644884109497,0.7263157963752747,0.7225965857505798,0.6904761791229248,0.6904761791229248,4,134,,,,,
,,,,,4,134,0.2575344741344452,,,,
,,,,,5,135,,0.7372881174087524,0.7376165390014648,0.6875,0.7403846383094788
,,,,,5,135,,0.7245762944221497,0.7160547375679016,0.7052631974220276,0.6442307829856873
,,,,,5,135,,0.7372881174087524,0.7376165390014648,0.6875,0.7403846383094788
