val_loss,val_accuracy,val_auroc,val_precision,val_recall,epoch,step,train_loss,test_accuracy,test_auroc,test_precision,test_recall
0.6208186149597168,0.557894766330719,0.5,0.0,0.0,0,13,,,,,
,,,,,0,13,0.6281510591506958,,,,
0.619817316532135,0.557894766330719,0.5,0.0,0.0,1,27,,,,,
,,,,,1,27,0.6241784691810608,,,,
0.6186844706535339,0.557894766330719,0.5,0.0,0.0,2,41,,,,,
,,,,,2,41,0.6067830920219421,,,,
0.6171216368675232,0.557894766330719,0.5,0.0,0.0,3,55,,,,,
,,,,,3,55,0.6017581224441528,,,,
0.6174567341804504,0.557894766330719,0.5,0.0,0.0,4,69,,,,,
,,,,,4,69,0.5796671509742737,,,,
,,,,,5,70,,0.5593220591545105,0.5,0.0,0.0
,,,,,5,70,,0.5593220591545105,0.5,0.0,0.0
,,,,,5,70,,0.5593220591545105,0.5,0.0,0.0
