val_loss,val_accuracy,val_auroc,val_precision,val_recall,epoch,step,train_loss,test_accuracy,test_auroc,test_precision,test_recall
0.6179909706115723,0.557894766330719,0.5,0.0,0.0,0,13,,,,,
,,,,,0,13,0.6394161581993103,,,,
0.6155763268470764,0.557894766330719,0.5,0.0,0.0,1,27,,,,,
,,,,,1,27,0.5818346738815308,,,,
0.6150975823402405,0.557894766330719,0.5,0.0,0.0,2,41,,,,,
,,,,,2,41,0.5024605989456177,,,,
0.6150078177452087,0.557894766330719,0.5,0.0,0.0,3,55,,,,,
,,,,,3,55,0.3996691107749939,,,,
0.6033685803413391,0.557894766330719,0.5,0.0,0.0,4,69,,,,,
,,,,,4,69,0.2854052782058716,,,,
,,,,,5,70,,0.5593220591545105,0.5,0.0,0.0
,,,,,5,70,,0.5593220591545105,0.5,0.0,0.0
,,,,,5,70,,0.5593220591545105,0.5,0.0,0.0
