val_loss,val_accuracy,val_auroc,val_precision,val_recall,epoch,step,train_loss,test_accuracy,test_auroc,test_precision,test_recall
0.5903093814849854,0.6000000238418579,0.639038622379303,0.5256410241127014,0.976190447807312,0,6,,,,,
,,,,,0,6,0.6217561364173889,,,,
0.5488935112953186,0.7789473533630371,0.7623540163040161,0.8387095928192139,0.6190476417541504,1,13,,,,,
,,,,,1,13,0.5403753519058228,,,,
0.5228893160820007,0.7684210538864136,0.7430369257926941,0.9166666865348816,0.523809552192688,2,20,,,,,
,,,,,2,20,0.48874029517173767,,,,
0.5011107325553894,0.7789473533630371,0.7524707913398743,0.95652174949646,0.523809552192688,3,27,,,,,
,,,,,3,27,0.44483426213264465,,,,
,,,,,4,28,,0.8432203531265259,0.8294802308082581,0.925000011920929,0.7047619223594666
,,,,,4,28,,0.7796609997749329,0.7552162408828735,0.9491525292396545,0.5333333611488342
,,,,,4,28,,0.7796609997749329,0.7552162408828735,0.9491525292396545,0.5333333611488342
