val_loss,val_accuracy,val_auroc,val_precision,val_recall,epoch,step,train_loss,test_accuracy,test_auroc,test_precision,test_recall
0.6208150386810303,0.557894766330719,0.5,0.0,0.0,0,13,,,,,
,,,,,0,13,0.6415160894393921,,,,
0.6202161312103271,0.557894766330719,0.5,0.0,0.0,1,27,,,,,
,,,,,1,27,0.6283803582191467,,,,
0.6200023889541626,0.557894766330719,0.5,0.0,0.0,2,41,,,,,
,,,,,2,41,0.6458006501197815,,,,
0.619601845741272,0.557894766330719,0.5,0.0,0.0,3,55,,,,,
,,,,,3,55,0.6308362483978271,,,,
0.6190035343170166,0.557894766330719,0.5,0.0,0.0,4,69,,,,,
,,,,,4,69,0.635696291923523,,,,
,,,,,5,70,,0.5593220591545105,0.5,0.0,0.0
,,,,,5,70,,0.5593220591545105,0.5,0.0,0.0
,,,,,5,70,,0.5593220591545105,0.5,0.0,0.0
