val_loss,val_accuracy,val_auroc,val_precision,val_recall,epoch,step,train_loss,test_accuracy,test_auroc,test_precision,test_recall
0.61549311876297,0.557894766330719,0.5,0.0,0.0,0,26,,,,,
,,,,,0,26,0.6205602288246155,,,,
0.6163520812988281,0.557894766330719,0.5,0.0,0.0,1,53,,,,,
,,,,,1,53,0.4809112250804901,,,,
0.557573676109314,0.5684210658073425,0.511904776096344,1.0,0.02380952425301075,2,80,,,,,
,,,,,2,80,0.3988882303237915,,,,
0.40797045826911926,0.7894737124443054,0.7717880010604858,0.8666666746139526,0.6190476417541504,3,107,,,,,
,,,,,3,107,0.30196240544319153,,,,
0.44878649711608887,0.7684210538864136,0.7553907632827759,0.7941176295280457,0.6428571343421936,4,134,,,,,
,,,,,4,134,0.21747347712516785,,,,
,,,,,5,135,,0.75527423620224,0.7403679490089417,0.790123462677002,0.6095238327980042
,,,,,5,135,,0.75527423620224,0.7403679490089417,0.790123462677002,0.6095238327980042
,,,,,5,135,,0.7594936490058899,0.7451298832893372,0.792682945728302,0.6190476417541504
