val_loss,val_accuracy,val_auroc,val_precision,val_recall,epoch,step,train_loss,test_accuracy,test_auroc,test_precision,test_recall
0.6173118948936462,0.557894766330719,0.5,0.0,0.0,0,26,,,,,
,,,,,0,26,0.627334475517273,,,,
0.6160522103309631,0.557894766330719,0.5,0.0,0.0,1,53,,,,,
,,,,,1,53,0.6125119924545288,,,,
0.614154577255249,0.557894766330719,0.5,0.0,0.0,2,80,,,,,
,,,,,2,80,0.5904964208602905,,,,
0.6797361969947815,0.6000000238418579,0.5723270773887634,0.5833333134651184,0.3333333432674408,3,107,,,,,
,,,,,3,107,0.5512118935585022,,,,
0.6861390471458435,0.7157894968986511,0.7008086442947388,0.7272727489471436,0.5714285969734192,4,134,,,,,
,,,,,4,134,0.5340354442596436,,,,
,,,,,5,135,,0.7033898234367371,0.6981351971626282,0.6666666865348816,0.6538461446762085
,,,,,5,135,,0.555084764957428,0.4962121248245239,0.0,0.0
,,,,,5,135,,0.7033898234367371,0.6981351971626282,0.6666666865348816,0.6538461446762085
