val_loss,val_accuracy,val_auroc,val_precision,val_recall,epoch,step,train_loss,test_accuracy,test_auroc,test_precision,test_recall
0.5268980264663696,0.6842105388641357,0.6823899149894714,0.6363636255264282,0.6666666865348816,0,13,,,,,
,,,,,0,13,0.4928620457649231,,,,
1.671452522277832,0.49473685026168823,0.5446990132331848,0.46590909361839294,0.976190447807312,1,27,,,,,
,,,,,1,27,0.2057620882987976,,,,
0.8345257639884949,0.7789473533630371,0.7747079730033875,0.7560975551605225,0.738095223903656,2,41,,,,,
,,,,,2,41,0.0923689529299736,,,,
1.019953727722168,0.6842105388641357,0.6947439312934875,0.6111111044883728,0.7857142686843872,3,55,,,,,
,,,,,3,55,0.06039879471063614,,,,
1.0648590326309204,0.7157894968986511,0.7255166172981262,0.6415094137191772,0.8095238208770752,4,69,,,,,
,,,,,4,69,0.023184360936284065,,,,
,,,,,5,70,,0.7721518874168396,0.7759740352630615,0.7142857313156128,0.8095238208770752
,,,,,5,70,,0.7932489514350891,0.8027056455612183,0.7153846025466919,0.8857142925262451
,,,,,5,70,,0.7637130618095398,0.7742424011230469,0.6842105388641357,0.8666667342185974
