val_loss,val_accuracy,val_auroc,val_precision,val_recall,epoch,step,train_loss,test_accuracy,test_auroc,test_precision,test_recall
0.6187627911567688,0.557894766330719,0.5,0.0,0.0,0,26,,,,,
,,,,,0,26,0.6305240392684937,,,,
0.6178144216537476,0.557894766330719,0.5,0.0,0.0,1,53,,,,,
,,,,,1,53,0.593564510345459,,,,
0.6119862198829651,0.557894766330719,0.5,0.0,0.0,2,80,,,,,
,,,,,2,80,0.5736343860626221,,,,
0.7047918438911438,0.6315789222717285,0.6055704951286316,0.6399999856948853,0.380952388048172,3,107,,,,,
,,,,,3,107,0.5198110342025757,,,,
0.7446434497833252,0.6526315808296204,0.6293801069259644,0.6666666865348816,0.4285714328289032,4,134,,,,,
,,,,,4,134,0.4891888201236725,,,,
,,,,,5,135,,0.7076271176338196,0.6865503191947937,0.7647058963775635,0.4952380955219269
,,,,,5,135,,0.555084764957428,0.5,0.0,0.0
,,,,,5,135,,0.7076271176338196,0.6865503191947937,0.7647058963775635,0.4952380955219269
