val_loss,val_accuracy,val_auroc,val_precision,val_recall,epoch,step,train_loss,test_accuracy,test_auroc,test_precision,test_recall
0.6189290881156921,0.5473684072494507,0.5449236631393433,0.48888885974884033,0.523809552192688,0,6,,,,,
,,,,,0,6,0.6729345917701721,,,,
0.5731545090675354,0.7263157963752747,0.7028301954269409,0.807692289352417,0.5,1,13,,,,,
,,,,,1,13,0.28738242387771606,,,,
0.5099727511405945,0.7789473533630371,0.7598832249641418,0.8620689511299133,0.5952380895614624,2,20,,,,,
,,,,,2,20,0.14191241562366486,,,,
0.4461272656917572,0.7684210538864136,0.7578616738319397,0.7777778506278992,0.6666666865348816,3,27,,,,,
,,,,,3,27,0.06817275285720825,,,,
0.41577133536338806,0.7894737124443054,0.7816711664199829,0.7894737124443054,0.7142857313156128,4,34,,,,,
,,,,,4,34,0.0340067483484745,,,,
,,,,,5,35,,0.758474588394165,0.7565559148788452,0.7196261882781982,0.7403846383094788
,,,,,5,35,,0.758474588394165,0.7565559148788452,0.7196261882781982,0.7403846383094788
,,,,,5,35,,0.758474588394165,0.7565559148788452,0.7196261882781982,0.7403846383094788
