val_loss,val_accuracy,val_auroc,val_precision,val_recall,epoch,step,train_loss,test_accuracy,test_auroc,test_precision,test_recall
0.5078105330467224,0.8105263113975525,0.7906559109687805,0.9285714626312256,0.6190476417541504,0,6,,,,,
,,,,,0,6,0.518893301486969,,,,
0.3989114761352539,0.8315789699554443,0.8119946122169495,0.9642857313156128,0.6428571343421936,1,13,,,,,
,,,,,1,13,0.2684154510498047,,,,
0.34634464979171753,0.8526315689086914,0.8333333730697632,1.0,0.6666666865348816,2,20,,,,,
,,,,,2,20,0.12385202944278717,,,,
0.3862290680408478,0.8421052694320679,0.8214285373687744,1.0,0.6428571343421936,3,27,,,,,
,,,,,3,27,0.04961726441979408,,,,
,,,,,4,28,,0.805084764957428,0.7900640964508057,0.862500011920929,0.6634615659713745
,,,,,4,28,,0.805084764957428,0.7900640964508057,0.862500011920929,0.6634615659713745
,,,,,4,28,,0.805084764957428,0.7880244851112366,0.8815789222717285,0.6442307829856873
