val_loss,val_accuracy,val_auroc,val_precision,val_recall,epoch,step,train_loss,test_accuracy,test_auroc,test_precision,test_recall
1.0330768823623657,0.4421052634716034,0.44811320304870605,0.3962264358997345,0.5,0,6,,,,,
,,,,,0,6,1.3029197454452515,,,,
1.0804082155227661,0.5263158082962036,0.4840521216392517,0.38461539149284363,0.1190476194024086,1,13,,,,,
,,,,,1,13,0.9397064447402954,,,,
1.0425368547439575,0.5052631497383118,0.47259658575057983,0.380952388048172,0.190476194024086,2,20,,,,,
,,,,,2,20,0.9695806503295898,,,,
1.0069676637649536,0.4421052634716034,0.5,0.4421052634716034,1.0,3,27,,,,,
,,,,,3,27,0.9139159917831421,,,,
1.0061554908752441,0.4421052634716034,0.5,0.4421052634716034,1.0,4,34,,,,,
,,,,,4,34,0.901170015335083,,,,
,,,,,5,35,,0.4449152648448944,0.5,0.4449152648448944,1.0
,,,,,5,35,,0.4449152648448944,0.5,0.4449152648448944,1.0
,,,,,5,35,,0.4449152648448944,0.5,0.4449152648448944,1.0
