val_loss,val_accuracy,val_auroc,val_precision,val_recall,epoch,step,train_loss,test_accuracy,test_auroc,test_precision,test_recall
0.6175527572631836,0.557894766330719,0.5,0.0,0.0,0,26,,,,,
,,,,,0,26,0.6260278224945068,,,,
0.6174155473709106,0.557894766330719,0.5,0.0,0.0,1,53,,,,,
,,,,,1,53,0.6041532158851624,,,,
0.6145475506782532,0.557894766330719,0.5,0.0,0.0,2,80,,,,,
,,,,,2,80,0.5931081771850586,,,,
0.6009443998336792,0.6736842393875122,0.6507187485694885,0.7037037014961243,0.4523809850215912,3,107,,,,,
,,,,,3,107,0.5452173352241516,,,,
0.5708935856819153,0.7684210538864136,0.7553907632827759,0.7941176295280457,0.6428571343421936,4,134,,,,,
,,,,,4,134,0.5057964324951172,,,,
,,,,,5,135,,0.6822034120559692,0.6689976453781128,0.6666666865348816,0.557692289352417
,,,,,5,135,,0.6822034120559692,0.6689976453781128,0.6666666865348816,0.557692289352417
,,,,,5,135,,0.6822034120559692,0.6689976453781128,0.6666666865348816,0.557692289352417
