val_loss,val_accuracy,val_auroc,val_precision,val_recall,epoch,step,train_loss,test_accuracy,test_auroc,test_precision,test_recall
0.6212869882583618,0.4421052634716034,0.5,0.4421052634716034,1.0,0,13,,,,,
,,,,,0,13,0.6263838410377502,,,,
0.6200576424598694,0.557894766330719,0.5,0.0,0.0,1,27,,,,,
,,,,,1,27,0.623318612575531,,,,
0.619968831539154,0.557894766330719,0.5,0.0,0.0,2,41,,,,,
,,,,,2,41,0.6063750386238098,,,,
0.6201794147491455,0.557894766330719,0.5,0.0,0.0,3,55,,,,,
,,,,,3,55,0.597223699092865,,,,
0.618412435054779,0.557894766330719,0.5,0.0,0.0,4,69,,,,,
,,,,,4,69,0.5782447457313538,,,,
,,,,,5,70,,0.4449152648448944,0.5,0.4449152648448944,1.0
,,,,,5,70,,0.555084764957428,0.5,0.0,0.0
,,,,,5,70,,0.555084764957428,0.5,0.0,0.0
