val_loss,val_accuracy,val_auroc,val_precision,val_recall,epoch,step,train_loss,test_accuracy,test_auroc,test_precision,test_recall
0.6204778552055359,0.557894766330719,0.5,0.0,0.0,0,6,,,,,
,,,,,0,6,0.630992591381073,,,,
0.6204044222831726,0.557894766330719,0.5,0.0,0.0,1,13,,,,,
,,,,,1,13,0.6324456334114075,,,,
0.6201931238174438,0.557894766330719,0.5,0.0,0.0,2,20,,,,,
,,,,,2,20,0.6286123394966125,,,,
0.6201375126838684,0.557894766330719,0.5,0.0,0.0,3,27,,,,,
,,,,,3,27,0.6290538907051086,,,,
0.6198623776435852,0.557894766330719,0.5,0.0,0.0,4,34,,,,,
,,,,,4,34,0.6257647275924683,,,,
,,,,,5,35,,0.5569620132446289,0.5,0.0,0.0
,,,,,5,35,,0.5569620132446289,0.5,0.0,0.0
,,,,,5,35,,0.5569620132446289,0.5,0.0,0.0
