val_loss,val_accuracy,val_auroc,val_precision,val_recall,epoch,step,train_loss,test_accuracy,test_auroc,test_precision,test_recall
0.38604363799095154,0.8315789699554443,0.8317610025405884,0.7954545617103577,0.8333333134651184,0,26,,,,,
,,,,,0,26,0.41868507862091064,,,,
0.3904972970485687,0.8105263113975525,0.8153639435768127,0.75,0.8571428656578064,1,53,,,,,
,,,,,1,53,0.15955373644828796,,,,
0.35884982347488403,0.8526315689086914,0.8530997633934021,0.8181818127632141,0.8571428656578064,2,80,,,,,
,,,,,2,80,0.05378987640142441,,,,
0.35406455397605896,0.8526315689086914,0.8530997633934021,0.8181818127632141,0.8571428656578064,3,107,,,,,
,,,,,3,107,0.03153110295534134,,,,
,,,,,4,108,,0.8559321761131287,0.8466011881828308,0.898876428604126,0.761904776096344
,,,,,4,108,,0.8432203531265259,0.8351508378982544,0.8695652484893799,0.761904776096344
,,,,,4,108,,0.8432203531265259,0.8351508378982544,0.8695652484893799,0.761904776096344
