val_loss,val_accuracy,val_auroc,val_precision,val_recall,epoch,step,train_loss,test_accuracy,test_auroc,test_precision,test_recall
0.34586846828460693,0.821052610874176,0.8223269581794739,0.7777778506278992,0.8333333134651184,0,26,,,,,
,,,,,0,26,0.4328869879245758,,,,
0.32318177819252014,0.821052610874176,0.8272686004638672,0.7551020383834839,0.8809523582458496,1,53,,,,,
,,,,,1,53,0.28880640864372253,,,,
0.32476016879081726,0.8736842274665833,0.8620845079421997,0.9411764740943909,0.761904776096344,2,80,,,,,
,,,,,2,80,0.2496195137500763,,,,
0.28453966975212097,0.8421052694320679,0.8486073613166809,0.7755101919174194,0.9047619700431824,3,107,,,,,
,,,,,3,107,0.2551923990249634,,,,
,,,,,4,108,,0.8008474707603455,0.7893356680870056,0.8275862336158752,0.692307710647583
,,,,,4,108,,0.8559321761131287,0.8579545617103577,0.8125,0.875
,,,,,4,108,,0.8559321761131287,0.8579545617103577,0.8125,0.875
