val_loss,val_accuracy,val_auroc,val_precision,val_recall,epoch,step,train_loss,test_accuracy,test_auroc,test_precision,test_recall
0.6359651684761047,0.4421052634716034,0.5,0.4421052634716034,1.0,0,6,,,,,
,,,,,0,6,0.6834833025932312,,,,
0.613700270652771,0.557894766330719,0.5,0.0,0.0,1,13,,,,,
,,,,,1,13,0.5727576613426208,,,,
0.6046915650367737,0.5368421077728271,0.48607367277145386,0.3333333432674408,0.0476190485060215,2,20,,,,,
,,,,,2,20,0.5238679647445679,,,,
0.592299222946167,0.6315789222717285,0.5956873297691345,0.7058823704719543,0.2857142984867096,3,27,,,,,
,,,,,3,27,0.44543856382369995,,,,
0.6179792881011963,0.621052622795105,0.6035489439964294,0.59375,0.4523809850215912,4,34,,,,,
,,,,,4,34,0.376825749874115,,,,
,,,,,5,35,,0.6355932354927063,0.6120338439941406,0.6323529481887817,0.4134615361690521
,,,,,5,35,,0.5805084705352783,0.5383157730102539,0.5757575631141663,0.18269230425357819
,,,,,5,35,,0.6355932354927063,0.6120338439941406,0.6323529481887817,0.4134615361690521
