val_loss,val_accuracy,val_auroc,val_precision,val_recall,epoch,step,train_loss,test_accuracy,test_auroc,test_precision,test_recall
0.557894766330719,0.4421052634716034,0.5,0.4421052634716034,1.0,0,13,,,,,
,,,,,0,13,0.5647954344749451,,,,
0.557894766330719,0.4421052634716034,0.5,0.4421052634716034,1.0,1,27,,,,,
,,,,,1,27,0.5583038926124573,,,,
0.557894766330719,0.4421052634716034,0.5,0.4421052634716034,1.0,2,41,,,,,
,,,,,2,41,0.5583038926124573,,,,
0.557894766330719,0.4421052634716034,0.5,0.4421052634716034,1.0,3,55,,,,,
,,,,,3,55,0.5583038926124573,,,,
0.557894766330719,0.4421052634716034,0.5,0.4421052634716034,1.0,4,69,,,,,
,,,,,4,69,0.5583038926124573,,,,
,,,,,5,70,,0.4430379867553711,0.5,0.4430379867553711,1.0
,,,,,5,70,,0.4430379867553711,0.5,0.4430379867553711,1.0
,,,,,5,70,,0.4430379867553711,0.5,0.4430379867553711,1.0
