val_loss,val_accuracy,val_auroc,val_precision,val_recall,epoch,step,train_loss,test_accuracy,test_auroc,test_precision,test_recall
0.6181684136390686,0.557894766330719,0.5,0.0,0.0,0,6,,,,,
,,,,,0,6,0.6474311947822571,,,,
0.6185370683670044,0.557894766330719,0.5,0.0,0.0,1,13,,,,,
,,,,,1,13,0.5814874768257141,,,,
0.6176463961601257,0.557894766330719,0.5,0.0,0.0,2,20,,,,,
,,,,,2,20,0.5176092386245728,,,,
0.6170258522033691,0.557894766330719,0.5,0.0,0.0,3,27,,,,,
,,,,,3,27,0.4171738624572754,,,,
0.61642986536026,0.557894766330719,0.5,0.0,0.0,4,34,,,,,
,,,,,4,34,0.33283504843711853,,,,
,,,,,5,35,,0.5569620132446289,0.5,0.0,0.0
,,,,,5,35,,0.5569620132446289,0.5,0.0,0.0
,,,,,5,35,,0.5569620132446289,0.5,0.0,0.0
