val_loss,val_accuracy,val_auroc,val_precision,val_recall,epoch,step,train_loss,test_accuracy,test_auroc,test_precision,test_recall
0.616262674331665,0.557894766330719,0.5,0.0,0.0,0,13,,,,,
,,,,,0,13,0.6325407028198242,,,,
0.6171888113021851,0.557894766330719,0.5,0.0,0.0,1,27,,,,,
,,,,,1,27,0.5504316687583923,,,,
0.6157635450363159,0.557894766330719,0.5,0.0,0.0,2,41,,,,,
,,,,,2,41,0.4421963393688202,,,,
0.6160650253295898,0.557894766330719,0.5,0.0,0.0,3,55,,,,,
,,,,,3,55,0.3438451290130615,,,,
0.6037750840187073,0.557894766330719,0.5,0.0,0.0,4,69,,,,,
,,,,,4,69,0.25782647728919983,,,,
,,,,,5,70,,0.5593220591545105,0.5,0.0,0.0
,,,,,5,70,,0.5593220591545105,0.5,0.0,0.0
,,,,,5,70,,0.5593220591545105,0.5,0.0,0.0
