val_loss,val_accuracy,val_auroc,val_precision,val_recall,epoch,step,train_loss,test_accuracy,test_auroc,test_precision,test_recall
1.0617725849151611,0.4421052634716034,0.5,0.4421052634716034,1.0,0,26,,,,,
,,,,,0,26,1.0642383098602295,,,,
0.9060361981391907,0.4421052634716034,0.5,0.4421052634716034,1.0,1,53,,,,,
,,,,,1,53,0.9228501319885254,,,,
0.8190525770187378,0.4421052634716034,0.5,0.4421052634716034,1.0,2,80,,,,,
,,,,,2,80,0.7300424575805664,,,,
0.7056195139884949,0.410526305437088,0.4593440890312195,0.4204545319080353,0.8809523582458496,3,107,,,,,
,,,,,3,107,0.5996225476264954,,,,
0.7811502814292908,0.3263157904148102,0.3468104302883148,0.3333333432674408,0.523809552192688,4,134,,,,,
,,,,,4,134,0.49032750725746155,,,,
,,,,,5,135,,0.4406779706478119,0.5,0.4406779706478119,1.0
,,,,,5,135,,0.42796608805656433,0.4743589758872986,0.4265402853488922,0.8653846383094788
,,,,,5,135,,0.3686440587043762,0.3886946439743042,0.3602484464645386,0.557692289352417
