val_loss,val_accuracy,val_auroc,val_precision,val_recall,epoch,step,train_loss,test_accuracy,test_auroc,test_precision,test_recall
0.6191326379776001,0.557894766330719,0.5,0.0,0.0,0,13,,,,,
,,,,,0,13,0.6368020176887512,,,,
0.6153681874275208,0.557894766330719,0.5,0.0,0.0,1,27,,,,,
,,,,,1,27,0.5815451741218567,,,,
0.6151409149169922,0.557894766330719,0.5,0.0,0.0,2,41,,,,,
,,,,,2,41,0.420396089553833,,,,
0.6151212453842163,0.557894766330719,0.5,0.0,0.0,3,55,,,,,
,,,,,3,55,0.33859142661094666,,,,
0.6019835472106934,0.557894766330719,0.5,0.0,0.0,4,69,,,,,
,,,,,4,69,0.25298795104026794,,,,
,,,,,5,70,,0.5593220591545105,0.5,0.0,0.0
,,,,,5,70,,0.5635592937469482,0.504807710647583,1.0,0.009615384973585606
,,,,,5,70,,0.5635592937469482,0.504807710647583,1.0,0.009615384973585606
