val_loss,val_accuracy,val_auroc,val_precision,val_recall,epoch,step,train_loss,test_accuracy,test_auroc,test_precision,test_recall
0.7916804552078247,0.4421052634716034,0.5,0.4421052634716034,1.0,0,26,,,,,
,,,,,0,26,1.0871822834014893,,,,
0.7551944255828857,0.4421052634716034,0.5,0.4421052634716034,1.0,1,53,,,,,
,,,,,1,53,0.8474241495132446,,,,
0.7715554237365723,0.4421052634716034,0.5,0.4421052634716034,1.0,2,80,,,,,
,,,,,2,80,0.682509183883667,,,,
0.8991499543190002,0.2210526317358017,0.25,0.28378379344940186,0.5,3,107,,,,,
,,,,,3,107,0.7371063828468323,,,,
0.700228750705719,0.43157893419265747,0.48562440276145935,0.43478262424468994,0.9523809552192688,4,134,,,,,
,,,,,4,134,0.572621762752533,,,,
,,,,,5,135,,0.4406779706478119,0.5,0.4406779706478119,1.0
,,,,,5,135,,0.39830508828163147,0.44682401418685913,0.41203704476356506,0.8557692170143127
,,,,,5,135,,0.39830508828163147,0.44682401418685913,0.41203704476356506,0.8557692170143127
