val_loss,val_accuracy,val_auroc,val_precision,val_recall,epoch,step,train_loss,test_accuracy,test_auroc,test_precision,test_recall
0.48034173250198364,0.7473683953285217,0.7266397476196289,0.8214285373687744,0.5476190447807312,0,13,,,,,
,,,,,0,13,0.42982324957847595,,,,
0.5012232065200806,0.8105263113975525,0.7906559109687805,0.9285714626312256,0.6190476417541504,1,27,,,,,
,,,,,1,27,0.28491005301475525,,,,
0.5818946957588196,0.800000011920929,0.7836927175521851,0.8709677457809448,0.6428571343421936,2,41,,,,,
,,,,,2,41,0.17765386402606964,,,,
0.4371286630630493,0.800000011920929,0.7911050915718079,0.8108107447624207,0.7142857313156128,3,55,,,,,
,,,,,3,55,0.19230137765407562,,,,
,,,,,4,56,,0.8093220591545105,0.8081293106079102,0.7757009267807007,0.7980769276618958
,,,,,4,56,,0.8093220591545105,0.8081293106079102,0.7757009267807007,0.7980769276618958
,,,,,4,56,,0.8093220591545105,0.8081293106079102,0.7757009267807007,0.7980769276618958
