val_loss,val_accuracy,val_auroc,val_precision,val_recall,epoch,step,train_loss,test_accuracy,test_auroc,test_precision,test_recall
0.6184040904045105,0.557894766330719,0.5,0.0,0.0,0,13,,,,,
,,,,,0,13,0.630885660648346,,,,
0.6178996562957764,0.557894766330719,0.5,0.0,0.0,1,27,,,,,
,,,,,1,27,0.6315174102783203,,,,
0.6180418729782104,0.557894766330719,0.5,0.0,0.0,2,41,,,,,
,,,,,2,41,0.6328352093696594,,,,
0.6185843348503113,0.557894766330719,0.5,0.0,0.0,3,55,,,,,
,,,,,3,55,0.6206117868423462,,,,
0.6187884211540222,0.557894766330719,0.5,0.0,0.0,4,69,,,,,
,,,,,4,69,0.6209556460380554,,,,
,,,,,5,70,,0.555084764957428,0.5,0.0,0.0
,,,,,5,70,,0.555084764957428,0.5,0.0,0.0
,,,,,5,70,,0.555084764957428,0.5,0.0,0.0
