val_loss,val_accuracy,val_auroc,val_precision,val_recall,epoch,step,train_loss,test_accuracy,test_auroc,test_precision,test_recall
0.6204754114151001,0.557894766330719,0.5,0.0,0.0,0,13,,,,,
,,,,,0,13,0.6228169202804565,,,,
0.6194192171096802,0.557894766330719,0.5,0.0,0.0,1,27,,,,,
,,,,,1,27,0.6076775789260864,,,,
0.6189283132553101,0.557894766330719,0.5,0.0,0.0,2,41,,,,,
,,,,,2,41,0.5912814736366272,,,,
0.6184507608413696,0.557894766330719,0.5,0.0,0.0,3,55,,,,,
,,,,,3,55,0.5731233358383179,,,,
0.6169304847717285,0.557894766330719,0.5,0.0,0.0,4,69,,,,,
,,,,,4,69,0.5411694645881653,,,,
,,,,,5,70,,0.5569620132446289,0.5,0.0,0.0
,,,,,5,70,,0.5569620132446289,0.5,0.0,0.0
,,,,,5,70,,0.5569620132446289,0.5,0.0,0.0
