val_loss,val_accuracy,val_auroc,val_precision,val_recall,epoch,step,train_loss,test_accuracy,test_auroc,test_precision,test_recall
1.1321247816085815,0.4842105209827423,0.5253818035125732,0.45679011940956116,0.8809523582458496,0,13,,,,,
,,,,,0,13,1.2246935367584229,,,,
1.0422190427780151,0.5052631497383118,0.5343666076660156,0.4647887349128723,0.7857142686843872,1,27,,,,,
,,,,,1,27,1.1025748252868652,,,,
0.9914090037345886,0.5157894492149353,0.5265049934387207,0.4642857313156128,0.6190476417541504,2,41,,,,,
,,,,,2,41,1.0309481620788574,,,,
0.9692635536193848,0.4421052634716034,0.5,0.4421052634716034,1.0,3,55,,,,,
,,,,,3,55,0.9836615920066833,,,,
0.9638980031013489,0.4421052634716034,0.5,0.4421052634716034,1.0,4,69,,,,,
,,,,,4,69,0.9611397981643677,,,,
,,,,,5,70,,0.5169491767883301,0.5447261333465576,0.47093021869659424,0.7788461446762085
,,,,,5,70,,0.4406779706478119,0.5,0.4406779706478119,1.0
,,,,,5,70,,0.4406779706478119,0.5,0.4406779706478119,1.0
