val_loss,val_accuracy,val_auroc,val_precision,val_recall,epoch,step,train_loss,test_accuracy,test_auroc,test_precision,test_recall
0.62028568983078,0.557894766330719,0.5,0.0,0.0,0,6,,,,,
,,,,,0,6,0.6301325559616089,,,,
0.6200861930847168,0.557894766330719,0.5,0.0,0.0,1,13,,,,,
,,,,,1,13,0.6248853206634521,,,,
0.6190178394317627,0.557894766330719,0.5,0.0,0.0,2,20,,,,,
,,,,,2,20,0.6119303107261658,,,,
0.6181405782699585,0.557894766330719,0.5,0.0,0.0,3,27,,,,,
,,,,,3,27,0.608927309513092,,,,
0.6175036430358887,0.557894766330719,0.5,0.0,0.0,4,34,,,,,
,,,,,4,34,0.5932188630104065,,,,
,,,,,5,35,,0.5593220591545105,0.5,0.0,0.0
,,,,,5,35,,0.5593220591545105,0.5,0.0,0.0
,,,,,5,35,,0.5593220591545105,0.5,0.0,0.0
