val_loss,val_accuracy,val_auroc,val_precision,val_recall,epoch,step,train_loss,test_accuracy,test_auroc,test_precision,test_recall
1.6960792541503906,0.4421052634716034,0.5,0.4421052634716034,1.0,0,6,,,,,
,,,,,0,6,1.735444188117981,,,,
1.6082425117492676,0.43157893419265747,0.48562440276145935,0.43478262424468994,0.9523809552192688,1,13,,,,,
,,,,,1,13,1.6384856700897217,,,,
1.5206794738769531,0.4421052634716034,0.5,0.4421052634716034,1.0,2,20,,,,,
,,,,,2,20,1.544494867324829,,,,
1.43690025806427,0.4421052634716034,0.5,0.4421052634716034,1.0,3,27,,,,,
,,,,,3,27,1.4564796686172485,,,,
1.3570125102996826,0.4421052634716034,0.5,0.4421052634716034,1.0,4,34,,,,,
,,,,,4,34,1.3723949193954468,,,,
,,,,,5,35,,0.4430379867553711,0.5,0.4430379867553711,1.0
,,,,,5,35,,0.4430379867553711,0.5,0.4430379867553711,1.0
,,,,,5,35,,0.4430379867553711,0.5,0.4430379867553711,1.0
