val_loss,val_accuracy,val_auroc,val_precision,val_recall,epoch,step,train_loss,test_accuracy,test_auroc,test_precision,test_recall
0.6191143989562988,0.557894766330719,0.5,0.0,0.0,0,26,,,,,
,,,,,0,26,0.6289111971855164,,,,
0.6170686483383179,0.557894766330719,0.5,0.0,0.0,1,53,,,,,
,,,,,1,53,0.5984326004981995,,,,
0.6123024821281433,0.557894766330719,0.5,0.0,0.0,2,80,,,,,
,,,,,2,80,0.5585822463035583,,,,
0.5298193097114563,0.8105263113975525,0.795597493648529,0.875,0.6666666865348816,3,107,,,,,
,,,,,3,107,0.5047234296798706,,,,
0.48374316096305847,0.8421052694320679,0.8263701796531677,0.9354839324951172,0.6904761791229248,4,134,,,,,
,,,,,4,134,0.46687236428260803,,,,
,,,,,5,135,,0.6779661178588867,0.6601107120513916,0.6794871687889099,0.5096153616905212
,,,,,5,135,,0.6779661178588867,0.6601107120513916,0.6794871687889099,0.5096153616905212
,,,,,5,135,,0.6779661178588867,0.6601107120513916,0.6794871687889099,0.5096153616905212
