val_loss,val_accuracy,val_auroc,val_precision,val_recall,epoch,step,train_loss,test_accuracy,test_auroc,test_precision,test_recall
0.6203714609146118,0.557894766330719,0.5,0.0,0.0,0,13,,,,,
,,,,,0,13,0.6331730484962463,,,,
0.6187635064125061,0.557894766330719,0.5,0.0,0.0,1,27,,,,,
,,,,,1,27,0.6168213486671448,,,,
0.6186485886573792,0.557894766330719,0.5,0.0,0.0,2,41,,,,,
,,,,,2,41,0.597533643245697,,,,
0.6181003451347351,0.557894766330719,0.5,0.0,0.0,3,55,,,,,
,,,,,3,55,0.5981782674789429,,,,
0.6163975596427917,0.557894766330719,0.5,0.0,0.0,4,69,,,,,
,,,,,4,69,0.5685113668441772,,,,
,,,,,5,70,,0.5569620132446289,0.5,0.0,0.0
,,,,,5,70,,0.5569620132446289,0.5,0.0,0.0
,,,,,5,70,,0.5569620132446289,0.5,0.0,0.0
