val_loss,val_accuracy,val_auroc,val_precision,val_recall,epoch,step,train_loss,test_accuracy,test_auroc,test_precision,test_recall
0.6211614608764648,0.557894766330719,0.5,0.0,0.0,0,6,,,,,
,,,,,0,6,0.6388111114501953,,,,
0.6207485795021057,0.557894766330719,0.5,0.0,0.0,1,13,,,,,
,,,,,1,13,0.6297343969345093,,,,
0.6204302906990051,0.557894766330719,0.5,0.0,0.0,2,20,,,,,
,,,,,2,20,0.6169330477714539,,,,
0.6198471188545227,0.557894766330719,0.5,0.0,0.0,3,27,,,,,
,,,,,3,27,0.6117528080940247,,,,
0.6189743876457214,0.557894766330719,0.5,0.0,0.0,4,34,,,,,
,,,,,4,34,0.6029923558235168,,,,
,,,,,5,35,,0.555084764957428,0.5,0.0,0.0
,,,,,5,35,,0.555084764957428,0.5,0.0,0.0
,,,,,5,35,,0.555084764957428,0.5,0.0,0.0
