val_loss,val_accuracy,val_auroc,val_precision,val_recall,epoch,step,train_loss,test_accuracy,test_auroc,test_precision,test_recall
0.6207224130630493,0.557894766330719,0.5,0.0,0.0,0,6,,,,,
,,,,,0,6,0.6324076056480408,,,,
0.6203811764717102,0.557894766330719,0.5,0.0,0.0,1,13,,,,,
,,,,,1,13,0.6150562763214111,,,,
0.6193760633468628,0.557894766330719,0.5,0.0,0.0,2,20,,,,,
,,,,,2,20,0.6128227710723877,,,,
0.6186938285827637,0.557894766330719,0.5,0.0,0.0,3,27,,,,,
,,,,,3,27,0.6035868525505066,,,,
0.6178339123725891,0.557894766330719,0.5,0.0,0.0,4,34,,,,,
,,,,,4,34,0.5841933488845825,,,,
,,,,,5,35,,0.5593220591545105,0.5,0.0,0.0
,,,,,5,35,,0.5593220591545105,0.5,0.0,0.0
,,,,,5,35,,0.5593220591545105,0.5,0.0,0.0
