val_loss,val_accuracy,val_auroc,val_precision,val_recall,epoch,step,train_loss,test_accuracy,test_auroc,test_precision,test_recall
0.6167670488357544,0.557894766330719,0.5,0.0,0.0,0,6,,,,,
,,,,,0,6,0.6416574120521545,,,,
0.6152216196060181,0.557894766330719,0.5,0.0,0.0,1,13,,,,,
,,,,,1,13,0.5523687601089478,,,,
0.6151958703994751,0.557894766330719,0.5,0.0,0.0,2,20,,,,,
,,,,,2,20,0.48537737131118774,,,,
0.6158899068832397,0.557894766330719,0.5,0.0,0.0,3,27,,,,,
,,,,,3,27,0.3781687021255493,,,,
0.6200017929077148,0.557894766330719,0.5,0.0,0.0,4,34,,,,,
,,,,,4,34,0.3282915949821472,,,,
,,,,,5,35,,0.555084764957428,0.5,0.0,0.0
,,,,,5,35,,0.555084764957428,0.5,0.0,0.0
,,,,,5,35,,0.555084764957428,0.5,0.0,0.0
