val_loss,val_accuracy,val_auroc,val_precision,val_recall,epoch,step,train_loss,test_accuracy,test_auroc,test_precision,test_recall
0.4972524642944336,0.8631578683853149,0.8575921058654785,0.8717948794364929,0.8095238208770752,0,6,,,,,
,,,,,0,6,0.5042481422424316,,,,
0.3919854462146759,0.8526315689086914,0.8432164788246155,0.8888888955116272,0.761904776096344,1,13,,,,,
,,,,,1,13,0.23214171826839447,,,,
0.3776329457759857,0.800000011920929,0.781221866607666,0.8965517282485962,0.6190476417541504,2,20,,,,,
,,,,,2,20,0.11055511236190796,,,,
0.39632320404052734,0.7789473533630371,0.7623540163040161,0.8387095928192139,0.6190476417541504,3,27,,,,,
,,,,,3,27,0.03459007292985916,,,,
,,,,,4,28,,0.7711864113807678,0.7689393162727356,0.7358490824699402,0.75
,,,,,4,28,,0.8093220591545105,0.7928321957588196,0.8831169009208679,0.6538461446762085
,,,,,4,28,,0.8093220591545105,0.7969114184379578,0.8470588326454163,0.692307710647583
