val_loss,val_accuracy,val_auroc,val_precision,val_recall,epoch,step,train_loss,test_accuracy,test_auroc,test_precision,test_recall
0.6221292018890381,0.4421052634716034,0.5,0.4421052634716034,1.0,0,26,,,,,
,,,,,0,26,0.626573383808136,,,,
0.6152849793434143,0.557894766330719,0.5,0.0,0.0,1,53,,,,,
,,,,,1,53,0.49808329343795776,,,,
0.5570083260536194,0.5789473652839661,0.523809552192688,1.0,0.0476190485060215,2,80,,,,,
,,,,,2,80,0.3613397479057312,,,,
0.35307708382606506,0.821052610874176,0.8099730610847473,0.8571428656578064,0.7142857313156128,3,107,,,,,
,,,,,3,107,0.2908373773097992,,,,
0.507199764251709,0.7052631378173828,0.7086702585220337,0.6458333134651184,0.738095223903656,4,134,,,,,
,,,,,4,134,0.20814502239227295,,,,
,,,,,5,135,,0.7763713002204895,0.7651516199111938,0.7954545617103577,0.6666666865348816
,,,,,5,135,,0.7763713002204895,0.7651516199111938,0.7954545617103577,0.6666666865348816
,,,,,5,135,,0.7257384061813354,0.7235931158065796,0.6851851940155029,0.7047619223594666
