val_loss,val_accuracy,val_auroc,val_precision,val_recall,epoch,step,train_loss,test_accuracy,test_auroc,test_precision,test_recall
0.3230504095554352,0.8526315689086914,0.8382750153541565,0.9375,0.7142857313156128,0,26,,,,,
,,,,,0,26,0.4264649450778961,,,,
0.30693909525871277,0.8736842274665833,0.8719676733016968,0.8571428656578064,0.8571428656578064,1,53,,,,,
,,,,,1,53,0.29026636481285095,,,,
0.3731011748313904,0.7789473533630371,0.7623540163040161,0.8387095928192139,0.6190476417541504,2,80,,,,,
,,,,,2,80,0.2574409246444702,,,,
0.3473797142505646,0.8105263113975525,0.8104223012924194,0.7727272510528564,0.8095238208770752,3,107,,,,,
,,,,,3,107,0.23301081359386444,,,,
,,,,,4,108,,0.8601694703102112,0.8523082137107849,0.8913044333457947,0.7809523940086365
,,,,,4,108,,0.8601694703102112,0.8523082137107849,0.8913044333457947,0.7809523940086365
,,,,,4,108,,0.8220338821411133,0.8226826786994934,0.7837837934494019,0.8285714387893677
