val_loss,val_accuracy,val_auroc,val_precision,val_recall,epoch,step,train_loss,test_accuracy,test_auroc,test_precision,test_recall
1.2808927297592163,0.5368421077728271,0.4811321198940277,0.0,0.0,0,13,,,,,
,,,,,0,13,1.0687789916992188,,,,
0.916689932346344,0.4421052634716034,0.5,0.4421052634716034,1.0,1,27,,,,,
,,,,,1,27,0.9632707834243774,,,,
0.8910561203956604,0.4421052634716034,0.5,0.4421052634716034,1.0,2,41,,,,,
,,,,,2,41,0.7884320616722107,,,,
0.8660473227500916,0.4421052634716034,0.5,0.4421052634716034,1.0,3,55,,,,,
,,,,,3,55,0.640805184841156,,,,
0.8449551463127136,0.49473685026168823,0.4952830374240875,0.4375,0.5,4,69,,,,,
,,,,,4,69,0.5787063837051392,,,,
,,,,,5,70,,0.4449152648448944,0.5,0.4449152648448944,1.0
,,,,,5,70,,0.508474588394165,0.5156670808792114,0.45864662528038025,0.5809524059295654
,,,,,5,70,,0.508474588394165,0.5156670808792114,0.45864662528038025,0.5809524059295654
