val_loss,val_accuracy,val_auroc,val_precision,val_recall,epoch,step,train_loss,test_accuracy,test_auroc,test_precision,test_recall
0.6227774024009705,0.4421052634716034,0.5,0.4421052634716034,1.0,0,13,,,,,
,,,,,0,13,0.6347305774688721,,,,
0.6226020455360413,0.4421052634716034,0.5,0.4421052634716034,1.0,1,27,,,,,
,,,,,1,27,0.6412354707717896,,,,
0.6224319934844971,0.4421052634716034,0.5,0.4421052634716034,1.0,2,41,,,,,
,,,,,2,41,0.6250007152557373,,,,
0.6223112940788269,0.4421052634716034,0.5,0.4421052634716034,1.0,3,55,,,,,
,,,,,3,55,0.6280401945114136,,,,
0.6224380135536194,0.4421052634716034,0.5,0.4421052634716034,1.0,4,69,,,,,
,,,,,4,69,0.6207002401351929,,,,
,,,,,5,70,,0.4406779706478119,0.5,0.4406779706478119,1.0
,,,,,5,70,,0.4406779706478119,0.5,0.4406779706478119,1.0
,,,,,5,70,,0.4406779706478119,0.5,0.4406779706478119,1.0
