val_loss,val_accuracy,val_auroc,val_precision,val_recall,epoch,step,train_loss,test_accuracy,test_auroc,test_precision,test_recall
0.4168187081813812,0.821052610874176,0.8099730610847473,0.8571428656578064,0.7142857313156128,0,26,,,,,
,,,,,0,26,0.41242286562919617,,,,
0.5298296809196472,0.7368420958518982,0.7048517465591431,0.9473684430122375,0.4285714328289032,1,53,,,,,
,,,,,1,53,0.3151305913925171,,,,
0.7213834524154663,0.7052631378173828,0.6790205836296082,0.7916666865348816,0.4523809850215912,2,80,,,,,
,,,,,2,80,0.22607499361038208,,,,
0.5119084715843201,0.7473683953285217,0.7266397476196289,0.8214285373687744,0.5476190447807312,3,107,,,,,
,,,,,3,107,0.22553469240665436,,,,
,,,,,4,108,,0.8474576473236084,0.8462995290756226,0.8207547068595886,0.8365384340286255
,,,,,4,108,,0.8474576473236084,0.8462995290756226,0.8207547068595886,0.8365384340286255
,,,,,4,108,,0.8601694703102112,0.8515442609786987,0.8901098966598511,0.7788461446762085
