val_loss,val_accuracy,val_auroc,val_precision,val_recall,epoch,step,train_loss,test_accuracy,test_auroc,test_precision,test_recall
0.9375091791152954,0.4421052634716034,0.5,0.4421052634716034,1.0,0,26,,,,,
,,,,,0,26,0.9158191680908203,,,,
0.8919498920440674,0.4421052634716034,0.5,0.4421052634716034,1.0,1,53,,,,,
,,,,,1,53,0.8976067900657654,,,,
0.873088538646698,0.5368421077728271,0.5354896783828735,0.47826087474823,0.523809552192688,2,80,,,,,
,,,,,2,80,0.852384090423584,,,,
0.8433910012245178,0.38947367668151855,0.41576820611953735,0.3857142925262451,0.6428571343421936,3,107,,,,,
,,,,,3,107,0.8250511288642883,,,,
0.8196982741355896,0.378947377204895,0.40386345982551575,0.37681159377098083,0.6190476417541504,4,134,,,,,
,,,,,4,134,0.7908878326416016,,,,
,,,,,5,135,,0.5169491767883301,0.5025081634521484,0.4482758641242981,0.37142857909202576
,,,,,5,135,,0.3050847351551056,0.3201744556427002,0.3096774220466614,0.4571428596973419
,,,,,5,135,,0.3050847351551056,0.3201744556427002,0.3096774220466614,0.4571428596973419
