val_loss,val_accuracy,val_auroc,val_precision,val_recall,epoch,step,train_loss,test_accuracy,test_auroc,test_precision,test_recall
1.1994752883911133,0.4736842215061188,0.5208894610404968,0.4534883499145508,0.9285714626312256,0,6,,,,,
,,,,,0,6,1.2586584091186523,,,,
1.130537986755371,0.4842105209827423,0.5253818035125732,0.45679011940956116,0.8809523582458496,1,13,,,,,
,,,,,1,13,1.1885015964508057,,,,
1.0765243768692017,0.4736842215061188,0.511006236076355,0.44871795177459717,0.8333333134651184,2,20,,,,,
,,,,,2,20,1.126551628112793,,,,
1.0380403995513916,0.49473685026168823,0.5224618315696716,0.45714282989501953,0.761904776096344,3,27,,,,,
,,,,,3,27,1.0729408264160156,,,,
1.0084278583526611,0.4421052634716034,0.5,0.4421052634716034,1.0,4,34,,,,,
,,,,,4,34,1.034860610961914,,,,
,,,,,5,35,,0.4576271176338196,0.498834490776062,0.4399999976158142,0.8461538553237915
,,,,,5,35,,0.4406779706478119,0.5,0.4406779706478119,1.0
,,,,,5,35,,0.4406779706478119,0.5,0.4406779706478119,1.0
