val_loss,val_accuracy,val_auroc,val_precision,val_recall,epoch,step,train_loss,test_accuracy,test_auroc,test_precision,test_recall
0.6213589310646057,0.4421052634716034,0.5,0.4421052634716034,1.0,0,6,,,,,
,,,,,0,6,0.6409376263618469,,,,
0.6215113997459412,0.4421052634716034,0.5,0.4421052634716034,1.0,1,13,,,,,
,,,,,1,13,0.6207021474838257,,,,
0.6206950545310974,0.557894766330719,0.5,0.0,0.0,2,20,,,,,
,,,,,2,20,0.6124039888381958,,,,
0.6197876930236816,0.557894766330719,0.5,0.0,0.0,3,27,,,,,
,,,,,3,27,0.6017195582389832,,,,
0.6192863583564758,0.557894766330719,0.5,0.0,0.0,4,34,,,,,
,,,,,4,34,0.5956587791442871,,,,
,,,,,5,35,,0.4430379867553711,0.5,0.4430379867553711,1.0
,,,,,5,35,,0.5569620132446289,0.5,0.0,0.0
,,,,,5,35,,0.5569620132446289,0.5,0.0,0.0
