val_loss,val_accuracy,val_auroc,val_precision,val_recall,epoch,step,train_loss,test_accuracy,test_auroc,test_precision,test_recall
1.1363420486450195,0.4421052634716034,0.5,0.4421052634716034,1.0,0,13,,,,,
,,,,,0,13,0.5236712694168091,,,,
0.5582895874977112,0.75789475440979,0.7607816457748413,0.7021276354789734,0.7857142686843872,1,27,,,,,
,,,,,1,27,0.1927468627691269,,,,
0.9058409333229065,0.7157894968986511,0.7156334519386292,0.6666666865348816,0.7142857313156128,2,41,,,,,
,,,,,2,41,0.09523233771324158,,,,
0.9156368970870972,0.7263157963752747,0.7300089597702026,0.6666666865348816,0.761904776096344,3,55,,,,,
,,,,,3,55,0.033624451607465744,,,,
1.0743293762207031,0.7368420958518982,0.7172057032585144,0.7931034564971924,0.5476190447807312,4,69,,,,,
,,,,,4,69,0.03081175871193409,,,,
,,,,,5,70,,0.7457627058029175,0.7502914667129517,0.6833333373069763,0.7884615659713745
,,,,,5,70,,0.7457627058029175,0.7502914667129517,0.6833333373069763,0.7884615659713745
,,,,,5,70,,0.758474588394165,0.743298351764679,0.790123462677002,0.6153846383094788
