val_loss,val_accuracy,val_auroc,val_precision,val_recall,epoch,step,train_loss,test_accuracy,test_auroc,test_precision,test_recall
0.6167532205581665,0.6631578803062439,0.688230037689209,0.5757575631141663,0.9047619700431824,0,13,,,,,
,,,,,0,13,0.4376868009567261,,,,
0.4647844135761261,0.7263157963752747,0.7398922443389893,0.6428571343421936,0.8571428656578064,1,27,,,,,
,,,,,1,27,0.29917556047439575,,,,
0.5925829410552979,0.7157894968986511,0.7329290509223938,0.6271186470985413,0.8809523582458496,2,41,,,,,
,,,,,2,41,0.21227066218852997,,,,
0.392577588558197,0.821052610874176,0.8198562860488892,0.7906976938247681,0.8095238208770752,3,55,,,,,
,,,,,3,55,0.19316047430038452,,,,
,,,,,4,56,,0.8432203531265259,0.8389312624931335,0.8399999737739563,0.800000011920929
,,,,,4,56,,0.8432203531265259,0.8389312624931335,0.8399999737739563,0.800000011920929
,,,,,4,56,,0.8432203531265259,0.8389312624931335,0.8399999737739563,0.800000011920929
