val_loss,val_accuracy,val_auroc,val_precision,val_recall,epoch,step,train_loss,test_accuracy,test_auroc,test_precision,test_recall
0.7907832264900208,0.4421052634716034,0.49011680483818054,0.436781644821167,0.9047619700431824,0,26,,,,,
,,,,,0,26,0.8358561992645264,,,,
0.7452410459518433,0.4526315927505493,0.5044924020767212,0.4444444477558136,0.9523809552192688,1,53,,,,,
,,,,,1,53,0.7895649075508118,,,,
0.7115228176116943,0.46315789222717285,0.5163971185684204,0.4505494236946106,0.976190447807312,2,80,,,,,
,,,,,2,80,0.7503297328948975,,,,
0.6882218718528748,0.46315789222717285,0.5163971185684204,0.4505494236946106,0.976190447807312,3,107,,,,,
,,,,,3,107,0.7216813564300537,,,,
0.6700575351715088,0.46315789222717285,0.5163971185684204,0.4505494236946106,0.976190447807312,4,134,,,,,
,,,,,4,134,0.702605128288269,,,,
,,,,,5,135,,0.47033897042274475,0.5183566808700562,0.4507042169570923,0.9230769276618958
,,,,,5,135,,0.47033897042274475,0.5203962922096252,0.4516128897666931,0.942307710647583
,,,,,5,135,,0.47033897042274475,0.5203962922096252,0.4516128897666931,0.942307710647583
