val_loss,val_accuracy,val_auroc,val_precision,val_recall,epoch,step,train_loss,test_accuracy,test_auroc,test_precision,test_recall
0.6156705021858215,0.557894766330719,0.5,0.0,0.0,0,26,,,,,
,,,,,0,26,0.6729832291603088,,,,
0.6164655685424805,0.557894766330719,0.5,0.0,0.0,1,53,,,,,
,,,,,1,53,0.4912125766277313,,,,
0.5767331123352051,0.557894766330719,0.5,0.0,0.0,2,80,,,,,
,,,,,2,80,0.36677801609039307,,,,
0.48103082180023193,0.7789473533630371,0.7648246884346008,0.8181818127632141,0.6428571343421936,3,107,,,,,
,,,,,3,107,0.2843819260597229,,,,
0.647346019744873,0.7473683953285217,0.7216981053352356,0.875,0.5,4,134,,,,,
,,,,,4,134,0.2510029971599579,,,,
,,,,,5,135,,0.7711864113807678,0.7579789161682129,0.8072289228439331,0.6380952596664429
,,,,,5,135,,0.7711864113807678,0.7579789161682129,0.8072289228439331,0.6380952596664429
,,,,,5,135,,0.7542372941970825,0.7360959649085999,0.8219178318977356,0.5714285969734192
