val_loss,val_accuracy,val_auroc,val_precision,val_recall,epoch,step,train_loss,test_accuracy,test_auroc,test_precision,test_recall
0.6214991211891174,0.4421052634716034,0.5,0.4421052634716034,1.0,0,6,,,,,
,,,,,0,6,0.6327738761901855,,,,
0.6220065951347351,0.4421052634716034,0.5,0.4421052634716034,1.0,1,13,,,,,
,,,,,1,13,0.6252936720848083,,,,
0.6220990419387817,0.4421052634716034,0.5,0.4421052634716034,1.0,2,20,,,,,
,,,,,2,20,0.6377623081207275,,,,
0.6219310760498047,0.4421052634716034,0.5,0.4421052634716034,1.0,3,27,,,,,
,,,,,3,27,0.6324155330657959,,,,
0.6217765808105469,0.4421052634716034,0.5,0.4421052634716034,1.0,4,34,,,,,
,,,,,4,34,0.6273508071899414,,,,
,,,,,5,35,,0.4406779706478119,0.5,0.4406779706478119,1.0
,,,,,5,35,,0.4406779706478119,0.5,0.4406779706478119,1.0
,,,,,5,35,,0.4406779706478119,0.5,0.4406779706478119,1.0
