val_loss,val_accuracy,val_auroc,val_precision,val_recall,epoch,step,train_loss,test_accuracy,test_auroc,test_precision,test_recall
0.8551933765411377,0.5789473652839661,0.617699921131134,0.5128205418586731,0.9523809552192688,0,26,,,,,
,,,,,0,26,0.5391963720321655,,,,
0.5765753388404846,0.7368420958518982,0.7270889282226562,0.7297297716140747,0.6428571343421936,1,53,,,,,
,,,,,1,53,0.19823242723941803,,,,
1.8831013441085815,0.5368421077728271,0.5799640417098999,0.4878048896789551,0.9523809552192688,2,80,,,,,
,,,,,2,80,0.1599314659833908,,,,
0.80257248878479,0.75789475440979,0.7607816457748413,0.7021276354789734,0.7857142686843872,3,107,,,,,
,,,,,3,107,0.07528253644704819,,,,
1.094131588935852,0.7473683953285217,0.7464061379432678,0.7045454382896423,0.738095223903656,4,134,,,,,
,,,,,4,134,0.05994366854429245,,,,
,,,,,5,135,,0.7372881174087524,0.7355769276618958,0.6944444179534912,0.7211538553237915
,,,,,5,135,,0.7288135886192322,0.7188228964805603,0.717391312122345,0.6346153616905212
,,,,,5,135,,0.7161017060279846,0.7156177163124084,0.6666666865348816,0.7115384340286255
