val_loss,val_accuracy,val_auroc,val_precision,val_recall,epoch,step,train_loss,test_accuracy,test_auroc,test_precision,test_recall
1.004399061203003,0.4421052634716034,0.44811320304870605,0.3962264358997345,0.5,0,6,,,,,
,,,,,0,6,1.2790881395339966,,,,
1.0610580444335938,0.5052631497383118,0.4676550328731537,0.3529411852359772,0.1428571492433548,1,13,,,,,
,,,,,1,13,0.9941703081130981,,,,
1.0052438974380493,0.4421052634716034,0.5,0.4421052634716034,1.0,2,20,,,,,
,,,,,2,20,1.0162321329116821,,,,
0.9959107041358948,0.4421052634716034,0.5,0.4421052634716034,1.0,3,27,,,,,
,,,,,3,27,0.9506670832633972,,,,
0.9919692873954773,0.4421052634716034,0.5,0.4421052634716034,1.0,4,34,,,,,
,,,,,4,34,0.9469291567802429,,,,
,,,,,5,35,,0.4430379867553711,0.5,0.4430379867553711,1.0
,,,,,5,35,,0.4430379867553711,0.5,0.4430379867553711,1.0
,,,,,5,35,,0.4430379867553711,0.5,0.4430379867553711,1.0
