val_loss,val_accuracy,val_auroc,val_precision,val_recall,epoch,step,train_loss,test_accuracy,test_auroc,test_precision,test_recall
0.6255306601524353,0.49473685026168823,0.46069177985191345,0.3499999940395355,0.1666666716337204,0,6,,,,,
,,,,,0,6,0.6885018348693848,,,,
0.6388863921165466,0.4736842215061188,0.466531902551651,0.4047619104385376,0.4047619104385376,1,13,,,,,
,,,,,1,13,0.6354227662086487,,,,
0.6332845687866211,0.4842105209827423,0.4636118412017822,0.3870967626571655,0.2857142984867096,2,20,,,,,
,,,,,2,20,0.6242467761039734,,,,
0.6189020276069641,0.6000000238418579,0.5747978687286377,0.5769230723381042,0.3571428656578064,3,27,,,,,
,,,,,3,27,0.6151332259178162,,,,
0.6265480518341064,0.5789473652839661,0.5509883165359497,0.5416666865348816,0.3095238208770752,4,34,,,,,
,,,,,4,34,0.6035970449447632,,,,
,,,,,5,35,,0.5169491767883301,0.49067604541778564,0.42424243688583374,0.26923078298568726
,,,,,5,35,,0.5169491767883301,0.49067604541778564,0.42424243688583374,0.26923078298568726
,,,,,5,35,,0.48728814721107483,0.45702219009399414,0.35593220591545105,0.20192307233810425
