val_loss,val_accuracy,val_auroc,val_precision,val_recall,epoch,step,train_loss,test_accuracy,test_auroc,test_precision,test_recall
0.6152759790420532,0.557894766330719,0.5,0.0,0.0,0,13,,,,,
,,,,,0,13,0.6411685943603516,,,,
0.6165590286254883,0.557894766330719,0.5,0.0,0.0,1,27,,,,,
,,,,,1,27,0.5673081278800964,,,,
0.6163085103034973,0.557894766330719,0.5,0.0,0.0,2,41,,,,,
,,,,,2,41,0.48264074325561523,,,,
0.6154947280883789,0.557894766330719,0.5,0.0,0.0,3,55,,,,,
,,,,,3,55,0.3661969304084778,,,,
0.6071617603302002,0.557894766330719,0.5,0.0,0.0,4,69,,,,,
,,,,,4,69,0.2653420865535736,,,,
,,,,,5,70,,0.5569620132446289,0.5,0.0,0.0
,,,,,5,70,,0.5569620132446289,0.5,0.0,0.0
,,,,,5,70,,0.5569620132446289,0.5,0.0,0.0
