val_loss,val_accuracy,val_auroc,val_precision,val_recall,epoch,step,train_loss,test_accuracy,test_auroc,test_precision,test_recall
0.6193146109580994,0.557894766330719,0.5,0.0,0.0,0,13,,,,,
,,,,,0,13,0.6312708854675293,,,,
0.6172605752944946,0.557894766330719,0.5,0.0,0.0,1,27,,,,,
,,,,,1,27,0.6062710285186768,,,,
0.6160651445388794,0.557894766330719,0.5,0.0,0.0,2,41,,,,,
,,,,,2,41,0.6061230897903442,,,,
0.615207850933075,0.557894766330719,0.5,0.0,0.0,3,55,,,,,
,,,,,3,55,0.576038122177124,,,,
0.6146509647369385,0.557894766330719,0.5,0.0,0.0,4,69,,,,,
,,,,,4,69,0.5520082116127014,,,,
,,,,,5,70,,0.5593220591545105,0.5,0.0,0.0
,,,,,5,70,,0.5593220591545105,0.5,0.0,0.0
,,,,,5,70,,0.5593220591545105,0.5,0.0,0.0
