val_loss,val_accuracy,val_auroc,val_precision,val_recall,epoch,step,train_loss,test_accuracy,test_auroc,test_precision,test_recall
0.6186981797218323,0.557894766330719,0.5,0.0,0.0,0,13,,,,,
,,,,,0,13,0.6330126523971558,,,,
0.6180551052093506,0.557894766330719,0.5,0.0,0.0,1,27,,,,,
,,,,,1,27,0.628111720085144,,,,
0.6177496910095215,0.557894766330719,0.5,0.0,0.0,2,41,,,,,
,,,,,2,41,0.6242696046829224,,,,
0.6174252033233643,0.557894766330719,0.5,0.0,0.0,3,55,,,,,
,,,,,3,55,0.619379997253418,,,,
0.6172351241111755,0.557894766330719,0.5,0.0,0.0,4,69,,,,,
,,,,,4,69,0.6196640729904175,,,,
,,,,,5,70,,0.5569620132446289,0.5,0.0,0.0
,,,,,5,70,,0.5569620132446289,0.5,0.0,0.0
,,,,,5,70,,0.5569620132446289,0.5,0.0,0.0
