val_loss,val_accuracy,val_auroc,val_precision,val_recall,epoch,step,train_loss,test_accuracy,test_auroc,test_precision,test_recall
1.1861927509307861,0.49473685026168823,0.5446990132331848,0.46590909361839294,0.976190447807312,0,13,,,,,
,,,,,0,13,0.4235338568687439,,,,
0.46698758006095886,0.7894737124443054,0.7767295241355896,0.8235294818878174,0.6666666865348816,1,27,,,,,
,,,,,1,27,0.29030343890190125,,,,
0.613933801651001,0.8105263113975525,0.7906559109687805,0.9285714626312256,0.6190476417541504,2,41,,,,,
,,,,,2,41,0.20716366171836853,,,,
0.5488613843917847,0.7473683953285217,0.7538185715675354,0.6800000071525574,0.8095238208770752,3,55,,,,,
,,,,,3,55,0.16481620073318481,,,,
,,,,,4,56,,0.8305084705352783,0.8178904056549072,0.8809523582458496,0.7115384340286255
,,,,,4,56,,0.8474576473236084,0.8412004709243774,0.8541666865348816,0.7884615659713745
,,,,,4,56,,0.805084764957428,0.8114801645278931,0.7377049326896667,0.8653846383094788
