val_loss,val_accuracy,val_auroc,val_precision,val_recall,epoch,step,train_loss,test_accuracy,test_auroc,test_precision,test_recall
0.6203653812408447,0.557894766330719,0.5,0.0,0.0,0,26,,,,,
,,,,,0,26,0.6154228448867798,,,,
0.6150303483009338,0.557894766330719,0.5,0.0,0.0,1,53,,,,,
,,,,,1,53,0.5088816285133362,,,,
0.5894594192504883,0.557894766330719,0.5,0.0,0.0,2,80,,,,,
,,,,,2,80,0.4147283434867859,,,,
0.5176300406455994,0.7157894968986511,0.7008086442947388,0.7272727489471436,0.5714285969734192,3,107,,,,,
,,,,,3,107,0.3542625904083252,,,,
0.4654674232006073,0.7368420958518982,0.7320306301116943,0.707317054271698,0.6904761791229248,4,134,,,,,
,,,,,4,134,0.263446569442749,,,,
,,,,,5,135,,0.758474588394165,0.759615421295166,0.7079645991325378,0.7692307829856873
,,,,,5,135,,0.758474588394165,0.759615421295166,0.7079645991325378,0.7692307829856873
,,,,,5,135,,0.758474588394165,0.759615421295166,0.7079645991325378,0.7692307829856873
