val_loss,val_accuracy,val_auroc,val_precision,val_recall,epoch,step,train_loss,test_accuracy,test_auroc,test_precision,test_recall
0.44304630160331726,0.800000011920929,0.805929958820343,0.7346938848495483,0.8571428656578064,0,6,,,,,
,,,,,0,6,0.44675692915916443,,,,
0.5107628703117371,0.800000011920929,0.7911050915718079,0.8108107447624207,0.7142857313156128,1,13,,,,,
,,,,,1,13,0.2799762785434723,,,,
0.7789944410324097,0.6842105388641357,0.6996855139732361,0.6034482717514038,0.8333333134651184,2,20,,,,,
,,,,,2,20,0.1517014503479004,,,,
0.6852307915687561,0.7684210538864136,0.7529200315475464,0.8125,0.6190476417541504,3,27,,,,,
,,,,,3,27,0.11035777628421783,,,,
,,,,,4,28,,0.7627118825912476,0.7756410241127014,0.6764705181121826,0.8846153616905212
,,,,,4,28,,0.7627118825912476,0.7756410241127014,0.6764705181121826,0.8846153616905212
,,,,,4,28,,0.8220338821411133,0.8164336085319519,0.8163265585899353,0.7692307829856873
