val_loss,val_accuracy,val_auroc,val_precision,val_recall,epoch,step,train_loss,test_accuracy,test_auroc,test_precision,test_recall
0.6189747452735901,0.557894766330719,0.5,0.0,0.0,0,6,,,,,
,,,,,0,6,0.6659178733825684,,,,
0.6162105798721313,0.557894766330719,0.5,0.0,0.0,1,13,,,,,
,,,,,1,13,0.6254569888114929,,,,
0.6154306530952454,0.557894766330719,0.5,0.0,0.0,2,20,,,,,
,,,,,2,20,0.5547059178352356,,,,
0.6153031587600708,0.557894766330719,0.5,0.0,0.0,3,27,,,,,
,,,,,3,27,0.4523663818836212,,,,
0.6153663396835327,0.557894766330719,0.5,0.0,0.0,4,34,,,,,
,,,,,4,34,0.38388437032699585,,,,
,,,,,5,35,,0.555084764957428,0.5,0.0,0.0
,,,,,5,35,,0.555084764957428,0.5,0.0,0.0
,,,,,5,35,,0.555084764957428,0.5,0.0,0.0
