val_loss,val_accuracy,val_auroc,val_precision,val_recall,epoch,step,train_loss,test_accuracy,test_auroc,test_precision,test_recall
0.6179125905036926,0.557894766330719,0.5,0.0,0.0,0,6,,,,,
,,,,,0,6,0.6472468376159668,,,,
0.615612268447876,0.557894766330719,0.5,0.0,0.0,1,13,,,,,
,,,,,1,13,0.5703948736190796,,,,
0.6151530742645264,0.557894766330719,0.5,0.0,0.0,2,20,,,,,
,,,,,2,20,0.4699876606464386,,,,
0.6151299476623535,0.557894766330719,0.5,0.0,0.0,3,27,,,,,
,,,,,3,27,0.3759381175041199,,,,
0.6154263615608215,0.557894766330719,0.5,0.0,0.0,4,34,,,,,
,,,,,4,34,0.31912219524383545,,,,
,,,,,5,35,,0.5593220591545105,0.5,0.0,0.0
,,,,,5,35,,0.5593220591545105,0.5,0.0,0.0
,,,,,5,35,,0.5593220591545105,0.5,0.0,0.0
