val_loss,val_accuracy,val_auroc,val_precision,val_recall,epoch,step,train_loss,test_accuracy,test_auroc,test_precision,test_recall
0.8000412583351135,0.4421052634716034,0.5,0.4421052634716034,1.0,0,26,,,,,
,,,,,0,26,1.000016450881958,,,,
0.8006765842437744,0.4421052634716034,0.5,0.4421052634716034,1.0,1,53,,,,,
,,,,,1,53,0.8548991084098816,,,,
0.7869750261306763,0.4421052634716034,0.5,0.4421052634716034,1.0,2,80,,,,,
,,,,,2,80,0.8331058025360107,,,,
0.7616058588027954,0.38947367668151855,0.4330637753009796,0.4047619104385376,0.8095238208770752,3,107,,,,,
,,,,,3,107,0.801640510559082,,,,
0.7033612728118896,0.31578946113586426,0.3522012531757355,0.3544303774833679,0.6666666865348816,4,134,,,,,
,,,,,4,134,0.7649532556533813,,,,
,,,,,5,135,,0.4430379867553711,0.5,0.4430379867553711,1.0
,,,,,5,135,,0.3544303774833679,0.38733768463134766,0.37368419766426086,0.6761904954910278
,,,,,5,135,,0.3544303774833679,0.38733768463134766,0.37368419766426086,0.6761904954910278
