val_loss,val_accuracy,val_auroc,val_precision,val_recall,epoch,step,train_loss,test_accuracy,test_auroc,test_precision,test_recall
0.6072487831115723,0.5684210658073425,0.5736747980117798,0.5098039507865906,0.6190476417541504,0,6,,,,,
,,,,,0,6,0.5687543153762817,,,,
1.2648035287857056,0.5052631497383118,0.5566037893295288,0.47191014885902405,1.0,1,13,,,,,
,,,,,1,13,0.19417577981948853,,,,
1.250313639640808,0.5789473652839661,0.6226415038108826,0.5121951103210449,1.0,2,20,,,,,
,,,,,2,20,0.07376875728368759,,,,
0.9137799143791199,0.6526315808296204,0.6639712452888489,0.581818163394928,0.761904776096344,3,27,,,,,
,,,,,3,27,0.03444168344140053,,,,
1.074798583984375,0.6631578803062439,0.6734051704406738,0.5925925970077515,0.761904776096344,4,34,,,,,
,,,,,4,34,0.012883584946393967,,,,
,,,,,5,35,,0.7130801677703857,0.7190476059913635,0.6480000019073486,0.7714285254478455
,,,,,5,35,,0.6582278609275818,0.6649351119995117,0.59375,0.723809540271759
,,,,,5,35,,0.7130801677703857,0.7190476059913635,0.6480000019073486,0.7714285254478455
