val_loss,val_accuracy,val_auroc,val_precision,val_recall,epoch,step,train_loss,test_accuracy,test_auroc,test_precision,test_recall
0.4921709895133972,0.7157894968986511,0.7008086442947388,0.7272727489471436,0.5714285969734192,0,26,,,,,
,,,,,0,26,0.5452501177787781,,,,
0.40759703516960144,0.7894737124443054,0.7866127490997314,0.761904776096344,0.761904776096344,1,53,,,,,
,,,,,1,53,0.19643811881542206,,,,
0.40796953439712524,0.800000011920929,0.7861635684967041,0.8484848737716675,0.6666666865348816,2,80,,,,,
,,,,,2,80,0.07606621831655502,,,,
0.4258066713809967,0.800000011920929,0.7985174655914307,0.7674418687820435,0.7857142686843872,3,107,,,,,
,,,,,3,107,0.02983373962342739,,,,
0.44415077567100525,0.8315789699554443,0.8218778371810913,0.8611111044883728,0.738095223903656,4,134,,,,,
,,,,,4,134,0.020620934665203094,,,,
,,,,,5,135,,0.7627118825912476,0.7542248964309692,0.7553191781044006,0.682692289352417
,,,,,5,135,,0.7245762944221497,0.7252330183982849,0.6725663542747498,0.7307692170143127
,,,,,5,135,,0.7627118825912476,0.7542248964309692,0.7553191781044006,0.682692289352417
