val_loss,val_accuracy,val_auroc,val_precision,val_recall,epoch,step,train_loss,test_accuracy,test_auroc,test_precision,test_recall
0.6222770810127258,0.4421052634716034,0.5,0.4421052634716034,1.0,0,26,,,,,
,,,,,0,26,0.6451188921928406,,,,
0.6159177422523499,0.557894766330719,0.5,0.0,0.0,1,53,,,,,
,,,,,1,53,0.5303033590316772,,,,
0.5806933045387268,0.6736842393875122,0.6309523582458496,1.0,0.261904776096344,2,80,,,,,
,,,,,2,80,0.42062661051750183,,,,
0.4500032663345337,0.7263157963752747,0.7102425694465637,0.75,0.5714285969734192,3,107,,,,,
,,,,,3,107,0.327951580286026,,,,
0.5644623637199402,0.7473683953285217,0.7414644956588745,0.7250000238418579,0.6904761791229248,4,134,,,,,
,,,,,4,134,0.26904118061065674,,,,
,,,,,5,135,,0.758474588394165,0.7534964680671692,0.7326732277870178,0.7115384340286255
,,,,,5,135,,0.75,0.7377622723579407,0.7586206793785095,0.6346153616905212
,,,,,5,135,,0.758474588394165,0.7534964680671692,0.7326732277870178,0.7115384340286255
