val_loss,val_accuracy,val_auroc,val_precision,val_recall,epoch,step,train_loss,test_accuracy,test_auroc,test_precision,test_recall
0.6223586201667786,0.4421052634716034,0.5,0.4421052634716034,1.0,0,26,,,,,
,,,,,0,26,0.6326203942298889,,,,
0.6221172213554382,0.4421052634716034,0.5,0.4421052634716034,1.0,1,53,,,,,
,,,,,1,53,0.6381205320358276,,,,
0.6214004755020142,0.4421052634716034,0.4950583875179291,0.4395604729652405,0.9523809552192688,2,80,,,,,
,,,,,2,80,0.634287416934967,,,,
0.6528564691543579,0.5263158082962036,0.4791104793548584,0.3333333432674408,0.0714285746216774,3,107,,,,,
,,,,,3,107,0.6236655116081238,,,,
0.6958128809928894,0.46315789222717285,0.4200359582901001,0.1538461595773697,0.0476190485060215,4,134,,,,,
,,,,,4,134,0.6330198049545288,,,,
,,,,,5,135,,0.4406779706478119,0.5,0.4406779706478119,1.0
,,,,,5,135,,0.45338982343673706,0.5042248964309692,0.4429223835468292,0.932692289352417
,,,,,5,135,,0.555084764957428,0.5166084170341492,0.4878048896789551,0.19230769574642181
