val_loss,val_accuracy,val_auroc,val_precision,val_recall,epoch,step,train_loss,test_accuracy,test_auroc,test_precision,test_recall
0.6684989929199219,0.621052622795105,0.640610933303833,0.5483871102333069,0.8095238208770752,0,26,,,,,
,,,,,0,26,0.5160531401634216,,,,
1.082552194595337,0.6105263233184814,0.6361185908317566,0.5373134613037109,0.8571428656578064,1,53,,,,,
,,,,,1,53,0.1893221139907837,,,,
0.6931664943695068,0.7263157963752747,0.7176550030708313,0.7105262875556946,0.6428571343421936,2,80,,,,,
,,,,,2,80,0.1220986396074295,,,,
1.1919488906860352,0.6000000238418579,0.6192722320556641,0.5322580933570862,0.7857142686843872,3,107,,,,,
,,,,,3,107,0.09098467975854874,,,,
1.1242451667785645,0.7368420958518982,0.7122641205787659,0.8399999737739563,0.5,4,134,,,,,
,,,,,4,134,0.05410682410001755,,,,
,,,,,5,135,,0.7203390002250671,0.7143065333366394,0.6899999976158142,0.6634615659713745
,,,,,5,135,,0.6567796468734741,0.6789044141769409,0.5732483863830566,0.8653846383094788
,,,,,5,135,,0.7754237055778503,0.7635489702224731,0.7931034564971924,0.6634615659713745
