val_loss,val_accuracy,val_auroc,val_precision,val_recall,epoch,step,train_loss,test_accuracy,test_auroc,test_precision,test_recall
2.5267796516418457,0.5052631497383118,0.4898921847343445,0.4285714328289032,0.3571428656578064,0,13,,,,,
,,,,,0,13,2.794231414794922,,,,
2.0493552684783936,0.5157894492149353,0.5092093348503113,0.4523809850215912,0.4523809850215912,1,27,,,,,
,,,,,1,27,2.291409730911255,,,,
1.6645781993865967,0.5789473652839661,0.5831087231636047,0.5199999809265137,0.6190476417541504,2,41,,,,,
,,,,,2,41,1.8820441961288452,,,,
1.3870633840560913,0.5368421077728271,0.5478436350822449,0.4821428656578064,0.6428571343421936,3,55,,,,,
,,,,,3,55,1.5529009103775024,,,,
1.1748472452163696,0.5263158082962036,0.5408805012702942,0.4745762348175049,0.6666666865348816,4,69,,,,,
,,,,,4,69,1.2913111448287964,,,,
,,,,,5,70,,0.42796608805656433,0.43842238187789917,0.39436620473861694,0.5333333611488342
,,,,,5,70,,0.45338982343673706,0.47644492983818054,0.4285714328289032,0.6857143044471741
,,,,,5,70,,0.45338982343673706,0.47644492983818054,0.4285714328289032,0.6857143044471741
