val_loss,val_accuracy,val_auroc,val_precision,val_recall,epoch,step,train_loss,test_accuracy,test_auroc,test_precision,test_recall
0.6200029850006104,0.557894766330719,0.5,0.0,0.0,0,13,,,,,
,,,,,0,13,0.6305432319641113,,,,
0.6177644729614258,0.557894766330719,0.5,0.0,0.0,1,27,,,,,
,,,,,1,27,0.6176204681396484,,,,
0.6176750659942627,0.557894766330719,0.5,0.0,0.0,2,41,,,,,
,,,,,2,41,0.6055200099945068,,,,
0.6161789298057556,0.557894766330719,0.5,0.0,0.0,3,55,,,,,
,,,,,3,55,0.589354395866394,,,,
0.615522563457489,0.557894766330719,0.5,0.0,0.0,4,69,,,,,
,,,,,4,69,0.5488986372947693,,,,
,,,,,5,70,,0.5593220591545105,0.5,0.0,0.0
,,,,,5,70,,0.5593220591545105,0.5,0.0,0.0
,,,,,5,70,,0.5593220591545105,0.5,0.0,0.0
