val_loss,val_accuracy,val_auroc,val_precision,val_recall,epoch,step,train_loss,test_accuracy,test_auroc,test_precision,test_recall
0.9142400026321411,0.4421052634716034,0.5,0.4421052634716034,1.0,0,13,,,,,
,,,,,0,13,0.933268129825592,,,,
0.9118936061859131,0.4421052634716034,0.5,0.4421052634716034,1.0,1,27,,,,,
,,,,,1,27,0.9238736033439636,,,,
0.888793408870697,0.4421052634716034,0.5,0.4421052634716034,1.0,2,41,,,,,
,,,,,2,41,0.9054735898971558,,,,
0.8983105421066284,0.4421052634716034,0.5,0.4421052634716034,1.0,3,55,,,,,
,,,,,3,55,0.8838890194892883,,,,
0.8868089914321899,0.4421052634716034,0.5,0.4421052634716034,1.0,4,69,,,,,
,,,,,4,69,0.8602202534675598,,,,
,,,,,5,70,,0.4406779706478119,0.5,0.4406779706478119,1.0
,,,,,5,70,,0.4406779706478119,0.5,0.4406779706478119,1.0
,,,,,5,70,,0.4406779706478119,0.5,0.4406779706478119,1.0
