val_loss,val_accuracy,val_auroc,val_precision,val_recall,epoch,step,train_loss,test_accuracy,test_auroc,test_precision,test_recall
0.6194452047348022,0.557894766330719,0.5,0.0,0.0,0,26,,,,,
,,,,,0,26,0.6299554109573364,,,,
0.6171796321868896,0.557894766330719,0.5,0.0,0.0,1,53,,,,,
,,,,,1,53,0.5981945991516113,,,,
0.6125394105911255,0.557894766330719,0.5,0.0,0.0,2,80,,,,,
,,,,,2,80,0.5596052408218384,,,,
0.6575186252593994,0.6842105388641357,0.6749775409698486,0.6578947305679321,0.5952380895614624,3,107,,,,,
,,,,,3,107,0.514485776424408,,,,
0.9170491099357605,0.621052622795105,0.6183737516403198,0.5681818127632141,0.5952380895614624,4,134,,,,,
,,,,,4,134,0.45174676179885864,,,,
,,,,,5,135,,0.7118644118309021,0.6985722780227661,0.7093023061752319,0.5865384340286255
,,,,,5,135,,0.5593220591545105,0.5,0.0,0.0
,,,,,5,135,,0.7245762944221497,0.7201340198516846,0.6893203854560852,0.682692289352417
