val_loss,val_accuracy,val_auroc,val_precision,val_recall,epoch,step,train_loss,test_accuracy,test_auroc,test_precision,test_recall
0.6157792210578918,0.557894766330719,0.5,0.0,0.0,0,13,,,,,
,,,,,0,13,0.6476076245307922,,,,
0.6186416745185852,0.557894766330719,0.5,0.0,0.0,1,27,,,,,
,,,,,1,27,0.59385746717453,,,,
0.6166516542434692,0.557894766330719,0.5,0.0,0.0,2,41,,,,,
,,,,,2,41,0.4614807963371277,,,,
0.6201136112213135,0.557894766330719,0.5,0.0,0.0,3,55,,,,,
,,,,,3,55,0.34781497716903687,,,,
0.6145599484443665,0.4842105209827423,0.5377358198165894,0.4615384638309479,1.0,4,69,,,,,
,,,,,4,69,0.2683645784854889,,,,
,,,,,5,70,,0.47033897042274475,0.5265151262283325,0.45414847135543823,1.0
,,,,,5,70,,0.47033897042274475,0.5265151262283325,0.45414847135543823,1.0
,,,,,5,70,,0.47033897042274475,0.5265151262283325,0.45414847135543823,1.0
