val_loss,val_accuracy,val_auroc,val_precision,val_recall,epoch,step,train_loss,test_accuracy,test_auroc,test_precision,test_recall
1.1886850595474243,0.5684210658073425,0.5168463587760925,0.6000000238418579,0.0714285746216774,0,6,,,,,
,,,,,0,6,0.46654823422431946,,,,
0.9631829261779785,0.7157894968986511,0.7279874086380005,0.6363636255264282,0.8333333134651184,1,13,,,,,
,,,,,1,13,0.2824142873287201,,,,
0.7053813934326172,0.8105263113975525,0.8030098080635071,0.8157894611358643,0.738095223903656,2,20,,,,,
,,,,,2,20,0.17749568819999695,,,,
0.5896703600883484,0.8421052694320679,0.83625328540802,0.8461537957191467,0.7857142686843872,3,27,,,,,
,,,,,3,27,0.07511814683675766,,,,
,,,,,4,28,,0.8220338821411133,0.8194930553436279,0.7980769276618958,0.7980769276618958
,,,,,4,28,,0.8220338821411133,0.8194930553436279,0.7980769276618958,0.7980769276618958
,,,,,4,28,,0.8220338821411133,0.8194930553436279,0.7980769276618958,0.7980769276618958
