val_loss,val_accuracy,val_auroc,val_precision,val_recall,epoch,step,train_loss,test_accuracy,test_auroc,test_precision,test_recall
1.2219574451446533,0.4421052634716034,0.5,0.4421052634716034,1.0,0,26,,,,,
,,,,,0,26,1.5134789943695068,,,,
0.9670474529266357,0.4421052634716034,0.5,0.4421052634716034,1.0,1,53,,,,,
,,,,,1,53,1.2233024835586548,,,,
0.8501940369606018,0.5473684072494507,0.5671608448028564,0.4920634925365448,0.738095223903656,2,80,,,,,
,,,,,2,80,1.0410435199737549,,,,
0.8425139784812927,0.49473685026168823,0.534815788269043,0.4625000059604645,0.8809523582458496,3,107,,,,,
,,,,,3,107,0.9703068137168884,,,,
0.822913408279419,0.5368421077728271,0.5700808763504028,0.4864864945411682,0.8571428656578064,4,134,,,,,
,,,,,4,134,0.9566868543624878,,,,
,,,,,5,135,,0.38983049988746643,0.4249708652496338,0.3947368562221527,0.7211538553237915
,,,,,5,135,,0.38983049988746643,0.4249708652496338,0.3947368562221527,0.7211538553237915
,,,,,5,135,,0.38983049988746643,0.4249708652496338,0.3947368562221527,0.7211538553237915
