val_loss,val_accuracy,val_auroc,val_precision,val_recall,epoch,step,train_loss,test_accuracy,test_auroc,test_precision,test_recall
0.9107077121734619,0.4842105209827423,0.4907906651496887,0.43396225571632385,0.5476190447807312,0,13,,,,,
,,,,,0,13,0.9552149176597595,,,,
0.9060039520263672,0.5052631497383118,0.49977532029151917,0.44186046719551086,0.4523809850215912,1,27,,,,,
,,,,,1,27,0.9293368458747864,,,,
0.9106137156486511,0.5157894492149353,0.5092093348503113,0.4523809850215912,0.4523809850215912,2,41,,,,,
,,,,,2,41,0.9214985966682434,,,,
0.9090270400047302,0.5157894492149353,0.5092093348503113,0.4523809850215912,0.4523809850215912,3,55,,,,,
,,,,,3,55,0.9229840636253357,,,,
0.9039463400840759,0.4421052634716034,0.5,0.4421052634716034,1.0,4,69,,,,,
,,,,,4,69,0.9225012063980103,,,,
,,,,,5,70,,0.4830508530139923,0.4654720425605774,0.3928571343421936,0.3173076808452606
,,,,,5,70,,0.4406779706478119,0.5,0.4406779706478119,1.0
,,,,,5,70,,0.4406779706478119,0.5,0.4406779706478119,1.0
