val_loss,val_accuracy,val_auroc,val_precision,val_recall,epoch,step,train_loss,test_accuracy,test_auroc,test_precision,test_recall
0.6198814511299133,0.557894766330719,0.5,0.0,0.0,0,13,,,,,
,,,,,0,13,0.6341253519058228,,,,
0.6198757886886597,0.557894766330719,0.5,0.0,0.0,1,27,,,,,
,,,,,1,27,0.60953688621521,,,,
0.6200491786003113,0.557894766330719,0.5,0.0,0.0,2,41,,,,,
,,,,,2,41,0.6086838245391846,,,,
0.6197243332862854,0.557894766330719,0.5,0.0,0.0,3,55,,,,,
,,,,,3,55,0.5856146216392517,,,,
0.6167973875999451,0.557894766330719,0.5,0.0,0.0,4,69,,,,,
,,,,,4,69,0.5517845749855042,,,,
,,,,,5,70,,0.5569620132446289,0.5,0.0,0.0
,,,,,5,70,,0.5569620132446289,0.5,0.0,0.0
,,,,,5,70,,0.5569620132446289,0.5,0.0,0.0
