val_loss,val_accuracy,val_auroc,val_precision,val_recall,epoch,step,train_loss,test_accuracy,test_auroc,test_precision,test_recall
1.5143285989761353,0.4421052634716034,0.5,0.4421052634716034,1.0,0,13,,,,,
,,,,,0,13,1.608079433441162,,,,
1.3379086256027222,0.4421052634716034,0.5,0.4421052634716034,1.0,1,27,,,,,
,,,,,1,27,1.4305189847946167,,,,
1.18827486038208,0.4421052634716034,0.5,0.4421052634716034,1.0,2,41,,,,,
,,,,,2,41,1.2614036798477173,,,,
1.0581899881362915,0.4421052634716034,0.5,0.4421052634716034,1.0,3,55,,,,,
,,,,,3,55,1.121191382408142,,,,
0.955085813999176,0.4421052634716034,0.5,0.4421052634716034,1.0,4,69,,,,,
,,,,,4,69,1.0009709596633911,,,,
,,,,,5,70,,0.4430379867553711,0.5,0.4430379867553711,1.0
,,,,,5,70,,0.4430379867553711,0.5,0.4430379867553711,1.0
,,,,,5,70,,0.4430379867553711,0.5,0.4430379867553711,1.0
