val_loss,val_accuracy,val_auroc,val_precision,val_recall,epoch,step,train_loss,test_accuracy,test_auroc,test_precision,test_recall
0.6337302923202515,0.6315789222717285,0.5858041644096375,0.8888888955116272,0.190476194024086,0,26,,,,,
,,,,,0,26,0.6388418078422546,,,,
0.5974453091621399,0.6631578803062439,0.6264600157737732,0.8125,0.3095238208770752,1,53,,,,,
,,,,,1,53,0.5345838665962219,,,,
0.5582470893859863,0.7052631378173828,0.6740791201591492,0.8500000238418579,0.4047619104385376,2,80,,,,,
,,,,,2,80,0.4681144654750824,,,,
0.5286069512367249,0.7473683953285217,0.7266397476196289,0.8214285373687744,0.5476190447807312,3,107,,,,,
,,,,,3,107,0.4021456837654114,,,,
0.5110636353492737,0.75789475440979,0.7360737323760986,0.8518518805503845,0.5476190447807312,4,134,,,,,
,,,,,4,134,0.3504093289375305,,,,
,,,,,5,135,,0.7679324746131897,0.7468615174293518,0.8676470518112183,0.561904788017273
,,,,,5,135,,0.7679324746131897,0.7468615174293518,0.8676470518112183,0.561904788017273
,,,,,5,135,,0.7679324746131897,0.7468615174293518,0.8676470518112183,0.561904788017273
