val_loss,val_accuracy,val_auroc,val_precision,val_recall,epoch,step,train_loss,test_accuracy,test_auroc,test_precision,test_recall
0.6184945106506348,0.557894766330719,0.5,0.0,0.0,0,6,,,,,
,,,,,0,6,0.6328044533729553,,,,
0.6154626607894897,0.557894766330719,0.5,0.0,0.0,1,13,,,,,
,,,,,1,13,0.60077303647995,,,,
0.6154236793518066,0.557894766330719,0.5,0.0,0.0,2,20,,,,,
,,,,,2,20,0.5205469131469727,,,,
0.6153701543807983,0.557894766330719,0.5,0.0,0.0,3,27,,,,,
,,,,,3,27,0.44073566794395447,,,,
0.6157737374305725,0.557894766330719,0.5,0.0,0.0,4,34,,,,,
,,,,,4,34,0.35178354382514954,,,,
,,,,,5,35,,0.5593220591545105,0.5,0.0,0.0
,,,,,5,35,,0.5593220591545105,0.5,0.0,0.0
,,,,,5,35,,0.5593220591545105,0.5,0.0,0.0
