val_loss,val_accuracy,val_auroc,val_precision,val_recall,epoch,step,train_loss,test_accuracy,test_auroc,test_precision,test_recall
0.6199938058853149,0.557894766330719,0.5,0.0,0.0,0,26,,,,,
,,,,,0,26,0.6310645341873169,,,,
0.6182587146759033,0.557894766330719,0.5,0.0,0.0,1,53,,,,,
,,,,,1,53,0.6143503189086914,,,,
0.6148257255554199,0.557894766330719,0.5,0.0,0.0,2,80,,,,,
,,,,,2,80,0.5942623019218445,,,,
0.5991929173469543,0.621052622795105,0.5862533450126648,0.6666666865348816,0.2857142984867096,3,107,,,,,
,,,,,3,107,0.5727744698524475,,,,
0.6016514301300049,0.6947368383407593,0.6745282411575317,0.7241379022598267,0.5,4,134,,,,,
,,,,,4,134,0.5238931775093079,,,,
,,,,,5,135,,0.6864407062530518,0.6666666865348816,0.7027027606964111,0.5
,,,,,5,135,,0.6228813529014587,0.5823135375976562,0.7142857313156128,0.24038460850715637
,,,,,5,135,,0.6864407062530518,0.6666666865348816,0.7027027606964111,0.5
