val_loss,val_accuracy,val_auroc,val_precision,val_recall,epoch,step,train_loss,test_accuracy,test_auroc,test_precision,test_recall
1.1479480266571045,0.4421052634716034,0.5,0.4421052634716034,1.0,0,6,,,,,
,,,,,0,6,1.279618263244629,,,,
0.9218846559524536,0.4421052634716034,0.5,0.4421052634716034,1.0,1,13,,,,,
,,,,,1,13,0.9762679934501648,,,,
0.9216905832290649,0.4421052634716034,0.5,0.4421052634716034,1.0,2,20,,,,,
,,,,,2,20,0.865493655204773,,,,
0.903354823589325,0.4421052634716034,0.5,0.4421052634716034,1.0,3,27,,,,,
,,,,,3,27,0.7544940710067749,,,,
0.9330107569694519,0.4421052634716034,0.5,0.4421052634716034,1.0,4,34,,,,,
,,,,,4,34,0.6931520700454712,,,,
,,,,,5,35,,0.4430379867553711,0.5,0.4430379867553711,1.0
,,,,,5,35,,0.4430379867553711,0.5,0.4430379867553711,1.0
,,,,,5,35,,0.4430379867553711,0.5,0.4430379867553711,1.0
