val_loss,val_accuracy,val_auroc,val_precision,val_recall,epoch,step,train_loss,test_accuracy,test_auroc,test_precision,test_recall
0.4372597634792328,0.8105263113975525,0.7881851196289062,0.9615384340286255,0.5952380895614624,0,26,,,,,
,,,,,0,26,0.4390770196914673,,,,
0.382058322429657,0.8315789699554443,0.8268193006515503,0.824999988079071,0.7857142686843872,1,53,,,,,
,,,,,1,53,0.34201979637145996,,,,
0.3812963664531708,0.8105263113975525,0.8005390167236328,0.8333333134651184,0.7142857313156128,2,80,,,,,
,,,,,2,80,0.2564847469329834,,,,
0.35999467968940735,0.8421052694320679,0.8411949276924133,0.8139534592628479,0.8333333134651184,3,107,,,,,
,,,,,3,107,0.22327996790409088,,,,
,,,,,4,108,,0.8438818454742432,0.8442640900611877,0.8090909123420715,0.8476190567016602
,,,,,4,108,,0.8438818454742432,0.8442640900611877,0.8090909123420715,0.8476190567016602
,,,,,4,108,,0.8438818454742432,0.8442640900611877,0.8090909123420715,0.8476190567016602
