val_loss,val_accuracy,val_auroc,val_precision,val_recall,epoch,step,train_loss,test_accuracy,test_auroc,test_precision,test_recall
0.516508162021637,0.75789475440979,0.7360737323760986,0.8518518805503845,0.5476190447807312,0,26,,,,,
,,,,,0,26,0.5827298760414124,,,,
0.4556801915168762,0.800000011920929,0.781221866607666,0.8965517282485962,0.6190476417541504,1,53,,,,,
,,,,,1,53,0.470265656709671,,,,
0.4035433828830719,0.8315789699554443,0.8144654631614685,0.9333332777023315,0.6666666865348816,2,80,,,,,
,,,,,2,80,0.4034844934940338,,,,
0.35495731234550476,0.8736842274665833,0.8620845079421997,0.9411764740943909,0.761904776096344,3,107,,,,,
,,,,,3,107,0.34407076239585876,,,,
,,,,,4,108,,0.8220338821411133,0.8001165390014648,0.9696969985961914,0.6153846383094788
,,,,,4,108,,0.8220338821411133,0.8001165390014648,0.9696969985961914,0.6153846383094788
,,,,,4,108,,0.8220338821411133,0.8001165390014648,0.9696969985961914,0.6153846383094788
