val_loss,val_accuracy,val_auroc,val_precision,val_recall,epoch,step,train_loss,test_accuracy,test_auroc,test_precision,test_recall
0.6217032670974731,0.557894766330719,0.5,0.0,0.0,0,26,,,,,
,,,,,0,26,0.6439267992973328,,,,
0.6212414503097534,0.557894766330719,0.5,0.0,0.0,1,53,,,,,
,,,,,1,53,0.6289361715316772,,,,
0.6213770508766174,0.5368421077728271,0.5256064534187317,0.4736842215061188,0.4285714328289032,2,80,,,,,
,,,,,2,80,0.6297351121902466,,,,
0.6572346091270447,0.4736842215061188,0.4937106966972351,0.4375,0.6666666865348816,3,107,,,,,
,,,,,3,107,0.626366138458252,,,,
0.7030466198921204,0.621052622795105,0.5961365699768066,0.6153846383094788,0.380952388048172,4,134,,,,,
,,,,,4,134,0.625223696231842,,,,
,,,,,5,135,,0.5169491767883301,0.5080128312110901,0.44999998807907104,0.4326923191547394
,,,,,5,135,,0.5593220591545105,0.5,0.0,0.0
,,,,,5,135,,0.5169491767883301,0.5080128312110901,0.44999998807907104,0.4326923191547394
