val_loss,val_accuracy,val_auroc,val_precision,val_recall,epoch,step,train_loss,test_accuracy,test_auroc,test_precision,test_recall
0.34581002593040466,0.8421052694320679,0.83625328540802,0.8461537957191467,0.7857142686843872,0,26,,,,,
,,,,,0,26,0.4360867142677307,,,,
0.24494385719299316,0.8947368264198303,0.89577716588974,0.8636363744735718,0.9047619700431824,1,53,,,,,
,,,,,1,53,0.1875268518924713,,,,
0.2342575639486313,0.9157894849777222,0.9121742844581604,0.925000011920929,0.8809523582458496,2,80,,,,,
,,,,,2,80,0.049206797033548355,,,,
0.28627943992614746,0.8947368264198303,0.8908355832099915,0.8999999761581421,0.8571428656578064,3,107,,,,,
,,,,,3,107,0.03298690915107727,,,,
,,,,,4,108,,0.8305084705352783,0.8199300169944763,0.8636364340782166,0.7307692170143127
,,,,,4,108,,0.8305084705352783,0.8199300169944763,0.8636364340782166,0.7307692170143127
,,,,,4,108,,0.8177965879440308,0.810606062412262,0.821052610874176,0.75
