val_loss,val_accuracy,val_auroc,val_precision,val_recall,epoch,step,train_loss,test_accuracy,test_auroc,test_precision,test_recall
0.617311954498291,0.557894766330719,0.5,0.0,0.0,0,26,,,,,
,,,,,0,26,0.6273329257965088,,,,
0.6160494089126587,0.557894766330719,0.5,0.0,0.0,1,53,,,,,
,,,,,1,53,0.6125067472457886,,,,
0.6141995191574097,0.557894766330719,0.5,0.0,0.0,2,80,,,,,
,,,,,2,80,0.5908596515655518,,,,
0.7122015953063965,0.6105263233184814,0.5842318534851074,0.6000000238418579,0.3571428656578064,3,107,,,,,
,,,,,3,107,0.5535289645195007,,,,
0.7613716721534729,0.6736842393875122,0.6581311821937561,0.6666666865348816,0.523809552192688,4,134,,,,,
,,,,,4,134,0.5276190638542175,,,,
,,,,,5,135,,0.7118644118309021,0.7026515007019043,0.6914893388748169,0.625
,,,,,5,135,,0.555084764957428,0.4962121248245239,0.0,0.0
,,,,,5,135,,0.7118644118309021,0.7026515007019043,0.6914893388748169,0.625
