val_loss,val_accuracy,val_auroc,val_precision,val_recall,epoch,step,train_loss,test_accuracy,test_auroc,test_precision,test_recall
0.617338240146637,0.557894766330719,0.5,0.0,0.0,0,6,,,,,
,,,,,0,6,0.6341587901115417,,,,
0.6162390112876892,0.557894766330719,0.5,0.0,0.0,1,13,,,,,
,,,,,1,13,0.5571074485778809,,,,
0.6156559586524963,0.557894766330719,0.5,0.0,0.0,2,20,,,,,
,,,,,2,20,0.4927850365638733,,,,
0.6162574887275696,0.557894766330719,0.5,0.0,0.0,3,27,,,,,
,,,,,3,27,0.3941124677658081,,,,
0.6154624223709106,0.557894766330719,0.5,0.0,0.0,4,34,,,,,
,,,,,4,34,0.31262826919555664,,,,
,,,,,5,35,,0.5593220591545105,0.5,0.0,0.0
,,,,,5,35,,0.5593220591545105,0.5,0.0,0.0
,,,,,5,35,,0.5593220591545105,0.5,0.0,0.0
