val_loss,val_accuracy,val_auroc,val_precision,val_recall,epoch,step,train_loss,test_accuracy,test_auroc,test_precision,test_recall
0.4417361319065094,0.7684210538864136,0.7430369257926941,0.9166666865348816,0.523809552192688,0,13,,,,,
,,,,,0,13,0.4828268587589264,,,,
0.39080941677093506,0.7894737124443054,0.7742587327957153,0.84375,0.6428571343421936,1,27,,,,,
,,,,,1,27,0.2163834124803543,,,,
0.3903716504573822,0.8315789699554443,0.8144654631614685,0.9333332777023315,0.6666666865348816,2,41,,,,,
,,,,,2,41,0.0771356001496315,,,,
0.3541901707649231,0.8315789699554443,0.8194069862365723,0.8823529481887817,0.7142857313156128,3,55,,,,,
,,,,,3,55,0.028903469443321228,,,,
,,,,,4,56,,0.8177965879440308,0.8116258978843689,0.8144329786300659,0.7596153616905212
,,,,,4,56,,0.8177965879440308,0.8116258978843689,0.8144329786300659,0.7596153616905212
,,,,,4,56,,0.8177965879440308,0.8116258978843689,0.8144329786300659,0.7596153616905212
