val_loss,val_accuracy,val_auroc,val_precision,val_recall,epoch,step,train_loss,test_accuracy,test_auroc,test_precision,test_recall
0.6214689612388611,0.4421052634716034,0.5,0.4421052634716034,1.0,0,13,,,,,
,,,,,0,13,0.6351720690727234,,,,
0.6204555034637451,0.557894766330719,0.5,0.0,0.0,1,27,,,,,
,,,,,1,27,0.6278003454208374,,,,
0.6183316111564636,0.557894766330719,0.5,0.0,0.0,2,41,,,,,
,,,,,2,41,0.6068165302276611,,,,
0.6180244088172913,0.557894766330719,0.5,0.0,0.0,3,55,,,,,
,,,,,3,55,0.5847691893577576,,,,
0.6176242232322693,0.557894766330719,0.5,0.0,0.0,4,69,,,,,
,,,,,4,69,0.5618511438369751,,,,
,,,,,5,70,,0.4430379867553711,0.5,0.4430379867553711,1.0
,,,,,5,70,,0.5569620132446289,0.5,0.0,0.0
,,,,,5,70,,0.5569620132446289,0.5,0.0,0.0
