val_loss,val_accuracy,val_auroc,val_precision,val_recall,epoch,step,train_loss,test_accuracy,test_auroc,test_precision,test_recall
0.6204655170440674,0.557894766330719,0.5,0.0,0.0,0,13,,,,,
,,,,,0,13,0.627575159072876,,,,
0.6177259087562561,0.557894766330719,0.5,0.0,0.0,1,27,,,,,
,,,,,1,27,0.6111155152320862,,,,
0.6179014444351196,0.557894766330719,0.5,0.0,0.0,2,41,,,,,
,,,,,2,41,0.5977691411972046,,,,
0.6173192262649536,0.557894766330719,0.5,0.0,0.0,3,55,,,,,
,,,,,3,55,0.5760983228683472,,,,
0.6154178380966187,0.557894766330719,0.5,0.0,0.0,4,69,,,,,
,,,,,4,69,0.5388271808624268,,,,
,,,,,5,70,,0.5593220591545105,0.5,0.0,0.0
,,,,,5,70,,0.5593220591545105,0.5,0.0,0.0
,,,,,5,70,,0.5593220591545105,0.5,0.0,0.0
