val_loss,val_accuracy,val_auroc,val_precision,val_recall,epoch,step,train_loss,test_accuracy,test_auroc,test_precision,test_recall
0.532843291759491,0.7368420958518982,0.7023809552192688,1.0,0.4047619104385376,0,26,,,,,
,,,,,0,26,0.5507245659828186,,,,
0.47159942984580994,0.7684210538864136,0.738095223903656,1.0,0.4761904776096344,1,53,,,,,
,,,,,1,53,0.44652488827705383,,,,
0.4351597726345062,0.75789475440979,0.7311322093009949,0.9130435585975647,0.5,2,80,,,,,
,,,,,2,80,0.3848787248134613,,,,
0.3963329792022705,0.7894737124443054,0.7693171501159668,0.8928571343421936,0.5952380895614624,3,107,,,,,
,,,,,3,107,0.3224117159843445,,,,
,,,,,4,108,,0.7838982939720154,0.7609233260154724,0.9354838728904724,0.5523809790611267
,,,,,4,108,,0.7838982939720154,0.7609233260154724,0.9354838728904724,0.5523809790611267
,,,,,4,108,,0.7838982939720154,0.7609233260154724,0.9354838728904724,0.5523809790611267
