val_loss,val_accuracy,val_auroc,val_precision,val_recall,epoch,step,train_loss,test_accuracy,test_auroc,test_precision,test_recall
0.42066478729248047,0.8526315689086914,0.8432164788246155,0.8888888955116272,0.761904776096344,0,13,,,,,
,,,,,0,13,0.44657066464424133,,,,
0.3779594302177429,0.800000011920929,0.7886343002319336,0.8285714387893677,0.6904761791229248,1,27,,,,,
,,,,,1,27,0.18918409943580627,,,,
0.38900163769721985,0.8105263113975525,0.8005390167236328,0.8333333134651184,0.7142857313156128,2,41,,,,,
,,,,,2,41,0.06578406691551208,,,,
0.47871702909469604,0.7789473533630371,0.7747079730033875,0.7560975551605225,0.738095223903656,3,55,,,,,
,,,,,3,55,0.020325694233179092,,,,
,,,,,4,56,,0.7923728823661804,0.7817599177360535,0.8089887499809265,0.692307710647583
,,,,,4,56,,0.8135592937469482,0.8017191290855408,0.8488371968269348,0.7019230723381042
,,,,,4,56,,0.8093220591545105,0.8060897588729858,0.7864077687263489,0.7788461446762085
