val_loss,val_accuracy,val_auroc,val_precision,val_recall,epoch,step,train_loss,test_accuracy,test_auroc,test_precision,test_recall
0.5716124176979065,0.6631578803062439,0.6190476417541504,1.0,0.2380952388048172,0,13,,,,,
,,,,,0,13,0.5990774631500244,,,,
0.5513991117477417,0.6631578803062439,0.6190476417541504,1.0,0.2380952388048172,1,27,,,,,
,,,,,1,27,0.4998246133327484,,,,
0.5185648798942566,0.6947368383407593,0.6547619104385376,1.0,0.3095238208770752,2,41,,,,,
,,,,,2,41,0.4394920766353607,,,,
0.48846107721328735,0.7052631378173828,0.6666666865348816,1.0,0.3333333432674408,3,55,,,,,
,,,,,3,55,0.3854809105396271,,,,
,,,,,4,56,,0.7711864113807678,0.7536421418190002,0.8289473652839661,0.6057692170143127
,,,,,4,56,,0.7711864113807678,0.7536421418190002,0.8289473652839661,0.6057692170143127
,,,,,4,56,,0.7711864113807678,0.7536421418190002,0.8289473652839661,0.6057692170143127
