val_loss,val_accuracy,val_auroc,val_precision,val_recall,epoch,step,train_loss,test_accuracy,test_auroc,test_precision,test_recall
0.6185747981071472,0.557894766330719,0.5,0.0,0.0,0,13,,,,,
,,,,,0,13,0.619196891784668,,,,
0.6170765161514282,0.557894766330719,0.5,0.0,0.0,1,27,,,,,
,,,,,1,27,0.6048443913459778,,,,
0.6165280938148499,0.557894766330719,0.5,0.0,0.0,2,41,,,,,
,,,,,2,41,0.589214563369751,,,,
0.6153954863548279,0.557894766330719,0.5,0.0,0.0,3,55,,,,,
,,,,,3,55,0.5567398071289062,,,,
0.6148845553398132,0.557894766330719,0.5,0.0,0.0,4,69,,,,,
,,,,,4,69,0.5144610404968262,,,,
,,,,,5,70,,0.5593220591545105,0.5,0.0,0.0
,,,,,5,70,,0.5593220591545105,0.5,0.0,0.0
,,,,,5,70,,0.5593220591545105,0.5,0.0,0.0
