val_loss,val_accuracy,val_auroc,val_precision,val_recall,epoch,step,train_loss,test_accuracy,test_auroc,test_precision,test_recall
0.5847885608673096,0.6736842393875122,0.6902515888214111,0.5932203531265259,0.8333333134651184,0,13,,,,,
,,,,,0,13,0.5609405636787415,,,,
1.2188570499420166,0.5263158082962036,0.5705300569534302,0.4819277226924896,0.9523809552192688,1,27,,,,,
,,,,,1,27,0.18275707960128784,,,,
0.7857179045677185,0.7052631378173828,0.6889038681983948,0.71875,0.5476190447807312,2,41,,,,,
,,,,,2,41,0.08086507767438889,,,,
0.8548999428749084,0.7684210538864136,0.7578616738319397,0.7777778506278992,0.6666666865348816,3,55,,,,,
,,,,,3,55,0.04591367393732071,,,,
1.3184471130371094,0.6947368383407593,0.6819406747817993,0.6857143044471741,0.5714285969734192,4,69,,,,,
,,,,,4,69,0.027821654453873634,,,,
,,,,,5,70,,0.7161017060279846,0.7196969389915466,0.6554622054100037,0.75
,,,,,5,70,,0.6737288236618042,0.6909964680671692,0.5918367505073547,0.8365384340286255
,,,,,5,70,,0.7203390002250671,0.7153263688087463,0.686274528503418,0.6730769276618958
