val_loss,val_accuracy,val_auroc,val_precision,val_recall,epoch,step,train_loss,test_accuracy,test_auroc,test_precision,test_recall
0.615225076675415,0.557894766330719,0.5,0.0,0.0,0,26,,,,,
,,,,,0,26,0.6414780020713806,,,,
0.6165380477905273,0.557894766330719,0.5,0.0,0.0,1,53,,,,,
,,,,,1,53,0.5365270376205444,,,,
0.5870494246482849,0.5894736647605896,0.5357142686843872,1.0,0.0714285746216774,2,80,,,,,
,,,,,2,80,0.43994852900505066,,,,
0.4840433895587921,0.7263157963752747,0.712713360786438,0.7352941632270813,0.5952380895614624,3,107,,,,,
,,,,,3,107,0.372211217880249,,,,
0.5598586201667786,0.7473683953285217,0.7291104793548584,0.800000011920929,0.5714285969734192,4,134,,,,,
,,,,,4,134,0.27128177881240845,,,,
,,,,,5,135,,0.7754237055778503,0.7676282525062561,0.7684210538864136,0.7019230723381042
,,,,,5,135,,0.8177965879440308,0.809586226940155,0.8279569745063782,0.7403846383094788
,,,,,5,135,,0.7754237055778503,0.7676282525062561,0.7684210538864136,0.7019230723381042
