val_loss,val_accuracy,val_auroc,val_precision,val_recall,epoch,step,train_loss,test_accuracy,test_auroc,test_precision,test_recall
0.6152307987213135,0.6000000238418579,0.5871518850326538,0.5555555820465088,0.4761904776096344,0,13,,,,,
,,,,,0,13,0.6137338280677795,,,,
0.6066892147064209,0.6315789222717285,0.6278077363967896,0.5813953280448914,0.5952380895614624,1,27,,,,,
,,,,,1,27,0.5079030394554138,,,,
0.5485710501670837,0.7368420958518982,0.7394429445266724,0.6808510422706604,0.761904776096344,2,41,,,,,
,,,,,2,41,0.44513046741485596,,,,
0.4771125912666321,0.7894737124443054,0.7866127490997314,0.761904776096344,0.761904776096344,3,55,,,,,
,,,,,3,55,0.3947485089302063,,,,
0.4553387761116028,0.7789473533630371,0.7771788239479065,0.7441861033439636,0.761904776096344,4,69,,,,,
,,,,,4,69,0.3492177426815033,,,,
,,,,,5,70,,0.7076271176338196,0.6988635659217834,0.6842105388641357,0.625
,,,,,5,70,,0.7161017060279846,0.7064393758773804,0.698924720287323,0.625
,,,,,5,70,,0.7161017060279846,0.7064393758773804,0.698924720287323,0.625
