val_loss,val_accuracy,val_auroc,val_precision,val_recall,epoch,step,train_loss,test_accuracy,test_auroc,test_precision,test_recall
0.6225686073303223,0.4421052634716034,0.5,0.4421052634716034,1.0,0,26,,,,,
,,,,,0,26,0.6296088099479675,,,,
0.6222141981124878,0.4421052634716034,0.5,0.4421052634716034,1.0,1,53,,,,,
,,,,,1,53,0.6329700350761414,,,,
0.622711718082428,0.4526315927505493,0.5094339847564697,0.44680851697921753,1.0,2,80,,,,,
,,,,,2,80,0.6314926147460938,,,,
0.6153869032859802,0.5368421077728271,0.5725516080856323,0.4868420958518982,0.8809523582458496,3,107,,,,,
,,,,,3,107,0.6339988708496094,,,,
0.6562360525131226,0.5894736647605896,0.597484290599823,0.5283018946647644,0.6666666865348816,4,134,,,,,
,,,,,4,134,0.6352856159210205,,,,
,,,,,5,135,,0.5974576473236084,0.6099963784217834,0.5352112650871277,0.723809540271759
,,,,,5,135,,0.5338982939720154,0.5678662061691284,0.48677247762680054,0.8761904835700989
,,,,,5,135,,0.5974576473236084,0.6099963784217834,0.5352112650871277,0.723809540271759
