val_loss,val_accuracy,val_auroc,val_precision,val_recall,epoch,step,train_loss,test_accuracy,test_auroc,test_precision,test_recall
0.523290753364563,0.7263157963752747,0.7053009867668152,0.7857142686843872,0.523809552192688,0,26,,,,,
,,,,,0,26,0.5675255060195923,,,,
0.7229467034339905,0.6736842393875122,0.6556603908538818,0.6774194240570068,0.5,1,53,,,,,
,,,,,1,53,0.22711914777755737,,,,
1.0513678789138794,0.6631578803062439,0.6931716203689575,0.5714285969734192,0.9523809552192688,2,80,,,,,
,,,,,2,80,0.09512707591056824,,,,
0.9570119976997375,0.6842105388641357,0.6700359582901001,0.6764705181121826,0.5476190447807312,3,107,,,,,
,,,,,3,107,0.05046863481402397,,,,
0.9060065150260925,0.7052631378173828,0.7185534238815308,0.625,0.8333333134651184,4,134,,,,,
,,,,,4,134,0.0764678493142128,,,,
,,,,,5,135,,0.7763713002204895,0.7797619104385376,0.7203390002250671,0.8095238208770752
,,,,,5,135,,0.7848101258277893,0.7659090757369995,0.875,0.6000000238418579
,,,,,5,135,,0.7763713002204895,0.7797619104385376,0.7203390002250671,0.8095238208770752
