val_loss,val_accuracy,val_auroc,val_precision,val_recall,epoch,step,train_loss,test_accuracy,test_auroc,test_precision,test_recall
0.8580383062362671,0.46315789222717285,0.5188679099082947,0.4516128897666931,1.0,0,6,,,,,
,,,,,0,6,0.5637359619140625,,,,
1.0517605543136597,0.5368421077728271,0.5799640417098999,0.4878048896789551,0.9523809552192688,1,13,,,,,
,,,,,1,13,0.19947963953018188,,,,
1.0632511377334595,0.6315789222717285,0.6599280834197998,0.5507246255874634,0.9047619700431824,2,20,,,,,
,,,,,2,20,0.05604763329029083,,,,
0.8428508639335632,0.7368420958518982,0.7443845272064209,0.6666666865348816,0.8095238208770752,3,27,,,,,
,,,,,3,27,0.016144927591085434,,,,
1.8215837478637695,0.5368421077728271,0.5750224590301514,0.4871794879436493,0.9047619700431824,4,34,,,,,
,,,,,4,34,0.009880969300866127,,,,
,,,,,5,35,,0.7245762944221497,0.7333915829658508,0.6511628031730652,0.807692289352417
,,,,,5,35,,0.7245762944221497,0.7333915829658508,0.6511628031730652,0.807692289352417
,,,,,5,35,,0.6059321761131287,0.6416083574295044,0.5297297239303589,0.942307710647583
