val_loss,val_accuracy,val_auroc,val_precision,val_recall,epoch,step,train_loss,test_accuracy,test_auroc,test_precision,test_recall
0.620849609375,0.557894766330719,0.5,0.0,0.0,0,13,,,,,
,,,,,0,13,0.6349873542785645,,,,
0.6206467747688293,0.557894766330719,0.5,0.0,0.0,1,27,,,,,
,,,,,1,27,0.6075173616409302,,,,
0.6188578605651855,0.557894766330719,0.5,0.0,0.0,2,41,,,,,
,,,,,2,41,0.6006306409835815,,,,
0.6178939938545227,0.557894766330719,0.5,0.0,0.0,3,55,,,,,
,,,,,3,55,0.5897076725959778,,,,
0.6166905164718628,0.557894766330719,0.5,0.0,0.0,4,69,,,,,
,,,,,4,69,0.5555239915847778,,,,
,,,,,5,70,,0.555084764957428,0.5,0.0,0.0
,,,,,5,70,,0.555084764957428,0.5,0.0,0.0
,,,,,5,70,,0.555084764957428,0.5,0.0,0.0
