val_loss,val_accuracy,val_auroc,val_precision,val_recall,epoch,step,train_loss,test_accuracy,test_auroc,test_precision,test_recall
0.6158996224403381,0.557894766330719,0.5,0.0,0.0,0,6,,,,,
,,,,,0,6,0.6357242465019226,,,,
0.6160762310028076,0.557894766330719,0.5,0.0,0.0,1,13,,,,,
,,,,,1,13,0.5529124736785889,,,,
0.6184073686599731,0.557894766330719,0.5,0.0,0.0,2,20,,,,,
,,,,,2,20,0.47734585404396057,,,,
0.6179574728012085,0.557894766330719,0.5,0.0,0.0,3,27,,,,,
,,,,,3,27,0.35999399423599243,,,,
0.6172791719436646,0.557894766330719,0.5,0.0,0.0,4,34,,,,,
,,,,,4,34,0.2758318781852722,,,,
,,,,,5,35,,0.5593220591545105,0.5,0.0,0.0
,,,,,5,35,,0.5593220591545105,0.5,0.0,0.0
,,,,,5,35,,0.5593220591545105,0.5,0.0,0.0
