val_loss,val_accuracy,val_auroc,val_precision,val_recall,epoch,step,train_loss,test_accuracy,test_auroc,test_precision,test_recall
0.615413248538971,0.557894766330719,0.5,0.0,0.0,0,13,,,,,
,,,,,0,13,0.6589440703392029,,,,
0.6156456470489502,0.557894766330719,0.5,0.0,0.0,1,27,,,,,
,,,,,1,27,0.5863862633705139,,,,
0.6157397031784058,0.557894766330719,0.5,0.0,0.0,2,41,,,,,
,,,,,2,41,0.48926830291748047,,,,
0.6186259388923645,0.557894766330719,0.5,0.0,0.0,3,55,,,,,
,,,,,3,55,0.40004047751426697,,,,
0.6060639023780823,0.557894766330719,0.5,0.0,0.0,4,69,,,,,
,,,,,4,69,0.3389999270439148,,,,
,,,,,5,70,,0.5593220591545105,0.5,0.0,0.0
,,,,,5,70,,0.555084764957428,0.4962121248245239,0.0,0.0
,,,,,5,70,,0.555084764957428,0.4962121248245239,0.0,0.0
