val_loss,val_accuracy,val_auroc,val_precision,val_recall,epoch,step,train_loss,test_accuracy,test_auroc,test_precision,test_recall
0.7717388868331909,0.6421052813529968,0.6718329191207886,0.5571428537368774,0.9285714626312256,0,26,,,,,
,,,,,0,26,0.5351696610450745,,,,
1.0203584432601929,0.7157894968986511,0.6835130453109741,0.8947368264198303,0.4047619104385376,1,53,,,,,
,,,,,1,53,0.2299278825521469,,,,
1.0896397829055786,0.6421052813529968,0.664420485496521,0.5625,0.8571428656578064,2,80,,,,,
,,,,,2,80,0.11109837144613266,,,,
1.3720849752426147,0.7263157963752747,0.6929470896720886,0.9444444179534912,0.4047619104385376,3,107,,,,,
,,,,,3,107,0.06678462028503418,,,,
1.2220348119735718,0.7052631378173828,0.6814914345741272,0.7692307829856873,0.4761904776096344,4,134,,,,,
,,,,,4,134,0.05867786332964897,,,,
,,,,,5,135,,0.7330508232116699,0.7011946439743042,0.918367326259613,0.4326923191547394
,,,,,5,135,,0.6101694703102112,0.6362179517745972,0.5361445546150208,0.8557692170143127
,,,,,5,135,,0.7076271176338196,0.692744791507721,0.7108433842658997,0.567307710647583
