val_loss,val_accuracy,val_auroc,val_precision,val_recall,epoch,step,train_loss,test_accuracy,test_auroc,test_precision,test_recall
0.9670485854148865,0.5789473652839661,0.5806379318237305,0.5208333134651184,0.5952380895614624,0,26,,,,,
,,,,,0,26,1.0204753875732422,,,,
0.9204325079917908,0.4842105209827423,0.5130278468132019,0.4507042467594147,0.761904776096344,1,53,,,,,
,,,,,1,53,0.9694070219993591,,,,
0.8737453818321228,0.4842105209827423,0.5179694890975952,0.4533333480358124,0.8095238208770752,2,80,,,,,
,,,,,2,80,0.9180530309677124,,,,
0.8274415731430054,0.5157894492149353,0.5536837577819824,0.4743589758872986,0.8809523582458496,3,107,,,,,
,,,,,3,107,0.8664467334747314,,,,
0.7819231748580933,0.5052631497383118,0.5442497730255127,0.4683544337749481,0.8809523582458496,4,134,,,,,
,,,,,4,134,0.8165333271026611,,,,
,,,,,5,135,,0.5720338821411133,0.571532666683197,0.5130434632301331,0.567307710647583
,,,,,5,135,,0.47457626461982727,0.5119463801383972,0.4479166567325592,0.8269230723381042
,,,,,5,135,,0.47457626461982727,0.5119463801383972,0.4479166567325592,0.8269230723381042
