val_loss,val_accuracy,val_auroc,val_precision,val_recall,epoch,step,train_loss,test_accuracy,test_auroc,test_precision,test_recall
2.285100221633911,0.5263158082962036,0.4716981053352356,0.0,0.0,0,26,,,,,
,,,,,0,26,2.347384214401245,,,,
1.7344322204589844,0.4526315927505493,0.4204851984977722,0.27272728085517883,0.1428571492433548,1,53,,,,,
,,,,,1,53,1.785569190979004,,,,
1.2533601522445679,0.4421052634716034,0.4431716203689575,0.3877550959587097,0.4523809850215912,2,80,,,,,
,,,,,2,80,1.2931822538375854,,,,
0.9310163259506226,0.3684210479259491,0.39937108755111694,0.37837836146354675,0.6666666865348816,3,107,,,,,
,,,,,3,107,0.9328644275665283,,,,
0.7815463542938232,0.3684210479259491,0.4092542827129364,0.39024388790130615,0.761904776096344,4,134,,,,,
,,,,,4,134,0.7368890643119812,,,,
,,,,,5,135,,0.5466101765632629,0.4906759560108185,0.2857142984867096,0.01923076994717121
,,,,,5,135,,0.4406779706478119,0.4836829900741577,0.4313725531101227,0.8461538553237915
,,,,,5,135,,0.4406779706478119,0.4836829900741577,0.4313725531101227,0.8461538553237915
