val_loss,val_accuracy,val_auroc,val_precision,val_recall,epoch,step,train_loss,test_accuracy,test_auroc,test_precision,test_recall
0.6179157495498657,0.557894766330719,0.5,0.0,0.0,0,6,,,,,
,,,,,0,6,0.6474619507789612,,,,
0.6153681874275208,0.557894766330719,0.5,0.0,0.0,1,13,,,,,
,,,,,1,13,0.5676374435424805,,,,
0.6153423190116882,0.557894766330719,0.5,0.0,0.0,2,20,,,,,
,,,,,2,20,0.48465147614479065,,,,
0.615192174911499,0.557894766330719,0.5,0.0,0.0,3,27,,,,,
,,,,,3,27,0.3897725045681,,,,
0.6156120300292969,0.557894766330719,0.5,0.0,0.0,4,34,,,,,
,,,,,4,34,0.3008854389190674,,,,
,,,,,5,35,,0.5593220591545105,0.5,0.0,0.0
,,,,,5,35,,0.5593220591545105,0.5,0.0,0.0
,,,,,5,35,,0.5593220591545105,0.5,0.0,0.0
