val_loss,val_accuracy,val_auroc,val_precision,val_recall,epoch,step,train_loss,test_accuracy,test_auroc,test_precision,test_recall
0.6207520365715027,0.557894766330719,0.5,0.0,0.0,0,6,,,,,
,,,,,0,6,0.6255552172660828,,,,
0.6196279525756836,0.557894766330719,0.5,0.0,0.0,1,13,,,,,
,,,,,1,13,0.6196787357330322,,,,
0.6187912821769714,0.557894766330719,0.5,0.0,0.0,2,20,,,,,
,,,,,2,20,0.6138323545455933,,,,
0.6181409358978271,0.557894766330719,0.5,0.0,0.0,3,27,,,,,
,,,,,3,27,0.5986783504486084,,,,
0.6176623702049255,0.557894766330719,0.5,0.0,0.0,4,34,,,,,
,,,,,4,34,0.5922806262969971,,,,
,,,,,5,35,,0.5593220591545105,0.5,0.0,0.0
,,,,,5,35,,0.5593220591545105,0.5,0.0,0.0
,,,,,5,35,,0.5593220591545105,0.5,0.0,0.0
