val_loss,val_accuracy,val_auroc,val_precision,val_recall,epoch,step,train_loss,test_accuracy,test_auroc,test_precision,test_recall
0.6185019612312317,0.557894766330719,0.5,0.0,0.0,0,26,,,,,
,,,,,0,26,0.6219661235809326,,,,
0.620352029800415,0.557894766330719,0.5,0.0,0.0,1,53,,,,,
,,,,,1,53,0.4949909746646881,,,,
0.5513502955436707,0.7789473533630371,0.7598832249641418,0.8620689511299133,0.5952380895614624,2,80,,,,,
,,,,,2,80,0.3355434536933899,,,,
0.44631943106651306,0.7789473533630371,0.7549417018890381,0.9200000166893005,0.5476190447807312,3,107,,,,,
,,,,,3,107,0.2889534831047058,,,,
0.5826247930526733,0.7684210538864136,0.7578616738319397,0.7777778506278992,0.6666666865348816,4,134,,,,,
,,,,,4,134,0.228831946849823,,,,
,,,,,5,135,,0.75,0.7347027659416199,0.7777777910232544,0.6057692170143127
,,,,,5,135,,0.7372881174087524,0.7202797532081604,0.7692307829856873,0.5769230723381042
,,,,,5,135,,0.7457627058029175,0.745192289352417,0.699999988079071,0.7403846383094788
