val_loss,val_accuracy,val_auroc,val_precision,val_recall,epoch,step,train_loss,test_accuracy,test_auroc,test_precision,test_recall
0.42110440135002136,0.75789475440979,0.7508984804153442,0.7435897588729858,0.6904761791229248,0,26,,,,,
,,,,,0,26,0.41835764050483704,,,,
0.38146108388900757,0.800000011920929,0.7935759425163269,0.7948718667030334,0.738095223903656,1,53,,,,,
,,,,,1,53,0.1837502121925354,,,,
0.5169190764427185,0.7894737124443054,0.7767295241355896,0.8235294818878174,0.6666666865348816,2,80,,,,,
,,,,,2,80,0.052429307252168655,,,,
0.4669736623764038,0.821052610874176,0.8149146437644958,0.8205127716064453,0.761904776096344,3,107,,,,,
,,,,,3,107,0.02206440269947052,,,,
,,,,,4,108,,0.8432203531265259,0.8445512056350708,0.8018018007278442,0.8557692170143127
,,,,,4,108,,0.8262711763381958,0.8283799290657043,0.778761088848114,0.8461538553237915
,,,,,4,108,,0.8432203531265259,0.8445512056350708,0.8018018007278442,0.8557692170143127
