val_loss,val_accuracy,val_auroc,val_precision,val_recall,epoch,step,train_loss,test_accuracy,test_auroc,test_precision,test_recall
0.6192387342453003,0.557894766330719,0.5,0.0,0.0,0,13,,,,,
,,,,,0,13,0.6318814158439636,,,,
0.6184161901473999,0.557894766330719,0.5,0.0,0.0,1,27,,,,,
,,,,,1,27,0.6293390989303589,,,,
0.6182308197021484,0.557894766330719,0.5,0.0,0.0,2,41,,,,,
,,,,,2,41,0.6302450299263,,,,
0.617960512638092,0.557894766330719,0.5,0.0,0.0,3,55,,,,,
,,,,,3,55,0.6311646699905396,,,,
0.6177012920379639,0.557894766330719,0.5,0.0,0.0,4,69,,,,,
,,,,,4,69,0.6224184036254883,,,,
,,,,,5,70,,0.5593220591545105,0.5,0.0,0.0
,,,,,5,70,,0.5593220591545105,0.5,0.0,0.0
,,,,,5,70,,0.5593220591545105,0.5,0.0,0.0
