val_loss,val_accuracy,val_auroc,val_precision,val_recall,epoch,step,train_loss,test_accuracy,test_auroc,test_precision,test_recall
0.5202021598815918,0.7789473533630371,0.7598832249641418,0.8620689511299133,0.5952380895614624,0,13,,,,,
,,,,,0,13,0.43956711888313293,,,,
0.48401522636413574,0.821052610874176,0.8149146437644958,0.8205127716064453,0.761904776096344,1,27,,,,,
,,,,,1,27,0.28309348225593567,,,,
0.4117201268672943,0.8315789699554443,0.824348509311676,0.8421052694320679,0.761904776096344,2,41,,,,,
,,,,,2,41,0.1802663654088974,,,,
0.613707423210144,0.7894737124443054,0.7792003154754639,0.8055555820465088,0.6904761791229248,3,55,,,,,
,,,,,3,55,0.13383561372756958,,,,
,,,,,4,56,,0.7923728823661804,0.7827797532081604,0.8021978139877319,0.7019230723381042
,,,,,4,56,,0.7923728823661804,0.7827797532081604,0.8021978139877319,0.7019230723381042
,,,,,4,56,,0.8093220591545105,0.8081293106079102,0.7757009267807007,0.7980769276618958
