val_loss,val_accuracy,val_auroc,val_precision,val_recall,epoch,step,train_loss,test_accuracy,test_auroc,test_precision,test_recall
0.45849230885505676,0.8315789699554443,0.8268193006515503,0.824999988079071,0.7857142686843872,0,6,,,,,
,,,,,0,6,0.520451009273529,,,,
0.35672762989997864,0.8947368264198303,0.8834231495857239,0.970588207244873,0.7857142686843872,1,13,,,,,
,,,,,1,13,0.27669763565063477,,,,
0.3270323574542999,0.8842105269432068,0.8739892244338989,0.9428571462631226,0.7857142686843872,2,20,,,,,
,,,,,2,20,0.1296343058347702,,,,
0.32759329676628113,0.8736842274665833,0.8620845079421997,0.9411764740943909,0.761904776096344,3,27,,,,,
,,,,,3,27,0.04265390336513519,,,,
,,,,,4,28,,0.8432203531265259,0.8251748085021973,0.9589040875434875,0.6730769276618958
,,,,,4,28,,0.8305084705352783,0.8158508539199829,0.8999999761581421,0.692307710647583
,,,,,4,28,,0.8389830589294434,0.8224067687988281,0.9342105388641357,0.682692289352417
