val_loss,val_accuracy,val_auroc,val_precision,val_recall,epoch,step,train_loss,test_accuracy,test_auroc,test_precision,test_recall
0.6199342608451843,0.557894766330719,0.5,0.0,0.0,0,26,,,,,
,,,,,0,26,0.6536921262741089,,,,
0.6151697039604187,0.557894766330719,0.5,0.0,0.0,1,53,,,,,
,,,,,1,53,0.5194980502128601,,,,
0.5853126645088196,0.6947368383407593,0.6572327613830566,0.9333332777023315,0.3333333432674408,2,80,,,,,
,,,,,2,80,0.4221668839454651,,,,
0.49681493639945984,0.7263157963752747,0.7102425694465637,0.75,0.5714285969734192,3,107,,,,,
,,,,,3,107,0.37916114926338196,,,,
0.48305201530456543,0.7789473533630371,0.7920035719871521,0.6909090280532837,0.9047619700431824,4,134,,,,,
,,,,,4,134,0.2896590530872345,,,,
,,,,,5,135,,0.6864407062530518,0.7033806443214417,0.6040268540382385,0.8571428656578064
,,,,,5,135,,0.6864407062530518,0.7033806443214417,0.6040268540382385,0.8571428656578064
,,,,,5,135,,0.6864407062530518,0.7033806443214417,0.6040268540382385,0.8571428656578064
