val_loss,val_accuracy,val_auroc,val_precision,val_recall,epoch,step,train_loss,test_accuracy,test_auroc,test_precision,test_recall
0.6166005730628967,0.557894766330719,0.5,0.0,0.0,0,26,,,,,
,,,,,0,26,0.6296846270561218,,,,
0.6152965426445007,0.557894766330719,0.5,0.0,0.0,1,53,,,,,
,,,,,1,53,0.4748159646987915,,,,
0.5757955312728882,0.7894737124443054,0.7717880010604858,0.8666666746139526,0.6190476417541504,2,80,,,,,
,,,,,2,80,0.4033048748970032,,,,
0.5745354294776917,0.7789473533630371,0.7697663903236389,0.7837837338447571,0.6904761791229248,3,107,,,,,
,,,,,3,107,0.3364696502685547,,,,
0.5302726030349731,0.8105263113975525,0.7980683445930481,0.8529411554336548,0.6904761791229248,4,134,,,,,
,,,,,4,134,0.24189028143882751,,,,
,,,,,5,135,,0.7711864113807678,0.7536421418190002,0.8289473652839661,0.6057692170143127
,,,,,5,135,,0.7711864113807678,0.7536421418190002,0.8289473652839661,0.6057692170143127
,,,,,5,135,,0.7711864113807678,0.7536421418190002,0.8289473652839661,0.6057692170143127
