val_loss,val_accuracy,val_auroc,val_precision,val_recall,epoch,step,train_loss,test_accuracy,test_auroc,test_precision,test_recall
0.5009310841560364,0.7263157963752747,0.7176550030708313,0.7105262875556946,0.6428571343421936,0,26,,,,,
,,,,,0,26,0.5646089315414429,,,,
0.7512199282646179,0.6947368383407593,0.6745282411575317,0.7241379022598267,0.5,1,53,,,,,
,,,,,1,53,0.23138880729675293,,,,
1.4799989461898804,0.6105263233184814,0.6484725475311279,0.5324675440788269,0.976190447807312,2,80,,,,,
,,,,,2,80,0.08559640496969223,,,,
1.0776938199996948,0.6526315808296204,0.6244384050369263,0.695652186870575,0.380952388048172,3,107,,,,,
,,,,,3,107,0.063412144780159,,,,
1.9993014335632324,0.5684210658073425,0.60579514503479,0.5064935088157654,0.9285714626312256,4,134,,,,,
,,,,,4,134,0.08818676322698593,,,,
,,,,,5,135,,0.7848101258277893,0.7795454859733582,0.7699999809265137,0.7333333492279053
,,,,,5,135,,0.7848101258277893,0.7795454859733582,0.7699999809265137,0.7333333492279053
,,,,,5,135,,0.5991561412811279,0.6352813243865967,0.5263158082962036,0.952380895614624
