val_loss,val_accuracy,val_auroc,val_precision,val_recall,epoch,step,train_loss,test_accuracy,test_auroc,test_precision,test_recall
0.610426664352417,0.4421052634716034,0.5,0.4421052634716034,1.0,0,13,,,,,
,,,,,0,13,0.6289730072021484,,,,
0.5660423040390015,0.7789473533630371,0.7747079730033875,0.7560975551605225,0.738095223903656,1,27,,,,,
,,,,,1,27,0.5268650650978088,,,,
0.5314526557922363,0.7473683953285217,0.7216981053352356,0.875,0.5,2,41,,,,,
,,,,,2,41,0.4568762481212616,,,,
0.4889231324195862,0.7789473533630371,0.7574123740196228,0.8888888955116272,0.5714285969734192,3,55,,,,,
,,,,,3,55,0.40666458010673523,,,,
,,,,,4,56,,0.7457627058029175,0.7431526184082031,0.7075471878051758,0.7211538553237915
,,,,,4,56,,0.7881355881690979,0.7657342553138733,0.9090909361839294,0.5769230723381042
,,,,,4,56,,0.7881355881690979,0.7657342553138733,0.9090909361839294,0.5769230723381042
