val_loss,val_accuracy,val_auroc,val_precision,val_recall,epoch,step,train_loss,test_accuracy,test_auroc,test_precision,test_recall
0.6200006008148193,0.557894766330719,0.5,0.0,0.0,0,13,,,,,
,,,,,0,13,0.6378118991851807,,,,
0.6200894117355347,0.557894766330719,0.5,0.0,0.0,1,27,,,,,
,,,,,1,27,0.6304558515548706,,,,
0.6203392148017883,0.557894766330719,0.5,0.0,0.0,2,41,,,,,
,,,,,2,41,0.6232706904411316,,,,
0.6201697587966919,0.557894766330719,0.5,0.0,0.0,3,55,,,,,
,,,,,3,55,0.6361404061317444,,,,
0.6205514669418335,0.557894766330719,0.5,0.0,0.0,4,69,,,,,
,,,,,4,69,0.6353257894515991,,,,
,,,,,5,70,,0.5593220591545105,0.5,0.0,0.0
,,,,,5,70,,0.5593220591545105,0.5,0.0,0.0
,,,,,5,70,,0.5593220591545105,0.5,0.0,0.0
