val_loss,val_accuracy,val_auroc,val_precision,val_recall,epoch,step,train_loss,test_accuracy,test_auroc,test_precision,test_recall
0.501690685749054,0.6947368383407593,0.6720574498176575,0.7407407164573669,0.4761904776096344,0,6,,,,,
,,,,,0,6,0.5062461495399475,,,,
0.4538404047489166,0.75789475440979,0.7434860467910767,0.7878788113594055,0.6190476417541504,1,13,,,,,
,,,,,1,13,0.25896725058555603,,,,
0.44983330368995667,0.8105263113975525,0.8104223012924194,0.7727272510528564,0.8095238208770752,2,20,,,,,
,,,,,2,20,0.14362592995166779,,,,
0.43293240666389465,0.7684210538864136,0.7652739882469177,0.738095223903656,0.738095223903656,3,27,,,,,
,,,,,3,27,0.04730521887540817,,,,
,,,,,4,28,,0.7669491767883301,0.7773892879486084,0.6870229244232178,0.8653846383094788
,,,,,4,28,,0.7796609997749329,0.7867133617401123,0.7096773982048035,0.8461538553237915
,,,,,4,28,,0.7796609997749329,0.7867133617401123,0.7096773982048035,0.8461538553237915
