val_loss,val_accuracy,val_auroc,val_precision,val_recall,epoch,step,train_loss,test_accuracy,test_auroc,test_precision,test_recall
0.9551289081573486,0.4421052634716034,0.5,0.4421052634716034,1.0,0,6,,,,,
,,,,,0,6,1.1603403091430664,,,,
0.9466708302497864,0.4421052634716034,0.5,0.4421052634716034,1.0,1,13,,,,,
,,,,,1,13,0.9444389343261719,,,,
0.933474063873291,0.4421052634716034,0.5,0.4421052634716034,1.0,2,20,,,,,
,,,,,2,20,0.8598977327346802,,,,
0.9162390232086182,0.4421052634716034,0.5,0.4421052634716034,1.0,3,27,,,,,
,,,,,3,27,0.790385901927948,,,,
0.8956619501113892,0.4421052634716034,0.5,0.4421052634716034,1.0,4,34,,,,,
,,,,,4,34,0.6819888949394226,,,,
,,,,,5,35,,0.4406779706478119,0.5,0.4406779706478119,1.0
,,,,,5,35,,0.4406779706478119,0.5,0.4406779706478119,1.0
,,,,,5,35,,0.4406779706478119,0.5,0.4406779706478119,1.0
