val_loss,val_accuracy,val_auroc,val_precision,val_recall,epoch,step,train_loss,test_accuracy,test_auroc,test_precision,test_recall
0.6158243417739868,0.557894766330719,0.5,0.0,0.0,0,26,,,,,
,,,,,0,26,0.6299866437911987,,,,
0.6151919960975647,0.557894766330719,0.5,0.0,0.0,1,53,,,,,
,,,,,1,53,0.49470996856689453,,,,
0.551958441734314,0.6000000238418579,0.5476190447807312,1.0,0.095238097012043,2,80,,,,,
,,,,,2,80,0.3550075590610504,,,,
0.43584710359573364,0.7789473533630371,0.7623540163040161,0.8387095928192139,0.6190476417541504,3,107,,,,,
,,,,,3,107,0.2686064541339874,,,,
0.4140724837779999,0.7789473533630371,0.7747079730033875,0.7560975551605225,0.738095223903656,4,134,,,,,
,,,,,4,134,0.2400759607553482,,,,
,,,,,5,135,,0.7383966445922852,0.7398268580436707,0.686956524848938,0.7523809671401978
,,,,,5,135,,0.7383966445922852,0.7398268580436707,0.686956524848938,0.7523809671401978
,,,,,5,135,,0.7383966445922852,0.7398268580436707,0.686956524848938,0.7523809671401978
