val_loss,val_accuracy,val_auroc,val_precision,val_recall,epoch,step,train_loss,test_accuracy,test_auroc,test_precision,test_recall
0.6158243417739868,0.557894766330719,0.5,0.0,0.0,0,13,,,,,
,,,,,0,13,0.6674228310585022,,,,
0.6166122555732727,0.557894766330719,0.5,0.0,0.0,1,27,,,,,
,,,,,1,27,0.547328770160675,,,,
0.6155906319618225,0.557894766330719,0.5,0.0,0.0,2,41,,,,,
,,,,,2,41,0.4476349651813507,,,,
0.6174951195716858,0.557894766330719,0.5,0.0,0.0,3,55,,,,,
,,,,,3,55,0.3363340497016907,,,,
0.6146273612976074,0.557894766330719,0.5,0.0,0.0,4,69,,,,,
,,,,,4,69,0.2712680697441101,,,,
,,,,,5,70,,0.555084764957428,0.5,0.0,0.0
,,,,,5,70,,0.555084764957428,0.5,0.0,0.0
,,,,,5,70,,0.555084764957428,0.5,0.0,0.0
