val_loss,val_accuracy,val_auroc,val_precision,val_recall,epoch,step,train_loss,test_accuracy,test_auroc,test_precision,test_recall
0.9411057829856873,0.4421052634716034,0.5,0.4421052634716034,1.0,0,26,,,,,
,,,,,0,26,1.0802332162857056,,,,
0.92946457862854,0.4421052634716034,0.5,0.4421052634716034,1.0,1,53,,,,,
,,,,,1,53,0.9242186546325684,,,,
0.9319943189620972,0.43157893419265747,0.488095223903656,0.4361702501773834,0.976190447807312,2,80,,,,,
,,,,,2,80,0.8824424147605896,,,,
0.9030258059501648,0.31578946113586426,0.34725967049598694,0.3466666638851166,0.6190476417541504,3,107,,,,,
,,,,,3,107,0.8453574180603027,,,,
0.8602207899093628,0.3263157904148102,0.3616352379322052,0.3589743673801422,0.6666666865348816,4,134,,,,,
,,,,,4,134,0.8083890676498413,,,,
,,,,,5,135,,0.4430379867553711,0.5,0.4430379867553711,1.0
,,,,,5,135,,0.324894517660141,0.35887444019317627,0.3575129508972168,0.6571428775787354
,,,,,5,135,,0.324894517660141,0.35887444019317627,0.3575129508972168,0.6571428775787354
