val_loss,val_accuracy,val_auroc,val_precision,val_recall,epoch,step,train_loss,test_accuracy,test_auroc,test_precision,test_recall
0.6172069907188416,0.557894766330719,0.5,0.0,0.0,0,26,,,,,
,,,,,0,26,0.6660469770431519,,,,
0.6156819462776184,0.557894766330719,0.5,0.0,0.0,1,53,,,,,
,,,,,1,53,0.5314351320266724,,,,
0.591454267501831,0.557894766330719,0.5,0.0,0.0,2,80,,,,,
,,,,,2,80,0.402159184217453,,,,
0.4432350695133209,0.7894737124443054,0.7866127490997314,0.761904776096344,0.761904776096344,3,107,,,,,
,,,,,3,107,0.3036682605743408,,,,
0.5083233714103699,0.7684210538864136,0.770215630531311,0.717391312122345,0.7857142686843872,4,134,,,,,
,,,,,4,134,0.2665364146232605,,,,
,,,,,5,135,,0.7890295386314392,0.7784631848335266,0.8089887499809265,0.6857143640518188
,,,,,5,135,,0.7890295386314392,0.7784631848335266,0.8089887499809265,0.6857143640518188
,,,,,5,135,,0.7721518874168396,0.7662338018417358,0.7575757503509521,0.7142857313156128
