val_loss,val_accuracy,val_auroc,val_precision,val_recall,epoch,step,train_loss,test_accuracy,test_auroc,test_precision,test_recall
0.6192348599433899,0.557894766330719,0.5,0.0,0.0,0,26,,,,,
,,,,,0,26,0.6272647380828857,,,,
0.6168432235717773,0.557894766330719,0.5,0.0,0.0,1,53,,,,,
,,,,,1,53,0.6052323579788208,,,,
0.6180586814880371,0.557894766330719,0.5,0.0,0.0,2,80,,,,,
,,,,,2,80,0.5907390713691711,,,,
0.6301921010017395,0.5473684072494507,0.5523360371589661,0.4901960790157318,0.5952380895614624,3,107,,,,,
,,,,,3,107,0.5624295473098755,,,,
0.812353253364563,0.5789473652839661,0.5707547068595886,0.5249999761581421,0.5,4,134,,,,,
,,,,,4,134,0.5272025465965271,,,,
,,,,,5,135,,0.6779661178588867,0.6703088283538818,0.6428571343421936,0.6057692170143127
,,,,,5,135,,0.5593220591545105,0.5,0.0,0.0
,,,,,5,135,,0.6779661178588867,0.6703088283538818,0.6428571343421936,0.6057692170143127
