val_loss,val_accuracy,val_auroc,val_precision,val_recall,epoch,step,train_loss,test_accuracy,test_auroc,test_precision,test_recall
0.621027946472168,0.557894766330719,0.5,0.0,0.0,0,6,,,,,
,,,,,0,6,0.643727719783783,,,,
0.6195372343063354,0.557894766330719,0.5,0.0,0.0,1,13,,,,,
,,,,,1,13,0.6257562041282654,,,,
0.6184424161911011,0.557894766330719,0.5,0.0,0.0,2,20,,,,,
,,,,,2,20,0.6139865517616272,,,,
0.6181582808494568,0.557894766330719,0.5,0.0,0.0,3,27,,,,,
,,,,,3,27,0.6204466819763184,,,,
0.6178795695304871,0.557894766330719,0.5,0.0,0.0,4,34,,,,,
,,,,,4,34,0.6090541481971741,,,,
,,,,,5,35,,0.5593220591545105,0.5,0.0,0.0
,,,,,5,35,,0.5593220591545105,0.5,0.0,0.0
,,,,,5,35,,0.5593220591545105,0.5,0.0,0.0
