val_loss,val_accuracy,val_auroc,val_precision,val_recall,epoch,step,train_loss,test_accuracy,test_auroc,test_precision,test_recall
0.6242907643318176,0.5894736647605896,0.5554806590080261,0.5789473652839661,0.261904776096344,0,26,,,,,
,,,,,0,26,0.6348937153816223,,,,
0.5928328633308411,0.6736842393875122,0.6531895399093628,0.6896551847457886,0.4761904776096344,1,53,,,,,
,,,,,1,53,0.5442248582839966,,,,
0.5634773969650269,0.7368420958518982,0.7196765542030334,0.774193525314331,0.5714285969734192,2,80,,,,,
,,,,,2,80,0.4757290184497833,,,,
0.5360836982727051,0.7684210538864136,0.7529200315475464,0.8125,0.6190476417541504,3,107,,,,,
,,,,,3,107,0.41486290097236633,,,,
0.5179443359375,0.7684210538864136,0.7529200315475464,0.8125,0.6190476417541504,4,134,,,,,
,,,,,4,134,0.3716306686401367,,,,
,,,,,5,135,,0.741525411605835,0.7199882864952087,0.8115941882133484,0.5384615659713745
,,,,,5,135,,0.7372881174087524,0.7182400822639465,0.7837837934494019,0.557692289352417
,,,,,5,135,,0.7372881174087524,0.7182400822639465,0.7837837934494019,0.557692289352417
