val_loss,val_accuracy,val_auroc,val_precision,val_recall,epoch,step,train_loss,test_accuracy,test_auroc,test_precision,test_recall
0.6163197159767151,0.557894766330719,0.5,0.0,0.0,0,26,,,,,
,,,,,0,26,0.6413699388504028,,,,
0.615319013595581,0.557894766330719,0.5,0.0,0.0,1,53,,,,,
,,,,,1,53,0.5032853484153748,,,,
0.5670789480209351,0.6736842393875122,0.6383647918701172,0.8235294818878174,0.3333333432674408,2,80,,,,,
,,,,,2,80,0.3996562659740448,,,,
0.48512986302375793,0.7789473533630371,0.7697663903236389,0.7837837338447571,0.6904761791229248,3,107,,,,,
,,,,,3,107,0.3132735788822174,,,,
0.590681254863739,0.7473683953285217,0.7414644956588745,0.7250000238418579,0.6904761791229248,4,134,,,,,
,,,,,4,134,0.23633556067943573,,,,
,,,,,5,135,,0.8059071898460388,0.8023809194564819,0.7864077687263489,0.7714285254478455
,,,,,5,135,,0.8059071898460388,0.8023809194564819,0.7864077687263489,0.7714285254478455
,,,,,5,135,,0.7805907130241394,0.7796536087989807,0.7431192398071289,0.7714285254478455
