val_loss,val_accuracy,val_auroc,val_precision,val_recall,epoch,step,train_loss,test_accuracy,test_auroc,test_precision,test_recall
0.33110877871513367,0.8631578683853149,0.8551213145256042,0.8918918967247009,0.7857142686843872,0,6,,,,,
,,,,,0,6,0.4959246814250946,,,,
0.3408588469028473,0.8526315689086914,0.8506287932395935,0.8333333134651184,0.8333333134651184,1,13,,,,,
,,,,,1,13,0.27516695857048035,,,,
0.43654537200927734,0.8315789699554443,0.8367025852203369,0.7708333134651184,0.8809523582458496,2,20,,,,,
,,,,,2,20,0.1788756549358368,,,,
0.28173398971557617,0.8631578683853149,0.8575921058654785,0.8717948794364929,0.8095238208770752,3,27,,,,,
,,,,,3,27,0.08114432543516159,,,,
,,,,,4,28,,0.8220338821411133,0.8141767382621765,0.8387095928192139,0.7428571581840515
,,,,,4,28,,0.8220338821411133,0.8141767382621765,0.8387095928192139,0.7428571581840515
,,,,,4,28,,0.8220338821411133,0.8141767382621765,0.8387095928192139,0.7428571581840515
