val_loss,val_accuracy,val_auroc,val_precision,val_recall,epoch,step,train_loss,test_accuracy,test_auroc,test_precision,test_recall
0.6180742979049683,0.557894766330719,0.5,0.0,0.0,0,26,,,,,
,,,,,0,26,0.6290403604507446,,,,
0.6174482107162476,0.557894766330719,0.5,0.0,0.0,1,53,,,,,
,,,,,1,53,0.6138322949409485,,,,
0.6173723340034485,0.557894766330719,0.5,0.0,0.0,2,80,,,,,
,,,,,2,80,0.6206191182136536,,,,
0.6136636137962341,0.5368421077728271,0.4885444641113281,0.375,0.0714285746216774,3,107,,,,,
,,,,,3,107,0.6144184470176697,,,,
0.6865606307983398,0.5263158082962036,0.4766397476196289,0.2857142984867096,0.0476190485060215,4,134,,,,,
,,,,,4,134,0.614276647567749,,,,
,,,,,5,135,,0.5593220591545105,0.5,0.0,0.0
,,,,,5,135,,0.5466101765632629,0.4967949092388153,0.42105263471603394,0.07692307978868484
,,,,,5,135,,0.5423728823661804,0.5032051205635071,0.44999998807907104,0.17307692766189575
