val_loss,val_accuracy,val_auroc,val_precision,val_recall,epoch,step,train_loss,test_accuracy,test_auroc,test_precision,test_recall
0.624553918838501,0.4421052634716034,0.5,0.4421052634716034,1.0,0,26,,,,,
,,,,,0,26,0.6306070685386658,,,,
0.619163990020752,0.557894766330719,0.5,0.0,0.0,1,53,,,,,
,,,,,1,53,0.6081745028495789,,,,
0.6134171485900879,0.5473684072494507,0.49056604504585266,0.0,0.0,2,80,,,,,
,,,,,2,80,0.5734102725982666,,,,
0.5463554859161377,0.6315789222717285,0.6203953623771667,0.5945945978164673,0.523809552192688,3,107,,,,,
,,,,,3,107,0.5234465599060059,,,,
0.4794495701789856,0.7473683953285217,0.738993763923645,0.7368420958518982,0.6666666865348816,4,134,,,,,
,,,,,4,134,0.47910937666893005,,,,
,,,,,5,135,,0.700421929359436,0.696969747543335,0.6603773832321167,0.6666666865348816
,,,,,5,135,,0.700421929359436,0.696969747543335,0.6603773832321167,0.6666666865348816
,,,,,5,135,,0.700421929359436,0.696969747543335,0.6603773832321167,0.6666666865348816
