val_loss,val_accuracy,val_auroc,val_precision,val_recall,epoch,step,train_loss,test_accuracy,test_auroc,test_precision,test_recall
0.5222458243370056,0.7789473533630371,0.7845911383628845,0.7142857313156128,0.8333333134651184,0,6,,,,,
,,,,,0,6,0.45266014337539673,,,,
0.45892632007598877,0.821052610874176,0.8099730610847473,0.8571428656578064,0.7142857313156128,1,13,,,,,
,,,,,1,13,0.30966636538505554,,,,
0.4755450487136841,0.8421052694320679,0.83625328540802,0.8461537957191467,0.7857142686843872,2,20,,,,,
,,,,,2,20,0.16061042249202728,,,,
0.5082181096076965,0.8631578683853149,0.860062837600708,0.8536585569381714,0.8333333134651184,3,27,,,,,
,,,,,3,27,0.08881937712430954,,,,
,,,,,4,28,,0.8312236070632935,0.8280302882194519,0.8155339956283569,0.800000011920929
,,,,,4,28,,0.8016877770423889,0.7908008694648743,0.8295454382896423,0.6952381134033203
,,,,,4,28,,0.8312236070632935,0.8280302882194519,0.8155339956283569,0.800000011920929
