val_loss,val_accuracy,val_auroc,val_precision,val_recall,epoch,step,train_loss,test_accuracy,test_auroc,test_precision,test_recall
0.6177324056625366,0.557894766330719,0.5,0.0,0.0,0,6,,,,,
,,,,,0,6,0.6289121508598328,,,,
0.6161459684371948,0.557894766330719,0.5,0.0,0.0,1,13,,,,,
,,,,,1,13,0.5451919436454773,,,,
0.6152068376541138,0.557894766330719,0.5,0.0,0.0,2,20,,,,,
,,,,,2,20,0.46406465768814087,,,,
0.6154778003692627,0.557894766330719,0.5,0.0,0.0,3,27,,,,,
,,,,,3,27,0.3838393986225128,,,,
0.6151394248008728,0.557894766330719,0.5,0.0,0.0,4,34,,,,,
,,,,,4,34,0.2862253189086914,,,,
,,,,,5,35,,0.5593220591545105,0.5,0.0,0.0
,,,,,5,35,,0.5593220591545105,0.5,0.0,0.0
,,,,,5,35,,0.5593220591545105,0.5,0.0,0.0
