val_loss,val_accuracy,val_auroc,val_precision,val_recall,epoch,step,train_loss,test_accuracy,test_auroc,test_precision,test_recall
0.6216150522232056,0.4421052634716034,0.5,0.4421052634716034,1.0,0,6,,,,,
,,,,,0,6,0.6295737624168396,,,,
0.6207019686698914,0.557894766330719,0.5,0.0,0.0,1,13,,,,,
,,,,,1,13,0.6246647238731384,,,,
0.6199079155921936,0.557894766330719,0.5,0.0,0.0,2,20,,,,,
,,,,,2,20,0.6123685836791992,,,,
0.6189857125282288,0.557894766330719,0.5,0.0,0.0,3,27,,,,,
,,,,,3,27,0.5997366309165955,,,,
0.6181536316871643,0.557894766330719,0.5,0.0,0.0,4,34,,,,,
,,,,,4,34,0.5976647734642029,,,,
,,,,,5,35,,0.4406779706478119,0.5,0.4406779706478119,1.0
,,,,,5,35,,0.5593220591545105,0.5,0.0,0.0
,,,,,5,35,,0.5593220591545105,0.5,0.0,0.0
