val_loss,val_accuracy,val_auroc,val_precision,val_recall,epoch,step,train_loss,test_accuracy,test_auroc,test_precision,test_recall
0.621105432510376,0.557894766330719,0.5,0.0,0.0,0,13,,,,,
,,,,,0,13,0.6277963519096375,,,,
0.6211055517196655,0.557894766330719,0.5,0.0,0.0,1,27,,,,,
,,,,,1,27,0.6178363561630249,,,,
0.6216055750846863,0.4421052634716034,0.5,0.4421052634716034,1.0,2,41,,,,,
,,,,,2,41,0.5949583053588867,,,,
0.6214255690574646,0.557894766330719,0.5,0.0,0.0,3,55,,,,,
,,,,,3,55,0.5896089673042297,,,,
0.6210089921951294,0.4526315927505493,0.5044924020767212,0.4444444477558136,0.9523809552192688,4,69,,,,,
,,,,,4,69,0.5480016469955444,,,,
,,,,,5,70,,0.4788135588169098,0.5310314297676086,0.4570135772228241,0.9711538553237915
,,,,,5,70,,0.4788135588169098,0.5310314297676086,0.4570135772228241,0.9711538553237915
,,,,,5,70,,0.4788135588169098,0.5310314297676086,0.4570135772228241,0.9711538553237915
