val_loss,val_accuracy,val_auroc,val_precision,val_recall,epoch,step,train_loss,test_accuracy,test_auroc,test_precision,test_recall
0.6157127022743225,0.557894766330719,0.5,0.0,0.0,0,26,,,,,
,,,,,0,26,0.6803104877471924,,,,
0.6176700592041016,0.557894766330719,0.5,0.0,0.0,1,53,,,,,
,,,,,1,53,0.5697218179702759,,,,
0.5740647315979004,0.6526315808296204,0.6096137166023254,0.9090909361839294,0.2380952388048172,2,80,,,,,
,,,,,2,80,0.4702109396457672,,,,
0.55471271276474,0.7263157963752747,0.712713360786438,0.7352941632270813,0.5952380895614624,3,107,,,,,
,,,,,3,107,0.36482155323028564,,,,
0.44115525484085083,0.7684210538864136,0.7652739882469177,0.738095223903656,0.738095223903656,4,134,,,,,
,,,,,4,134,0.29582974314689636,,,,
,,,,,5,135,,0.805084764957428,0.7913486957550049,0.8641975522041321,0.6666666865348816
,,,,,5,135,,0.805084764957428,0.7913486957550049,0.8641975522041321,0.6666666865348816
,,,,,5,135,,0.805084764957428,0.7913486957550049,0.8641975522041321,0.6666666865348816
