val_loss,val_accuracy,val_auroc,val_precision,val_recall,epoch,step,train_loss,test_accuracy,test_auroc,test_precision,test_recall
0.6079942584037781,0.4421052634716034,0.5,0.4421052634716034,1.0,0,6,,,,,
,,,,,0,6,0.5926090478897095,,,,
0.583299458026886,0.6947368383407593,0.6769991517066956,0.7096773386001587,0.523809552192688,1,13,,,,,
,,,,,1,13,0.5258951187133789,,,,
0.5673048496246338,0.7263157963752747,0.7028301954269409,0.807692289352417,0.5,2,20,,,,,
,,,,,2,20,0.4806492030620575,,,,
0.5435919165611267,0.7052631378173828,0.6790205836296082,0.7916666865348816,0.4523809850215912,3,27,,,,,
,,,,,3,27,0.4423128366470337,,,,
,,,,,4,28,,0.7669491767883301,0.7396562099456787,0.9298245906829834,0.5096153616905212
,,,,,4,28,,0.7542372941970825,0.7242133617401123,0.942307710647583,0.4711538553237915
,,,,,4,28,,0.7542372941970825,0.7242133617401123,0.942307710647583,0.4711538553237915
