val_loss,val_accuracy,val_auroc,val_precision,val_recall,epoch,step,train_loss,test_accuracy,test_auroc,test_precision,test_recall
0.5790364742279053,0.4526315927505493,0.5069631338119507,0.44565215706825256,0.976190447807312,0,6,,,,,
,,,,,0,6,0.6242904663085938,,,,
0.543281078338623,0.7684210538864136,0.7652739882469177,0.738095223903656,0.738095223903656,1,13,,,,,
,,,,,1,13,0.5505467653274536,,,,
0.5177454948425293,0.7684210538864136,0.7479784488677979,0.8571428656578064,0.5714285969734192,2,20,,,,,
,,,,,2,20,0.4961426854133606,,,,
0.4893858730792999,0.75789475440979,0.7360737323760986,0.8518518805503845,0.5476190447807312,3,27,,,,,
,,,,,3,27,0.4524298906326294,,,,
,,,,,4,28,,0.7711864113807678,0.7699592113494873,0.7314814925193787,0.7596153616905212
,,,,,4,28,,0.75,0.7183858156204224,0.9591836929321289,0.45192307233810425
,,,,,4,28,,0.75,0.7183858156204224,0.9591836929321289,0.45192307233810425
