val_loss,val_accuracy,val_auroc,val_precision,val_recall,epoch,step,train_loss,test_accuracy,test_auroc,test_precision,test_recall
0.49462851881980896,0.7473683953285217,0.7488768696784973,0.695652186870575,0.761904776096344,0,6,,,,,
,,,,,0,6,0.5196835994720459,,,,
0.39647868275642395,0.8105263113975525,0.8054806590080261,0.800000011920929,0.761904776096344,1,13,,,,,
,,,,,1,13,0.2627388536930084,,,,
0.3823601305484772,0.800000011920929,0.796046793460846,0.7804877758026123,0.761904776096344,2,20,,,,,
,,,,,2,20,0.12851358950138092,,,,
0.392671138048172,0.800000011920929,0.7935759425163269,0.7948718667030334,0.738095223903656,3,27,,,,,
,,,,,3,27,0.05073719844222069,,,,
,,,,,4,28,,0.8227847814559937,0.8233765959739685,0.7837837934494019,0.8285714387893677
,,,,,4,28,,0.8143460154533386,0.8177489042282104,0.7606837749481201,0.8476190567016602
,,,,,4,28,,0.8481012582778931,0.8480519652366638,0.8165137767791748,0.8476190567016602
