val_loss,val_accuracy,val_auroc,val_precision,val_recall,epoch,step,train_loss,test_accuracy,test_auroc,test_precision,test_recall
0.6185022592544556,0.557894766330719,0.5,0.0,0.0,0,6,,,,,
,,,,,0,6,0.6328577399253845,,,,
0.6155912280082703,0.557894766330719,0.5,0.0,0.0,1,13,,,,,
,,,,,1,13,0.6021201014518738,,,,
0.6150932312011719,0.557894766330719,0.5,0.0,0.0,2,20,,,,,
,,,,,2,20,0.5217087864875793,,,,
0.6157225370407104,0.557894766330719,0.5,0.0,0.0,3,27,,,,,
,,,,,3,27,0.4307534396648407,,,,
0.6153538823127747,0.557894766330719,0.5,0.0,0.0,4,34,,,,,
,,,,,4,34,0.35293176770210266,,,,
,,,,,5,35,,0.5593220591545105,0.5,0.0,0.0
,,,,,5,35,,0.5593220591545105,0.5,0.0,0.0
,,,,,5,35,,0.5593220591545105,0.5,0.0,0.0
