val_loss,val_accuracy,val_auroc,val_precision,val_recall,epoch,step,train_loss,test_accuracy,test_auroc,test_precision,test_recall
0.6192350387573242,0.557894766330719,0.5,0.0,0.0,0,26,,,,,
,,,,,0,26,0.6272647380828857,,,,
0.6168420910835266,0.557894766330719,0.5,0.0,0.0,1,53,,,,,
,,,,,1,53,0.6052349209785461,,,,
0.6180895566940308,0.557894766330719,0.5,0.0,0.0,2,80,,,,,
,,,,,2,80,0.5909370183944702,,,,
0.6293238997459412,0.5789473652839661,0.5732255578041077,0.523809552192688,0.523809552192688,3,107,,,,,
,,,,,3,107,0.5629265904426575,,,,
0.7163441181182861,0.6000000238418579,0.5871518850326538,0.5555555820465088,0.4761904776096344,4,134,,,,,
,,,,,4,134,0.5277432799339294,,,,
,,,,,5,135,,0.6822034120559692,0.6751165390014648,0.6464646458625793,0.6153846383094788
,,,,,5,135,,0.5593220591545105,0.5,0.0,0.0
,,,,,5,135,,0.6822034120559692,0.6751165390014648,0.6464646458625793,0.6153846383094788
