val_loss,val_accuracy,val_auroc,val_precision,val_recall,epoch,step,train_loss,test_accuracy,test_auroc,test_precision,test_recall
0.616456151008606,0.557894766330719,0.5,0.0,0.0,0,26,,,,,
,,,,,0,26,0.6319783329963684,,,,
0.6164261698722839,0.557894766330719,0.5,0.0,0.0,1,53,,,,,
,,,,,1,53,0.5017206072807312,,,,
0.5716795325279236,0.6631578803062439,0.6215183734893799,0.9166666865348816,0.261904776096344,2,80,,,,,
,,,,,2,80,0.4357643723487854,,,,
0.4468427300453186,0.7894737124443054,0.7742587327957153,0.84375,0.6428571343421936,3,107,,,,,
,,,,,3,107,0.32874345779418945,,,,
0.5901299715042114,0.7684210538864136,0.7578616738319397,0.7777778506278992,0.6666666865348816,4,134,,,,,
,,,,,4,134,0.2422226518392563,,,,
,,,,,5,135,,0.7669491767883301,0.748834490776062,0.8266665935516357,0.5961538553237915
,,,,,5,135,,0.7669491767883301,0.748834490776062,0.8266665935516357,0.5961538553237915
,,,,,5,135,,0.7838982939720154,0.7660256624221802,0.8533333539962769,0.6153846383094788
