val_loss,val_accuracy,val_auroc,val_precision,val_recall,epoch,step,train_loss,test_accuracy,test_auroc,test_precision,test_recall
0.6203717589378357,0.557894766330719,0.5,0.0,0.0,0,13,,,,,
,,,,,0,13,0.6331732273101807,,,,
0.6187637448310852,0.557894766330719,0.5,0.0,0.0,1,27,,,,,
,,,,,1,27,0.6168234944343567,,,,
0.6186490654945374,0.557894766330719,0.5,0.0,0.0,2,41,,,,,
,,,,,2,41,0.5975304841995239,,,,
0.6180801391601562,0.557894766330719,0.5,0.0,0.0,3,55,,,,,
,,,,,3,55,0.5981317162513733,,,,
0.6166133284568787,0.557894766330719,0.5,0.0,0.0,4,69,,,,,
,,,,,4,69,0.5690440535545349,,,,
,,,,,5,70,,0.5569620132446289,0.5,0.0,0.0
,,,,,5,70,,0.5569620132446289,0.5,0.0,0.0
,,,,,5,70,,0.5569620132446289,0.5,0.0,0.0
