val_loss,val_accuracy,val_auroc,val_precision,val_recall,epoch,step,train_loss,test_accuracy,test_auroc,test_precision,test_recall
0.5723997354507446,0.7263157963752747,0.6954177618026733,0.8999999761581421,0.4285714328289032,0,13,,,,,
,,,,,0,13,0.6120092272758484,,,,
0.5553491115570068,0.6842105388641357,0.6453279256820679,0.9285714626312256,0.3095238208770752,1,27,,,,,
,,,,,1,27,0.5087115168571472,,,,
0.5318760275840759,0.6842105388641357,0.6453279256820679,0.9285714626312256,0.3095238208770752,2,41,,,,,
,,,,,2,41,0.4485037624835968,,,,
0.5081485509872437,0.7263157963752747,0.6929470896720886,0.9444444179534912,0.4047619104385376,3,55,,,,,
,,,,,3,55,0.4060717821121216,,,,
,,,,,4,56,,0.741525411605835,0.7097902297973633,0.9387755393981934,0.4423076808452606
,,,,,4,56,,0.7161017060279846,0.6829836368560791,0.8936170339584351,0.4038461446762085
,,,,,4,56,,0.7161017060279846,0.6829836368560791,0.8936170339584351,0.4038461446762085
