val_loss,val_accuracy,val_auroc,val_precision,val_recall,epoch,step,train_loss,test_accuracy,test_auroc,test_precision,test_recall
0.4113028347492218,0.8421052694320679,0.8263701796531677,0.9354839324951172,0.6904761791229248,0,13,,,,,
,,,,,0,13,0.4562568962574005,,,,
0.31338241696357727,0.8526315689086914,0.8506287932395935,0.8333333134651184,0.8333333134651184,1,27,,,,,
,,,,,1,27,0.20478469133377075,,,,
0.27115634083747864,0.8842105269432068,0.8838724493980408,0.8604651093482971,0.8809523582458496,2,41,,,,,
,,,,,2,41,0.07404980808496475,,,,
0.28377553820610046,0.8315789699554443,0.8317610025405884,0.7954545617103577,0.8333333134651184,3,55,,,,,
,,,,,3,55,0.026602229103446007,,,,
,,,,,4,56,,0.8728813529014587,0.8665939569473267,0.8947368264198303,0.8095238208770752
,,,,,4,56,,0.8728813529014587,0.8665939569473267,0.8947368264198303,0.8095238208770752
,,,,,4,56,,0.8686440587043762,0.8637223243713379,0.8775510191917419,0.8190476298332214
