val_loss,val_accuracy,val_auroc,val_precision,val_recall,epoch,step,train_loss,test_accuracy,test_auroc,test_precision,test_recall
0.8365281224250793,0.46315789222717285,0.5188679099082947,0.4516128897666931,1.0,0,13,,,,,
,,,,,0,13,0.5124078989028931,,,,
2.6271121501922607,0.46315789222717285,0.5188679099082947,0.4516128897666931,1.0,1,27,,,,,
,,,,,1,27,0.2292371541261673,,,,
1.6233593225479126,0.6842105388641357,0.6453279256820679,0.9285714626312256,0.3095238208770752,2,41,,,,,
,,,,,2,41,0.10350268334150314,,,,
1.2164766788482666,0.6105263233184814,0.6460018157958984,0.5333333611488342,0.9523809552192688,3,55,,,,,
,,,,,3,55,0.08425525575876236,,,,
0.707240879535675,0.7263157963752747,0.7324797511100769,0.6600000262260437,0.7857142686843872,4,69,,,,,
,,,,,4,69,0.06760772317647934,,,,
,,,,,5,70,,0.7288135886192322,0.7310606837272644,0.6724137663841248,0.75
,,,,,5,70,,0.7288135886192322,0.7310606837272644,0.6724137663841248,0.75
,,,,,5,70,,0.7288135886192322,0.7310606837272644,0.6724137663841248,0.75
