val_loss,val_accuracy,val_auroc,val_precision,val_recall,epoch,step,train_loss,test_accuracy,test_auroc,test_precision,test_recall
0.620814323425293,0.557894766330719,0.5,0.0,0.0,0,26,,,,,
,,,,,0,26,0.6259093284606934,,,,
0.6187589168548584,0.557894766330719,0.5,0.0,0.0,1,53,,,,,
,,,,,1,53,0.6071721315383911,,,,
0.6135753989219666,0.557894766330719,0.5,0.0,0.0,2,80,,,,,
,,,,,2,80,0.5725993514060974,,,,
0.5937255620956421,0.6736842393875122,0.6433063745498657,0.761904776096344,0.380952388048172,3,107,,,,,
,,,,,3,107,0.5085354447364807,,,,
0.5514238476753235,0.7368420958518982,0.7196765542030334,0.774193525314331,0.5714285969734192,4,134,,,,,
,,,,,4,134,0.4722190201282501,,,,
,,,,,5,135,,0.75527423620224,0.7335497736930847,0.8507462739944458,0.5428571701049805
,,,,,5,135,,0.75527423620224,0.7335497736930847,0.8507462739944458,0.5428571701049805
,,,,,5,135,,0.75527423620224,0.7335497736930847,0.8507462739944458,0.5428571701049805
