val_loss,val_accuracy,val_auroc,val_precision,val_recall,epoch,step,train_loss,test_accuracy,test_auroc,test_precision,test_recall
0.6152085065841675,0.557894766330719,0.5,0.0,0.0,0,26,,,,,
,,,,,0,26,0.6599841117858887,,,,
0.6155301928520203,0.557894766330719,0.5,0.0,0.0,1,53,,,,,
,,,,,1,53,0.5526403784751892,,,,
0.5705508589744568,0.5789473652839661,0.523809552192688,1.0,0.0476190485060215,2,80,,,,,
,,,,,2,80,0.4161434769630432,,,,
0.44265392422676086,0.8105263113975525,0.8030098080635071,0.8157894611358643,0.738095223903656,3,107,,,,,
,,,,,3,107,0.3571966886520386,,,,
0.48605650663375854,0.800000011920929,0.8009883165359497,0.7555555701255798,0.8095238208770752,4,134,,,,,
,,,,,4,134,0.27799251675605774,,,,
,,,,,5,135,,0.7627118825912476,0.7542248964309692,0.7553191781044006,0.682692289352417
,,,,,5,135,,0.7627118825912476,0.7542248964309692,0.7553191781044006,0.682692289352417
,,,,,5,135,,0.7118644118309021,0.7128496766090393,0.6578947305679321,0.7211538553237915
