val_loss,val_accuracy,val_auroc,val_precision,val_recall,epoch,step,train_loss,test_accuracy,test_auroc,test_precision,test_recall
1.13303804397583,0.4526315927505493,0.4847259819507599,0.4324324429035187,0.761904776096344,0,6,,,,,
,,,,,0,6,1.1102184057235718,,,,
1.0900812149047852,0.4421052634716034,0.470350444316864,0.4225352108478546,0.7142857313156128,1,13,,,,,
,,,,,1,13,1.051710844039917,,,,
1.0583946704864502,0.43157893419265747,0.4535040259361267,0.40909090638160706,0.6428571343421936,2,20,,,,,
,,,,,2,20,1.0040031671524048,,,,
1.0304902791976929,0.43157893419265747,0.44115006923675537,0.3928571343421936,0.523809552192688,3,27,,,,,
,,,,,3,27,0.9683773517608643,,,,
1.0151172876358032,0.46315789222717285,0.46698111295700073,0.4117647409439087,0.5,4,34,,,,,
,,,,,4,34,0.9444871544837952,,,,
,,,,,5,35,,0.508474588394165,0.5473484992980957,0.4690721333026886,0.875
,,,,,5,35,,0.5762711763381958,0.5906177163124084,0.5138888955116272,0.7115384340286255
,,,,,5,35,,0.5762711763381958,0.5906177163124084,0.5138888955116272,0.7115384340286255
