val_loss,val_accuracy,val_auroc,val_precision,val_recall,epoch,step,train_loss,test_accuracy,test_auroc,test_precision,test_recall
0.6202375888824463,0.557894766330719,0.5,0.0,0.0,0,26,,,,,
,,,,,0,26,0.6252622604370117,,,,
0.6174526810646057,0.557894766330719,0.5,0.0,0.0,1,53,,,,,
,,,,,1,53,0.5274116396903992,,,,
0.5835985541343689,0.5894736647605896,0.5357142686843872,1.0,0.0714285746216774,2,80,,,,,
,,,,,2,80,0.39870038628578186,,,,
0.5098371505737305,0.7052631378173828,0.6987870335578918,0.675000011920929,0.6428571343421936,3,107,,,,,
,,,,,3,107,0.3296545445919037,,,,
0.6147194504737854,0.7473683953285217,0.7365228533744812,0.75,0.6428571343421936,4,134,,,,,
,,,,,4,134,0.24509596824645996,,,,
,,,,,5,135,,0.7627118825912476,0.7562645673751831,0.7448979616165161,0.7019230723381042
,,,,,5,135,,0.758474588394165,0.7677738666534424,0.682170569896698,0.8461538553237915
,,,,,5,135,,0.7627118825912476,0.7562645673751831,0.7448979616165161,0.7019230723381042
