val_loss,val_accuracy,val_auroc,val_precision,val_recall,epoch,step,train_loss,test_accuracy,test_auroc,test_precision,test_recall
0.4126107096672058,0.7789473533630371,0.7574123740196228,0.8888888955116272,0.5714285969734192,0,13,,,,,
,,,,,0,13,0.446927547454834,,,,
0.42115336656570435,0.8315789699554443,0.8292902112007141,0.8095238208770752,0.8095238208770752,1,27,,,,,
,,,,,1,27,0.3199846148490906,,,,
0.4653455317020416,0.7684210538864136,0.7529200315475464,0.8125,0.6190476417541504,2,41,,,,,
,,,,,2,41,0.22523117065429688,,,,
0.829361617565155,0.7684210538864136,0.7479784488677979,0.8571428656578064,0.5714285969734192,3,55,,,,,
,,,,,3,55,0.1286943554878235,,,,
,,,,,4,56,,0.7932489514350891,0.7939392328262329,0.75,0.800000011920929
,,,,,4,56,,0.7932489514350891,0.7695887684822083,0.9516128897666931,0.561904788017273
,,,,,4,56,,0.8185654282569885,0.8040043711662292,0.887499988079071,0.6761904954910278
