val_loss,val_accuracy,val_auroc,val_precision,val_recall,epoch,step,train_loss,test_accuracy,test_auroc,test_precision,test_recall
0.6198044419288635,0.557894766330719,0.5,0.0,0.0,0,13,,,,,
,,,,,0,13,0.628444492816925,,,,
0.6187443137168884,0.557894766330719,0.5,0.0,0.0,1,27,,,,,
,,,,,1,27,0.6080252528190613,,,,
0.6172395944595337,0.557894766330719,0.5,0.0,0.0,2,41,,,,,
,,,,,2,41,0.5863018035888672,,,,
0.6165928244590759,0.557894766330719,0.5,0.0,0.0,3,55,,,,,
,,,,,3,55,0.5732192993164062,,,,
0.6160085797309875,0.557894766330719,0.5,0.0,0.0,4,69,,,,,
,,,,,4,69,0.5447046160697937,,,,
,,,,,5,70,,0.5593220591545105,0.5,0.0,0.0
,,,,,5,70,,0.5593220591545105,0.5,0.0,0.0
,,,,,5,70,,0.5593220591545105,0.5,0.0,0.0
