val_loss,val_accuracy,val_auroc,val_precision,val_recall,epoch,step,train_loss,test_accuracy,test_auroc,test_precision,test_recall
1.02623450756073,0.4526315927505493,0.427897572517395,0.3214285671710968,0.2142857164144516,0,13,,,,,
,,,,,0,13,0.9565409421920776,,,,
1.0239746570587158,0.42105263471603394,0.414420485496521,0.3488371968269348,0.3571428656578064,1,27,,,,,
,,,,,1,27,0.924964189529419,,,,
1.0157063007354736,0.4421052634716034,0.5,0.4421052634716034,1.0,2,41,,,,,
,,,,,2,41,0.894771158695221,,,,
1.0091525316238403,0.4421052634716034,0.5,0.4421052634716034,1.0,3,55,,,,,
,,,,,3,55,0.8880480527877808,,,,
1.0151032209396362,0.4421052634716034,0.5,0.4421052634716034,1.0,4,69,,,,,
,,,,,4,69,0.8407928943634033,,,,
,,,,,5,70,,0.4406779706478119,0.5,0.4406779706478119,1.0
,,,,,5,70,,0.4406779706478119,0.5,0.4406779706478119,1.0
,,,,,5,70,,0.4406779706478119,0.5,0.4406779706478119,1.0
