val_loss,val_accuracy,val_auroc,val_precision,val_recall,epoch,step,train_loss,test_accuracy,test_auroc,test_precision,test_recall
0.6186854839324951,0.557894766330719,0.5,0.0,0.0,0,6,,,,,
,,,,,0,6,0.6523213982582092,,,,
0.6162588000297546,0.557894766330719,0.5,0.0,0.0,1,13,,,,,
,,,,,1,13,0.582890510559082,,,,
0.6158140897750854,0.557894766330719,0.5,0.0,0.0,2,20,,,,,
,,,,,2,20,0.4844387173652649,,,,
0.6153029203414917,0.557894766330719,0.5,0.0,0.0,3,27,,,,,
,,,,,3,27,0.40807652473449707,,,,
0.6152377128601074,0.557894766330719,0.5,0.0,0.0,4,34,,,,,
,,,,,4,34,0.30959001183509827,,,,
,,,,,5,35,,0.5569620132446289,0.5,0.0,0.0
,,,,,5,35,,0.5569620132446289,0.5,0.0,0.0
,,,,,5,35,,0.5569620132446289,0.5,0.0,0.0
