val_loss,val_accuracy,val_auroc,val_precision,val_recall,epoch,step,train_loss,test_accuracy,test_auroc,test_precision,test_recall
0.6176688075065613,0.557894766330719,0.5,0.0,0.0,0,6,,,,,
,,,,,0,6,0.627486526966095,,,,
0.6152565479278564,0.557894766330719,0.5,0.0,0.0,1,13,,,,,
,,,,,1,13,0.6138932704925537,,,,
0.6153126955032349,0.557894766330719,0.5,0.0,0.0,2,20,,,,,
,,,,,2,20,0.5046868920326233,,,,
0.6153497099876404,0.557894766330719,0.5,0.0,0.0,3,27,,,,,
,,,,,3,27,0.3951922655105591,,,,
0.6152167916297913,0.557894766330719,0.5,0.0,0.0,4,34,,,,,
,,,,,4,34,0.3549436032772064,,,,
,,,,,5,35,,0.555084764957428,0.5,0.0,0.0
,,,,,5,35,,0.555084764957428,0.5,0.0,0.0
,,,,,5,35,,0.555084764957428,0.5,0.0,0.0
