val_loss,val_accuracy,val_auroc,val_precision,val_recall,epoch,step,train_loss,test_accuracy,test_auroc,test_precision,test_recall
0.6152997612953186,0.557894766330719,0.5,0.0,0.0,0,26,,,,,
,,,,,0,26,0.6495497226715088,,,,
0.6223741769790649,0.4421052634716034,0.5,0.4421052634716034,1.0,1,53,,,,,
,,,,,1,53,0.49432387948036194,,,,
0.569055438041687,0.6736842393875122,0.6358940005302429,0.8666666746139526,0.3095238208770752,2,80,,,,,
,,,,,2,80,0.3933110237121582,,,,
0.5955519080162048,0.7157894968986511,0.7106918096542358,0.6829268336296082,0.6666666865348816,3,107,,,,,
,,,,,3,107,0.3201802968978882,,,,
0.4478204548358917,0.7894737124443054,0.7890835404396057,0.75,0.7857142686843872,4,134,,,,,
,,,,,4,134,0.3011417090892792,,,,
,,,,,5,135,,0.7881355881690979,0.7789168357849121,0.8021978139877319,0.6952381730079651
,,,,,5,135,,0.7881355881690979,0.7789168357849121,0.8021978139877319,0.6952381730079651
,,,,,5,135,,0.7881355881690979,0.7789168357849121,0.8021978139877319,0.6952381730079651
