val_loss,val_accuracy,val_auroc,val_precision,val_recall,epoch,step,train_loss,test_accuracy,test_auroc,test_precision,test_recall
0.6202858090400696,0.557894766330719,0.5,0.0,0.0,0,6,,,,,
,,,,,0,6,0.630132257938385,,,,
0.6200861930847168,0.557894766330719,0.5,0.0,0.0,1,13,,,,,
,,,,,1,13,0.6248862147331238,,,,
0.6190173625946045,0.557894766330719,0.5,0.0,0.0,2,20,,,,,
,,,,,2,20,0.6119256019592285,,,,
0.6181346774101257,0.557894766330719,0.5,0.0,0.0,3,27,,,,,
,,,,,3,27,0.6089484095573425,,,,
0.617496907711029,0.557894766330719,0.5,0.0,0.0,4,34,,,,,
,,,,,4,34,0.592937707901001,,,,
,,,,,5,35,,0.5593220591545105,0.5,0.0,0.0
,,,,,5,35,,0.5593220591545105,0.5,0.0,0.0
,,,,,5,35,,0.5593220591545105,0.5,0.0,0.0
