val_loss,val_accuracy,val_auroc,val_precision,val_recall,epoch,step,train_loss,test_accuracy,test_auroc,test_precision,test_recall
0.617838978767395,0.557894766330719,0.5,0.0,0.0,0,6,,,,,
,,,,,0,6,0.6679078340530396,,,,
0.616795003414154,0.557894766330719,0.5,0.0,0.0,1,13,,,,,
,,,,,1,13,0.6176515817642212,,,,
0.6154633164405823,0.557894766330719,0.5,0.0,0.0,2,20,,,,,
,,,,,2,20,0.5459548234939575,,,,
0.6151365637779236,0.557894766330719,0.5,0.0,0.0,3,27,,,,,
,,,,,3,27,0.5100052356719971,,,,
0.6161645650863647,0.557894766330719,0.5,0.0,0.0,4,34,,,,,
,,,,,4,34,0.3841588497161865,,,,
,,,,,5,35,,0.5593220591545105,0.5,0.0,0.0
,,,,,5,35,,0.5593220591545105,0.5,0.0,0.0
,,,,,5,35,,0.5593220591545105,0.5,0.0,0.0
