val_loss,val_accuracy,val_auroc,val_precision,val_recall,epoch,step,train_loss,test_accuracy,test_auroc,test_precision,test_recall
0.6176674365997314,0.557894766330719,0.5,0.0,0.0,0,6,,,,,
,,,,,0,6,0.627525269985199,,,,
0.6152477860450745,0.557894766330719,0.5,0.0,0.0,1,13,,,,,
,,,,,1,13,0.6109167337417603,,,,
0.6151574850082397,0.557894766330719,0.5,0.0,0.0,2,20,,,,,
,,,,,2,20,0.506925106048584,,,,
0.6164296269416809,0.557894766330719,0.5,0.0,0.0,3,27,,,,,
,,,,,3,27,0.3967001736164093,,,,
0.6172783374786377,0.557894766330719,0.5,0.0,0.0,4,34,,,,,
,,,,,4,34,0.3657935857772827,,,,
,,,,,5,35,,0.555084764957428,0.5,0.0,0.0
,,,,,5,35,,0.555084764957428,0.5,0.0,0.0
,,,,,5,35,,0.555084764957428,0.5,0.0,0.0
