val_loss,val_accuracy,val_auroc,val_precision,val_recall,epoch,step,train_loss,test_accuracy,test_auroc,test_precision,test_recall
0.6152110695838928,0.557894766330719,0.5,0.0,0.0,0,13,,,,,
,,,,,0,13,0.6152434349060059,,,,
0.6157292723655701,0.557894766330719,0.5,0.0,0.0,1,27,,,,,
,,,,,1,27,0.557444155216217,,,,
0.6175176501274109,0.557894766330719,0.5,0.0,0.0,2,41,,,,,
,,,,,2,41,0.42926934361457825,,,,
0.6149385571479797,0.557894766330719,0.5,0.0,0.0,3,55,,,,,
,,,,,3,55,0.34700384736061096,,,,
0.5982330441474915,0.557894766330719,0.5,0.0,0.0,4,69,,,,,
,,,,,4,69,0.25539517402648926,,,,
,,,,,5,70,,0.5593220591545105,0.5,0.0,0.0
,,,,,5,70,,0.5593220591545105,0.5,0.0,0.0
,,,,,5,70,,0.5593220591545105,0.5,0.0,0.0
