val_loss,val_accuracy,val_auroc,val_precision,val_recall,epoch,step,train_loss,test_accuracy,test_auroc,test_precision,test_recall
0.6208301186561584,0.557894766330719,0.5,0.0,0.0,0,26,,,,,
,,,,,0,26,0.6287305951118469,,,,
0.6176624894142151,0.557894766330719,0.5,0.0,0.0,1,53,,,,,
,,,,,1,53,0.5430519580841064,,,,
0.591318666934967,0.6526315808296204,0.6120844483375549,0.8461537957191467,0.261904776096344,2,80,,,,,
,,,,,2,80,0.4083048403263092,,,,
0.5981816649436951,0.6947368383407593,0.6868823170661926,0.6666666865348816,0.6190476417541504,3,107,,,,,
,,,,,3,107,0.3211974799633026,,,,
0.6952696442604065,0.6947368383407593,0.6819406747817993,0.6857143044471741,0.5714285969734192,4,134,,,,,
,,,,,4,134,0.2942473292350769,,,,
,,,,,5,135,,0.741525411605835,0.7424242496490479,0.6902654767036438,0.75
,,,,,5,135,,0.6398305296897888,0.5984848737716675,0.7878787517547607,0.25
,,,,,5,135,,0.758474588394165,0.7463578581809998,0.7701149582862854,0.6442307829856873
