val_loss,val_accuracy,val_auroc,val_precision,val_recall,epoch,step,train_loss,test_accuracy,test_auroc,test_precision,test_recall
0.5135441422462463,0.7684210538864136,0.7529200315475464,0.8125,0.6190476417541504,0,6,,,,,
,,,,,0,6,0.51295405626297,,,,
0.4233550727367401,0.75789475440979,0.7410151958465576,0.806451678276062,0.5952380895614624,1,13,,,,,
,,,,,1,13,0.26920440793037415,,,,
0.38657891750335693,0.7894737124443054,0.7767295241355896,0.8235294818878174,0.6666666865348816,2,20,,,,,
,,,,,2,20,0.12271251529455185,,,,
0.4151895344257355,0.7894737124443054,0.7767295241355896,0.8235294818878174,0.6666666865348816,3,27,,,,,
,,,,,3,27,0.04500798135995865,,,,
,,,,,4,28,,0.8185654282569885,0.806926429271698,0.8604651093482971,0.7047619223594666
,,,,,4,28,,0.8185654282569885,0.806926429271698,0.8604651093482971,0.7047619223594666
,,,,,4,28,,0.8270041942596436,0.8145022392272949,0.8809523582458496,0.7047619223594666
