val_loss,val_accuracy,val_auroc,val_precision,val_recall,epoch,step,train_loss,test_accuracy,test_auroc,test_precision,test_recall
0.6230745911598206,0.4421052634716034,0.5,0.4421052634716034,1.0,0,26,,,,,
,,,,,0,26,0.6173095107078552,,,,
0.6198770999908447,0.557894766330719,0.5,0.0,0.0,1,53,,,,,
,,,,,1,53,0.6024523973464966,,,,
0.6132100224494934,0.557894766330719,0.5,0.0,0.0,2,80,,,,,
,,,,,2,80,0.5583944916725159,,,,
0.5615057349205017,0.6631578803062439,0.6462264060974121,0.65625,0.5,3,107,,,,,
,,,,,3,107,0.4973909258842468,,,,
0.6390550136566162,0.6526315808296204,0.6417340040206909,0.6216216087341309,0.5476190447807312,4,134,,,,,
,,,,,4,134,0.4611416459083557,,,,
,,,,,5,135,,0.7372881174087524,0.7212995290756226,0.762499988079071,0.5865384340286255
,,,,,5,135,,0.7372881174087524,0.7212995290756226,0.762499988079071,0.5865384340286255
,,,,,5,135,,0.7711864113807678,0.756701648235321,0.8048780560493469,0.6346153616905212
