val_loss,val_accuracy,val_auroc,val_precision,val_recall,epoch,step,train_loss,test_accuracy,test_auroc,test_precision,test_recall
0.6188545227050781,0.557894766330719,0.5,0.0,0.0,0,26,,,,,
,,,,,0,26,0.651174008846283,,,,
0.615236222743988,0.557894766330719,0.5,0.0,0.0,1,53,,,,,
,,,,,1,53,0.5225351452827454,,,,
0.5772477984428406,0.5684210658073425,0.511904776096344,1.0,0.02380952425301075,2,80,,,,,
,,,,,2,80,0.4074738919734955,,,,
0.46633070707321167,0.6842105388641357,0.6700359582901001,0.6764705181121826,0.5476190447807312,3,107,,,,,
,,,,,3,107,0.332193523645401,,,,
0.5185702443122864,0.7473683953285217,0.7464061379432678,0.7045454382896423,0.738095223903656,4,134,,,,,
,,,,,4,134,0.26187458634376526,,,,
,,,,,5,135,,0.7542372941970825,0.7559432983398438,0.7043478488922119,0.7714285850524902
,,,,,5,135,,0.7457627058029175,0.7398037314414978,0.7272727489471436,0.6857143044471741
,,,,,5,135,,0.7542372941970825,0.7559432983398438,0.7043478488922119,0.7714285850524902
