val_loss,val_accuracy,val_auroc,val_precision,val_recall,epoch,step,train_loss,test_accuracy,test_auroc,test_precision,test_recall
0.6153965592384338,0.557894766330719,0.5,0.0,0.0,0,26,,,,,
,,,,,0,26,0.6484569311141968,,,,
0.6186690926551819,0.557894766330719,0.5,0.0,0.0,1,53,,,,,
,,,,,1,53,0.5570405721664429,,,,
0.5718383193016052,0.7263157963752747,0.6904761791229248,1.0,0.380952388048172,2,80,,,,,
,,,,,2,80,0.43384405970573425,,,,
0.47022300958633423,0.7473683953285217,0.7315813302993774,0.78125,0.5952380895614624,3,107,,,,,
,,,,,3,107,0.3791533410549164,,,,
0.4124423861503601,0.7052631378173828,0.691374659538269,0.7058823704719543,0.5714285969734192,4,134,,,,,
,,,,,4,134,0.2799534797668457,,,,
,,,,,5,135,,0.8008474707603455,0.7974941730499268,0.7766990065574646,0.7692307829856873
,,,,,5,135,,0.7796609997749329,0.7765151262283325,0.75,0.75
,,,,,5,135,,0.7796609997749329,0.7765151262283325,0.75,0.75
