val_loss,val_accuracy,val_auroc,val_precision,val_recall,epoch,step,train_loss,test_accuracy,test_auroc,test_precision,test_recall
0.5561741590499878,0.7684210538864136,0.7479784488677979,0.8571428656578064,0.5714285969734192,0,6,,,,,
,,,,,0,6,0.5288342237472534,,,,
0.41150858998298645,0.75789475440979,0.7336028814315796,0.8799999952316284,0.523809552192688,1,13,,,,,
,,,,,1,13,0.2719450891017914,,,,
0.4168926477432251,0.7684210538864136,0.7479784488677979,0.8571428656578064,0.5714285969734192,2,20,,,,,
,,,,,2,20,0.1284966617822647,,,,
0.45742547512054443,0.7684210538864136,0.7479784488677979,0.8571428656578064,0.5714285969734192,3,27,,,,,
,,,,,3,27,0.05057473108172417,,,,
,,,,,4,28,,0.7966101765632629,0.7773892879486084,0.8888888955116272,0.6153846383094788
,,,,,4,28,,0.7881355881690979,0.763694703578949,0.9354838728904724,0.557692289352417
,,,,,4,28,,0.7923728823661804,0.7685023546218872,0.9365079402923584,0.567307710647583
