val_loss,val_accuracy,val_auroc,val_precision,val_recall,epoch,step,train_loss,test_accuracy,test_auroc,test_precision,test_recall
0.5871641039848328,0.557894766330719,0.5963611602783203,0.5,0.9285714626312256,0,6,,,,,
,,,,,0,6,0.5893998742103577,,,,
0.5525968074798584,0.7684210538864136,0.7504492402076721,0.8333333134651184,0.5952380895614624,1,13,,,,,
,,,,,1,13,0.5163383483886719,,,,
0.5235574841499329,0.7684210538864136,0.738095223903656,1.0,0.4761904776096344,2,20,,,,,
,,,,,2,20,0.46873533725738525,,,,
0.5028708577156067,0.75789475440979,0.726190447807312,1.0,0.4523809850215912,3,27,,,,,
,,,,,3,27,0.42795833945274353,,,,
,,,,,4,28,,0.7118644118309021,0.6875318288803101,0.8032786846160889,0.46666666865348816
,,,,,4,28,,0.694915235042572,0.6609233021736145,0.9024389982223511,0.3523809611797333
,,,,,4,28,,0.694915235042572,0.6609233021736145,0.9024389982223511,0.3523809611797333
