val_loss,val_accuracy,val_auroc,val_precision,val_recall,epoch,step,train_loss,test_accuracy,test_auroc,test_precision,test_recall
0.5353741645812988,0.7894737124443054,0.7940252423286438,0.7291666865348816,0.8333333134651184,0,13,,,,,
,,,,,0,13,0.44569894671440125,,,,
0.2764871120452881,0.9052631855010986,0.8977987766265869,0.9459459185600281,0.8333333134651184,1,27,,,,,
,,,,,1,27,0.2992137670516968,,,,
0.33263665437698364,0.8736842274665833,0.864555299282074,0.9166666865348816,0.7857142686843872,2,41,,,,,
,,,,,2,41,0.18440860509872437,,,,
0.39498066902160645,0.8526315689086914,0.8432164788246155,0.8888888955116272,0.761904776096344,3,55,,,,,
,,,,,3,55,0.1716083437204361,,,,
,,,,,4,56,,0.8389830589294434,0.8234265446662903,0.9230769276618958,0.692307710647583
,,,,,4,56,,0.8389830589294434,0.8234265446662903,0.9230769276618958,0.692307710647583
,,,,,4,56,,0.7796609997749329,0.7683566212654114,0.7954545617103577,0.6730769276618958
