val_loss,val_accuracy,val_auroc,val_precision,val_recall,epoch,step,train_loss,test_accuracy,test_auroc,test_precision,test_recall
0.6195676326751709,0.557894766330719,0.5,0.0,0.0,0,13,,,,,
,,,,,0,13,0.6462668180465698,,,,
0.6158745288848877,0.557894766330719,0.5,0.0,0.0,1,27,,,,,
,,,,,1,27,0.5371623635292053,,,,
0.6162232756614685,0.557894766330719,0.5,0.0,0.0,2,41,,,,,
,,,,,2,41,0.47677069902420044,,,,
0.615834653377533,0.557894766330719,0.5,0.0,0.0,3,55,,,,,
,,,,,3,55,0.3671417832374573,,,,
0.6049501895904541,0.557894766330719,0.5,0.0,0.0,4,69,,,,,
,,,,,4,69,0.2689308822154999,,,,
,,,,,5,70,,0.5569620132446289,0.5,0.0,0.0
,,,,,5,70,,0.5569620132446289,0.5,0.0,0.0
,,,,,5,70,,0.5569620132446289,0.5,0.0,0.0
