val_loss,val_accuracy,val_auroc,val_precision,val_recall,epoch,step,train_loss,test_accuracy,test_auroc,test_precision,test_recall
0.4734605550765991,0.7368420958518982,0.7419137358665466,0.6734693646430969,0.7857142686843872,0,26,,,,,
,,,,,0,26,0.5447564125061035,,,,
0.41154366731643677,0.8105263113975525,0.8054806590080261,0.800000011920929,0.761904776096344,1,53,,,,,
,,,,,1,53,0.2588176429271698,,,,
0.5421809554100037,0.75789475440979,0.7583107948303223,0.7111111283302307,0.761904776096344,2,80,,,,,
,,,,,2,80,0.12688849866390228,,,,
0.5052000284194946,0.8105263113975525,0.8030098080635071,0.8157894611358643,0.738095223903656,3,107,,,,,
,,,,,3,107,0.10681890696287155,,,,
1.0552722215652466,0.7052631378173828,0.7234951853752136,0.6166666746139526,0.8809523582458496,4,134,,,,,
,,,,,4,134,0.060819368809461594,,,,
,,,,,5,135,,0.7890295386314392,0.7755411267280579,0.8313252925872803,0.6571428775787354
,,,,,5,135,,0.7890295386314392,0.7755411267280579,0.8313252925872803,0.6571428775787354
,,,,,5,135,,0.6877636909484863,0.7070345878601074,0.601307213306427,0.8761904835700989
