val_loss,val_accuracy,val_auroc,val_precision,val_recall,epoch,step,train_loss,test_accuracy,test_auroc,test_precision,test_recall
0.6188993453979492,0.557894766330719,0.5,0.0,0.0,0,6,,,,,
,,,,,0,6,0.64415043592453,,,,
0.617199718952179,0.557894766330719,0.5,0.0,0.0,1,13,,,,,
,,,,,1,13,0.5885885953903198,,,,
0.6158981919288635,0.557894766330719,0.5,0.0,0.0,2,20,,,,,
,,,,,2,20,0.47147610783576965,,,,
0.6151749491691589,0.557894766330719,0.5,0.0,0.0,3,27,,,,,
,,,,,3,27,0.42017510533332825,,,,
0.615207314491272,0.557894766330719,0.5,0.0,0.0,4,34,,,,,
,,,,,4,34,0.2981542646884918,,,,
,,,,,5,35,,0.5593220591545105,0.5,0.0,0.0
,,,,,5,35,,0.5593220591545105,0.5,0.0,0.0
,,,,,5,35,,0.5593220591545105,0.5,0.0,0.0
