val_loss,val_accuracy,val_auroc,val_precision,val_recall,epoch,step,train_loss,test_accuracy,test_auroc,test_precision,test_recall
0.566959798336029,0.7894737124443054,0.7717880010604858,0.8666666746139526,0.6190476417541504,0,6,,,,,
,,,,,0,6,0.5997419953346252,,,,
0.5585412383079529,0.75789475440979,0.7311322093009949,0.9130435585975647,0.5,1,13,,,,,
,,,,,1,13,0.5206379890441895,,,,
0.5450154542922974,0.75789475440979,0.7311322093009949,0.9130435585975647,0.5,2,20,,,,,
,,,,,2,20,0.47165846824645996,,,,
0.5275939702987671,0.75789475440979,0.7311322093009949,0.9130435585975647,0.5,3,27,,,,,
,,,,,3,27,0.43226829171180725,,,,
,,,,,4,28,,0.7966101765632629,0.7789894938468933,0.8904109597206116,0.6190476417541504
,,,,,4,28,,0.7457627058029175,0.7171210646629333,0.9411764740943909,0.4571428596973419
,,,,,4,28,,0.7457627058029175,0.7171210646629333,0.9411764740943909,0.4571428596973419
