val_loss,val_accuracy,val_auroc,val_precision,val_recall,epoch,step,train_loss,test_accuracy,test_auroc,test_precision,test_recall
0.6216147541999817,0.4421052634716034,0.5,0.4421052634716034,1.0,0,6,,,,,
,,,,,0,6,0.6295738220214844,,,,
0.6207018494606018,0.557894766330719,0.5,0.0,0.0,1,13,,,,,
,,,,,1,13,0.6246741414070129,,,,
0.6199067831039429,0.557894766330719,0.5,0.0,0.0,2,20,,,,,
,,,,,2,20,0.6123510599136353,,,,
0.6189755201339722,0.557894766330719,0.5,0.0,0.0,3,27,,,,,
,,,,,3,27,0.5998420715332031,,,,
0.6181878447532654,0.557894766330719,0.5,0.0,0.0,4,34,,,,,
,,,,,4,34,0.5980967283248901,,,,
,,,,,5,35,,0.4406779706478119,0.5,0.4406779706478119,1.0
,,,,,5,35,,0.5593220591545105,0.5,0.0,0.0
,,,,,5,35,,0.5593220591545105,0.5,0.0,0.0
