val_loss,val_accuracy,val_auroc,val_precision,val_recall,epoch,step,train_loss,test_accuracy,test_auroc,test_precision,test_recall
0.3666068911552429,0.800000011920929,0.796046793460846,0.7804877758026123,0.761904776096344,0,26,,,,,
,,,,,0,26,0.4297547936439514,,,,
0.35055187344551086,0.8421052694320679,0.831311821937561,0.8857142925262451,0.738095223903656,1,53,,,,,
,,,,,1,53,0.18022069334983826,,,,
0.3936914801597595,0.821052610874176,0.8099730610847473,0.8571428656578064,0.7142857313156128,2,80,,,,,
,,,,,2,80,0.06225943937897682,,,,
0.4074108600616455,0.821052610874176,0.8124438524246216,0.8378377556800842,0.738095223903656,3,107,,,,,
,,,,,3,107,0.027012020349502563,,,,
,,,,,4,108,,0.8734177350997925,0.8620129227638245,0.9411764740943909,0.761904776096344
,,,,,4,108,,0.8734177350997925,0.8620129227638245,0.9411764740943909,0.761904776096344
,,,,,4,108,,0.8270041942596436,0.8203463554382324,0.8333333134651184,0.761904776096344
