val_loss,val_accuracy,val_auroc,val_precision,val_recall,epoch,step,train_loss,test_accuracy,test_auroc,test_precision,test_recall
0.6152033805847168,0.557894766330719,0.5,0.0,0.0,0,26,,,,,
,,,,,0,26,0.6648180484771729,,,,
0.6153578162193298,0.557894766330719,0.5,0.0,0.0,1,53,,,,,
,,,,,1,53,0.5691080093383789,,,,
0.5786978006362915,0.557894766330719,0.5,0.0,0.0,2,80,,,,,
,,,,,2,80,0.45601925253868103,,,,
0.43436816334724426,0.7684210538864136,0.7628032565116882,0.75,0.7142857313156128,3,107,,,,,
,,,,,3,107,0.35092490911483765,,,,
0.427446573972702,0.7684210538864136,0.7652739882469177,0.738095223903656,0.738095223903656,4,134,,,,,
,,,,,4,134,0.2805079519748688,,,,
,,,,,5,135,,0.75,0.75,0.7027027606964111,0.75
,,,,,5,135,,0.75,0.75,0.7027027606964111,0.75
,,,,,5,135,,0.75,0.75,0.7027027606964111,0.75
