val_loss,val_accuracy,val_auroc,val_precision,val_recall,epoch,step,train_loss,test_accuracy,test_auroc,test_precision,test_recall
0.6215012073516846,0.4421052634716034,0.5,0.4421052634716034,1.0,0,6,,,,,
,,,,,0,6,0.6397123336791992,,,,
0.6216082572937012,0.4421052634716034,0.5,0.4421052634716034,1.0,1,13,,,,,
,,,,,1,13,0.6332695484161377,,,,
0.6216259002685547,0.4421052634716034,0.5,0.4421052634716034,1.0,2,20,,,,,
,,,,,2,20,0.6298055648803711,,,,
0.6215679049491882,0.4421052634716034,0.5,0.4421052634716034,1.0,3,27,,,,,
,,,,,3,27,0.6311995983123779,,,,
0.621795654296875,0.4421052634716034,0.5,0.4421052634716034,1.0,4,34,,,,,
,,,,,4,34,0.626239538192749,,,,
,,,,,5,35,,0.4449152648448944,0.5,0.4449152648448944,1.0
,,,,,5,35,,0.4449152648448944,0.5,0.4449152648448944,1.0
,,,,,5,35,,0.4449152648448944,0.5,0.4449152648448944,1.0
