val_loss,val_accuracy,val_auroc,val_precision,val_recall,epoch,step,train_loss,test_accuracy,test_auroc,test_precision,test_recall
0.6216283440589905,0.4421052634716034,0.5,0.4421052634716034,1.0,0,13,,,,,
,,,,,0,13,0.6370448470115662,,,,
0.621039092540741,0.557894766330719,0.5,0.0,0.0,1,27,,,,,
,,,,,1,27,0.6319880485534668,,,,
0.6207264065742493,0.557894766330719,0.5,0.0,0.0,2,41,,,,,
,,,,,2,41,0.6313362121582031,,,,
0.6202107071876526,0.557894766330719,0.5,0.0,0.0,3,55,,,,,
,,,,,3,55,0.6336129307746887,,,,
0.6196723580360413,0.557894766330719,0.5,0.0,0.0,4,69,,,,,
,,,,,4,69,0.6318928003311157,,,,
,,,,,5,70,,0.4406779706478119,0.5,0.4406779706478119,1.0
,,,,,5,70,,0.5593220591545105,0.5,0.0,0.0
,,,,,5,70,,0.5593220591545105,0.5,0.0,0.0
