val_loss,val_accuracy,val_auroc,val_precision,val_recall,epoch,step,train_loss,test_accuracy,test_auroc,test_precision,test_recall
0.6182150840759277,0.6105263233184814,0.6188229918479919,0.5471698045730591,0.6904761791229248,0,13,,,,,
,,,,,0,13,0.6955809593200684,,,,
0.6243067383766174,0.5157894492149353,0.48450136184692383,0.40909090638160706,0.2142857164144516,1,27,,,,,
,,,,,1,27,0.6542561650276184,,,,
0.6282822489738464,0.5473684072494507,0.5177448391914368,0.47826087474823,0.261904776096344,2,41,,,,,
,,,,,2,41,0.6298644542694092,,,,
0.6010896563529968,0.6421052813529968,0.6224168539047241,0.6333333253860474,0.4523809850215912,3,55,,,,,
,,,,,3,55,0.6247953176498413,,,,
0.6291733980178833,0.6105263233184814,0.5916442275047302,0.5806451439857483,0.4285714328289032,4,69,,,,,
,,,,,4,69,0.6135507225990295,,,,
,,,,,5,70,,0.5189873576164246,0.49902597069740295,0.44155845046043396,0.32380953431129456
,,,,,5,70,,0.5189873576164246,0.49902597069740295,0.44155845046043396,0.32380953431129456
,,,,,5,70,,0.5358649492263794,0.5161255598068237,0.4675324559211731,0.3428571820259094
