val_loss,val_accuracy,val_auroc,val_precision,val_recall,epoch,step,train_loss,test_accuracy,test_auroc,test_precision,test_recall
1.049869418144226,0.4421052634716034,0.5,0.4421052634716034,1.0,0,26,,,,,
,,,,,0,26,1.251452922821045,,,,
0.8883030414581299,0.4421052634716034,0.5,0.4421052634716034,1.0,1,53,,,,,
,,,,,1,53,1.0362416505813599,,,,
0.8511130213737488,0.4421052634716034,0.5,0.4421052634716034,1.0,2,80,,,,,
,,,,,2,80,0.9475551247596741,,,,
0.8368703126907349,0.4526315927505493,0.5069631338119507,0.44565215706825256,0.976190447807312,3,107,,,,,
,,,,,3,107,0.9239189624786377,,,,
0.8413931727409363,0.4526315927505493,0.5069631338119507,0.44565215706825256,0.976190447807312,4,134,,,,,
,,,,,4,134,0.9164021015167236,,,,
,,,,,5,135,,0.41525423526763916,0.4691142141819,0.4247787594795227,0.9230769276618958
,,,,,5,135,,0.41525423526763916,0.4691142141819,0.4247787594795227,0.9230769276618958
,,,,,5,135,,0.42796608805656433,0.48047786951065063,0.4304932653903961,0.9230769276618958
