val_loss,val_accuracy,val_auroc,val_precision,val_recall,epoch,step,train_loss,test_accuracy,test_auroc,test_precision,test_recall
0.6189188957214355,0.557894766330719,0.5,0.0,0.0,0,6,,,,,
,,,,,0,6,0.6440290808677673,,,,
0.6174070835113525,0.557894766330719,0.5,0.0,0.0,1,13,,,,,
,,,,,1,13,0.5876474976539612,,,,
0.6158205270767212,0.557894766330719,0.5,0.0,0.0,2,20,,,,,
,,,,,2,20,0.4711858332157135,,,,
0.6154240369796753,0.557894766330719,0.5,0.0,0.0,3,27,,,,,
,,,,,3,27,0.40151649713516235,,,,
0.6151630282402039,0.557894766330719,0.5,0.0,0.0,4,34,,,,,
,,,,,4,34,0.3102306127548218,,,,
,,,,,5,35,,0.5593220591545105,0.5,0.0,0.0
,,,,,5,35,,0.5593220591545105,0.5,0.0,0.0
,,,,,5,35,,0.5593220591545105,0.5,0.0,0.0
