val_loss,val_accuracy,val_auroc,val_precision,val_recall,epoch,step,train_loss,test_accuracy,test_auroc,test_precision,test_recall
0.620976984500885,0.557894766330719,0.5,0.0,0.0,0,26,,,,,
,,,,,0,26,0.6305144429206848,,,,
0.6204152703285217,0.557894766330719,0.5,0.0,0.0,1,53,,,,,
,,,,,1,53,0.6081209182739258,,,,
0.6132564544677734,0.557894766330719,0.5,0.0,0.0,2,80,,,,,
,,,,,2,80,0.5752379894256592,,,,
0.637585461139679,0.6736842393875122,0.6581311821937561,0.6666666865348816,0.523809552192688,3,107,,,,,
,,,,,3,107,0.5292448401451111,,,,
0.5061319470405579,0.7157894968986511,0.6909254193305969,0.800000011920929,0.4761904776096344,4,134,,,,,
,,,,,4,134,0.49654626846313477,,,,
,,,,,5,135,,0.7033898234367371,0.6808432936668396,0.7692307829856873,0.4761904776096344
,,,,,5,135,,0.7033898234367371,0.6808432936668396,0.7692307829856873,0.4761904776096344
,,,,,5,135,,0.7033898234367371,0.6808432936668396,0.7692307829856873,0.4761904776096344
