val_loss,val_accuracy,val_auroc,val_precision,val_recall,epoch,step,train_loss,test_accuracy,test_auroc,test_precision,test_recall
0.5300158262252808,0.6947368383407593,0.6646451354026794,0.8095238208770752,0.4047619104385376,0,26,,,,,
,,,,,0,26,0.5046054124832153,,,,
0.4200415015220642,0.800000011920929,0.8084006905555725,0.7254902124404907,0.8809523582458496,1,53,,,,,
,,,,,1,53,0.17307576537132263,,,,
0.34694963693618774,0.8421052694320679,0.8436657786369324,0.800000011920929,0.8571428656578064,2,80,,,,,
,,,,,2,80,0.06075889244675636,,,,
0.3294946849346161,0.8526315689086914,0.8481580018997192,0.8500000238418579,0.8095238208770752,3,107,,,,,
,,,,,3,107,0.02577080950140953,,,,
0.37826117873191833,0.7894737124443054,0.7792003154754639,0.8055555820465088,0.6904761791229248,4,134,,,,,
,,,,,4,134,0.01815408654510975,,,,
,,,,,5,135,,0.7796609997749329,0.7656125426292419,0.8271604776382446,0.6380952596664429
,,,,,5,135,,0.7796609997749329,0.7656125426292419,0.8271604776382446,0.6380952596664429
,,,,,5,135,,0.805084764957428,0.7922937273979187,0.8554216623306274,0.6761904954910278
