val_loss,val_accuracy,val_auroc,val_precision,val_recall,epoch,step,train_loss,test_accuracy,test_auroc,test_precision,test_recall
0.6177674531936646,0.557894766330719,0.5,0.0,0.0,0,26,,,,,
,,,,,0,26,0.633181095123291,,,,
0.6186549663543701,0.557894766330719,0.5,0.0,0.0,1,53,,,,,
,,,,,1,53,0.5062832236289978,,,,
0.5701125860214233,0.621052622795105,0.5714285969734192,1.0,0.1428571492433548,2,80,,,,,
,,,,,2,80,0.41286501288414,,,,
0.5104379057884216,0.7368420958518982,0.734501302242279,0.6976743936538696,0.7142857313156128,3,107,,,,,
,,,,,3,107,0.31458771228790283,,,,
0.6270370483398438,0.7789473533630371,0.7796496152877808,0.73333340883255,0.7857142686843872,4,134,,,,,
,,,,,4,134,0.23333615064620972,,,,
,,,,,5,135,,0.7669491767883301,0.7692307829856873,0.7130434513092041,0.7884615659713745
,,,,,5,135,,0.7923728823661804,0.7929778099060059,0.7477477192878723,0.7980769276618958
,,,,,5,135,,0.7669491767883301,0.7692307829856873,0.7130434513092041,0.7884615659713745
