val_loss,val_accuracy,val_auroc,val_precision,val_recall,epoch,step,train_loss,test_accuracy,test_auroc,test_precision,test_recall
0.6297789812088013,0.557894766330719,0.5,0.0,0.0,0,13,,,,,
,,,,,0,13,0.6207819581031799,,,,
0.5313274264335632,0.7368420958518982,0.7147350311279297,0.8148148655891418,0.523809552192688,1,27,,,,,
,,,,,1,27,0.25570806860923767,,,,
0.4144600033760071,0.7473683953285217,0.7513477802276611,0.6875,0.7857142686843872,2,41,,,,,
,,,,,2,41,0.10742384940385818,,,,
0.3900114893913269,0.821052610874176,0.8173854351043701,0.8048780560493469,0.7857142686843872,3,55,,,,,
,,,,,3,55,0.04664534702897072,,,,
0.3808923065662384,0.8105263113975525,0.8054806590080261,0.800000011920929,0.761904776096344,4,69,,,,,
,,,,,4,69,0.022664779797196388,,,,
,,,,,5,70,,0.8305084705352783,0.8199300169944763,0.8636364340782166,0.7307692170143127
,,,,,5,70,,0.8220338821411133,0.8123542666435242,0.8444444537162781,0.7307692170143127
,,,,,5,70,,0.8220338821411133,0.8123542666435242,0.8444444537162781,0.7307692170143127
