val_loss,val_accuracy,val_auroc,val_precision,val_recall,epoch,step,train_loss,test_accuracy,test_auroc,test_precision,test_recall
0.853436291217804,0.621052622795105,0.5887241959571838,0.6499999761581421,0.3095238208770752,0,13,,,,,
,,,,,0,13,1.0666910409927368,,,,
1.0790481567382812,0.4421052634716034,0.5,0.4421052634716034,1.0,1,27,,,,,
,,,,,1,27,0.8544126152992249,,,,
0.8017787933349609,0.4421052634716034,0.5,0.4421052634716034,1.0,2,41,,,,,
,,,,,2,41,0.8145335912704468,,,,
0.8127237558364868,0.4421052634716034,0.5,0.4421052634716034,1.0,3,55,,,,,
,,,,,3,55,0.5981932878494263,,,,
0.7343897819519043,0.4421052634716034,0.5,0.4421052634716034,1.0,4,69,,,,,
,,,,,4,69,0.533328115940094,,,,
,,,,,5,70,,0.5274261832237244,0.48906925320625305,0.41025641560554504,0.15238095819950104
,,,,,5,70,,0.4430379867553711,0.5,0.4430379867553711,1.0
,,,,,5,70,,0.4430379867553711,0.5,0.4430379867553711,1.0
