val_loss,val_accuracy,val_auroc,val_precision,val_recall,epoch,step,train_loss,test_accuracy,test_auroc,test_precision,test_recall
0.6152962446212769,0.557894766330719,0.5,0.0,0.0,0,13,,,,,
,,,,,0,13,0.638085663318634,,,,
0.6151771545410156,0.557894766330719,0.5,0.0,0.0,1,27,,,,,
,,,,,1,27,0.5202489495277405,,,,
0.6169444918632507,0.557894766330719,0.5,0.0,0.0,2,41,,,,,
,,,,,2,41,0.41259005665779114,,,,
0.6189072132110596,0.557894766330719,0.5,0.0,0.0,3,55,,,,,
,,,,,3,55,0.3225575387477875,,,,
0.6337030529975891,0.557894766330719,0.5,0.0,0.0,4,69,,,,,
,,,,,4,69,0.2442869246006012,,,,
,,,,,5,70,,0.555084764957428,0.5,0.0,0.0
,,,,,5,70,,0.555084764957428,0.5,0.0,0.0
,,,,,5,70,,0.555084764957428,0.5,0.0,0.0
