val_loss,val_accuracy,val_auroc,val_precision,val_recall,epoch,step,train_loss,test_accuracy,test_auroc,test_precision,test_recall
0.6167431473731995,0.557894766330719,0.5,0.0,0.0,0,26,,,,,
,,,,,0,26,0.6316169500350952,,,,
0.6187628507614136,0.557894766330719,0.5,0.0,0.0,1,53,,,,,
,,,,,1,53,0.5029981732368469,,,,
0.5845053791999817,0.6000000238418579,0.5500898361206055,0.8333333134651184,0.1190476194024086,2,80,,,,,
,,,,,2,80,0.40080687403678894,,,,
0.49049437046051025,0.7263157963752747,0.7102425694465637,0.75,0.5714285969734192,3,107,,,,,
,,,,,3,107,0.29571399092674255,,,,
0.9622523784637451,0.6736842393875122,0.6828391551971436,0.6037735939025879,0.761904776096344,4,134,,,,,
,,,,,4,134,0.22056716680526733,,,,
,,,,,5,135,,0.7372881174087524,0.7182400822639465,0.7837837934494019,0.557692289352417
,,,,,5,135,,0.7372881174087524,0.7182400822639465,0.7837837934494019,0.557692289352417
,,,,,5,135,,0.6906779408454895,0.6969696283340454,0.6240000128746033,0.75
