val_loss,val_accuracy,val_auroc,val_precision,val_recall,epoch,step,train_loss,test_accuracy,test_auroc,test_precision,test_recall
0.6151168942451477,0.557894766330719,0.5,0.0,0.0,0,26,,,,,
,,,,,0,26,0.6280601620674133,,,,
0.6187155842781067,0.557894766330719,0.5,0.0,0.0,1,53,,,,,
,,,,,1,53,0.46782204508781433,,,,
0.5793372988700867,0.5894736647605896,0.5381851196289062,0.800000011920929,0.095238097012043,2,80,,,,,
,,,,,2,80,0.4110852777957916,,,,
0.6568574905395508,0.6736842393875122,0.668014407157898,0.6341463327407837,0.6190476417541504,3,107,,,,,
,,,,,3,107,0.3390600085258484,,,,
0.645887553691864,0.7157894968986511,0.703279435634613,0.7142857313156128,0.5952380895614624,4,134,,,,,
,,,,,4,134,0.2548503875732422,,,,
,,,,,5,135,,0.7923728823661804,0.7797202467918396,0.8235294818878174,0.6730769276618958
,,,,,5,135,,0.5932203531265259,0.5394813418388367,0.8999999761581421,0.08653846383094788
,,,,,5,135,,0.7923728823661804,0.7797202467918396,0.8235294818878174,0.6730769276618958
