val_loss,val_accuracy,val_auroc,val_precision,val_recall,epoch,step,train_loss,test_accuracy,test_auroc,test_precision,test_recall
0.9048431515693665,0.4421052634716034,0.5,0.4421052634716034,1.0,0,26,,,,,
,,,,,0,26,0.9276266098022461,,,,
0.8908657431602478,0.4421052634716034,0.5,0.4421052634716034,1.0,1,53,,,,,
,,,,,1,53,0.901129961013794,,,,
0.8870472311973572,0.4421052634716034,0.5,0.4421052634716034,1.0,2,80,,,,,
,,,,,2,80,0.8727954030036926,,,,
0.904116690158844,0.4000000059604645,0.4523809850215912,0.4175824224948883,0.9047619700431824,3,107,,,,,
,,,,,3,107,0.8400139808654785,,,,
0.8236470818519592,0.3684210479259491,0.4117250442504883,0.3928571343421936,0.7857142686843872,4,134,,,,,
,,,,,4,134,0.797050952911377,,,,
,,,,,5,135,,0.4406779706478119,0.5,0.4406779706478119,1.0
,,,,,5,135,,0.3686440587043762,0.40603142976760864,0.38461539149284363,0.7211538553237915
,,,,,5,135,,0.3686440587043762,0.40603142976760864,0.38461539149284363,0.7211538553237915
