val_loss,val_accuracy,val_auroc,val_precision,val_recall,epoch,step,train_loss,test_accuracy,test_auroc,test_precision,test_recall
1.434799075126648,0.4421052634716034,0.4950583875179291,0.4395604729652405,0.9523809552192688,0,13,,,,,
,,,,,0,13,1.5177198648452759,,,,
1.2736164331436157,0.4421052634716034,0.4876460134983063,0.43529415130615234,0.8809523582458496,1,27,,,,,
,,,,,1,27,1.3467389345169067,,,,
1.1546506881713867,0.49473685026168823,0.5323450565338135,0.4615384638309479,0.8571428656578064,2,41,,,,,
,,,,,2,41,1.206847906112671,,,,
1.0760300159454346,0.5052631497383118,0.5294250249862671,0.46268656849861145,0.738095223903656,3,55,,,,,
,,,,,3,55,1.097363829612732,,,,
1.028089165687561,0.43157893419265747,0.44362086057662964,0.3965517282485962,0.5476190447807312,4,69,,,,,
,,,,,4,69,1.030419111251831,,,,
,,,,,5,70,,0.4599156081676483,0.4966450333595276,0.44102564454078674,0.8190476298332214
,,,,,5,70,,0.4430379867553711,0.4522727429866791,0.40287768840789795,0.5333333611488342
,,,,,5,70,,0.4430379867553711,0.4522727429866791,0.40287768840789795,0.5333333611488342
