val_loss,val_accuracy,val_auroc,val_precision,val_recall,epoch,step,train_loss,test_accuracy,test_auroc,test_precision,test_recall
0.6207225322723389,0.557894766330719,0.5,0.0,0.0,0,6,,,,,
,,,,,0,6,0.6324074864387512,,,,
0.6203810572624207,0.557894766330719,0.5,0.0,0.0,1,13,,,,,
,,,,,1,13,0.6150529384613037,,,,
0.6193768978118896,0.557894766330719,0.5,0.0,0.0,2,20,,,,,
,,,,,2,20,0.6128259897232056,,,,
0.6186937093734741,0.557894766330719,0.5,0.0,0.0,3,27,,,,,
,,,,,3,27,0.6035905480384827,,,,
0.6178193092346191,0.557894766330719,0.5,0.0,0.0,4,34,,,,,
,,,,,4,34,0.5838504433631897,,,,
,,,,,5,35,,0.5593220591545105,0.5,0.0,0.0
,,,,,5,35,,0.5593220591545105,0.5,0.0,0.0
,,,,,5,35,,0.5593220591545105,0.5,0.0,0.0
