val_loss,val_accuracy,val_auroc,val_precision,val_recall,epoch,step,train_loss,test_accuracy,test_auroc,test_precision,test_recall
0.6157820224761963,0.557894766330719,0.5,0.0,0.0,0,13,,,,,
,,,,,0,13,0.6670247912406921,,,,
0.6172880530357361,0.557894766330719,0.5,0.0,0.0,1,27,,,,,
,,,,,1,27,0.5301653146743774,,,,
0.6167327761650085,0.557894766330719,0.5,0.0,0.0,2,41,,,,,
,,,,,2,41,0.4734484851360321,,,,
0.6177839636802673,0.557894766330719,0.5,0.0,0.0,3,55,,,,,
,,,,,3,55,0.3587047755718231,,,,
0.6079615950584412,0.557894766330719,0.5,0.0,0.0,4,69,,,,,
,,,,,4,69,0.2890923023223877,,,,
,,,,,5,70,,0.555084764957428,0.5,0.0,0.0
,,,,,5,70,,0.555084764957428,0.5,0.0,0.0
,,,,,5,70,,0.555084764957428,0.5,0.0,0.0
