val_loss,val_accuracy,val_auroc,val_precision,val_recall,epoch,step,train_loss,test_accuracy,test_auroc,test_precision,test_recall
0.621105432510376,0.557894766330719,0.5,0.0,0.0,0,13,,,,,
,,,,,0,13,0.6277960538864136,,,,
0.6211057305335999,0.557894766330719,0.5,0.0,0.0,1,27,,,,,
,,,,,1,27,0.6178423762321472,,,,
0.6216053366661072,0.4421052634716034,0.5,0.4421052634716034,1.0,2,41,,,,,
,,,,,2,41,0.594916582107544,,,,
0.6213419437408447,0.557894766330719,0.5,0.0,0.0,3,55,,,,,
,,,,,3,55,0.5895405411720276,,,,
0.6208149194717407,0.6105263233184814,0.6262353658676147,0.5423728823661804,0.761904776096344,4,69,,,,,
,,,,,4,69,0.5509278178215027,,,,
,,,,,5,70,,0.6822034120559692,0.6883741617202759,0.6159999370574951,0.7403846383094788
,,,,,5,70,,0.6822034120559692,0.6883741617202759,0.6159999370574951,0.7403846383094788
,,,,,5,70,,0.6822034120559692,0.6883741617202759,0.6159999370574951,0.7403846383094788
