val_loss,val_accuracy,val_auroc,val_precision,val_recall,epoch,step,train_loss,test_accuracy,test_auroc,test_precision,test_recall
0.8680520057678223,0.4526315927505493,0.5094339847564697,0.44680851697921753,1.0,0,6,,,,,
,,,,,0,6,0.5638800859451294,,,,
1.04311203956604,0.5473684072494507,0.5918688178062439,0.4939759075641632,0.976190447807312,1,13,,,,,
,,,,,1,13,0.19846922159194946,,,,
0.8445555567741394,0.6736842393875122,0.6976639628410339,0.5846154093742371,0.9047619700431824,2,20,,,,,
,,,,,2,20,0.05355842411518097,,,,
0.769414484500885,0.7684210538864136,0.7726863622665405,0.7083333134651184,0.8095238208770752,3,27,,,,,
,,,,,3,27,0.015987427905201912,,,,
1.1253329515457153,0.7157894968986511,0.7304581999778748,0.6315789222717285,0.8571428656578064,4,34,,,,,
,,,,,4,34,0.011781496927142143,,,,
,,,,,5,35,,0.7372881174087524,0.7437353730201721,0.6693548560142517,0.7980769276618958
,,,,,5,35,,0.7372881174087524,0.7437353730201721,0.6693548560142517,0.7980769276618958
,,,,,5,35,,0.7118644118309021,0.7312062978744507,0.6200000047683716,0.8942307829856873
