val_loss,val_accuracy,val_auroc,val_precision,val_recall,epoch,step,train_loss,test_accuracy,test_auroc,test_precision,test_recall
0.6152616143226624,0.557894766330719,0.5,0.0,0.0,0,26,,,,,
,,,,,0,26,0.6446369886398315,,,,
0.6174429655075073,0.557894766330719,0.5,0.0,0.0,1,53,,,,,
,,,,,1,53,0.4999364912509918,,,,
0.5796728134155273,0.5684210658073425,0.511904776096344,1.0,0.02380952425301075,2,80,,,,,
,,,,,2,80,0.38497814536094666,,,,
0.6265919208526611,0.7368420958518982,0.7320306301116943,0.707317054271698,0.6904761791229248,3,107,,,,,
,,,,,3,107,0.2902355492115021,,,,
0.43590450286865234,0.7894737124443054,0.7816711664199829,0.7894737124443054,0.7142857313156128,4,134,,,,,
,,,,,4,134,0.2765956521034241,,,,
,,,,,5,135,,0.7890295386314392,0.7891774773597717,0.7477477788925171,0.7904762029647827
,,,,,5,135,,0.7890295386314392,0.7891774773597717,0.7477477788925171,0.7904762029647827
,,,,,5,135,,0.7890295386314392,0.7891774773597717,0.7477477788925171,0.7904762029647827
