val_loss,val_accuracy,val_auroc,val_precision,val_recall,epoch,step,train_loss,test_accuracy,test_auroc,test_precision,test_recall
0.6191233992576599,0.557894766330719,0.5,0.0,0.0,0,13,,,,,
,,,,,0,13,0.6363641619682312,,,,
0.6164127588272095,0.557894766330719,0.5,0.0,0.0,1,27,,,,,
,,,,,1,27,0.572458803653717,,,,
0.615324079990387,0.557894766330719,0.5,0.0,0.0,2,41,,,,,
,,,,,2,41,0.4615000784397125,,,,
0.6157031655311584,0.557894766330719,0.5,0.0,0.0,3,55,,,,,
,,,,,3,55,0.36376670002937317,,,,
0.6018171906471252,0.557894766330719,0.5,0.0,0.0,4,69,,,,,
,,,,,4,69,0.27770256996154785,,,,
,,,,,5,70,,0.5593220591545105,0.5,0.0,0.0
,,,,,5,70,,0.5635592937469482,0.504807710647583,1.0,0.009615384973585606
,,,,,5,70,,0.5635592937469482,0.504807710647583,1.0,0.009615384973585606
