val_loss,val_accuracy,val_auroc,val_precision,val_recall,epoch,step,train_loss,test_accuracy,test_auroc,test_precision,test_recall
0.6173370480537415,0.557894766330719,0.5,0.0,0.0,0,26,,,,,
,,,,,0,26,0.6358397006988525,,,,
0.6151636242866516,0.557894766330719,0.5,0.0,0.0,1,53,,,,,
,,,,,1,53,0.5076804161071777,,,,
0.5792354345321655,0.7894737124443054,0.7742587327957153,0.84375,0.6428571343421936,2,80,,,,,
,,,,,2,80,0.41850611567497253,,,,
0.3826921284198761,0.8315789699554443,0.8218778371810913,0.8611111044883728,0.738095223903656,3,107,,,,,
,,,,,3,107,0.31858235597610474,,,,
0.48869240283966064,0.75789475440979,0.7508984804153442,0.7435897588729858,0.6904761791229248,4,134,,,,,
,,,,,4,134,0.2482832372188568,,,,
,,,,,5,135,,0.7754237055778503,0.7584498524665833,0.8311688303947449,0.6153846383094788
,,,,,5,135,,0.7754237055778503,0.7584498524665833,0.8311688303947449,0.6153846383094788
,,,,,5,135,,0.758474588394165,0.7453380227088928,0.7764706015586853,0.6346153616905212
