val_loss,val_accuracy,val_auroc,val_precision,val_recall,epoch,step,train_loss,test_accuracy,test_auroc,test_precision,test_recall
0.5842602849006653,0.4526315927505493,0.5069631338119507,0.44565215706825256,0.976190447807312,0,13,,,,,
,,,,,0,13,0.6245592832565308,,,,
0.5593083500862122,0.46315789222717285,0.5188679099082947,0.4516128897666931,1.0,1,27,,,,,
,,,,,1,27,0.5837324261665344,,,,
0.557894766330719,0.4526315927505493,0.5094339847564697,0.44680851697921753,1.0,2,41,,,,,
,,,,,2,41,0.5708490014076233,,,,
0.557894766330719,0.4526315927505493,0.5094339847564697,0.44680851697921753,1.0,3,55,,,,,
,,,,,3,55,0.5643787980079651,,,,
0.557894766330719,0.4526315927505493,0.5094339847564697,0.44680851697921753,1.0,4,69,,,,,
,,,,,4,69,0.5614993572235107,,,,
,,,,,5,70,,0.4388185739517212,0.49426406621932983,0.44017094373703003,0.9809523820877075
,,,,,5,70,,0.4430379867553711,0.49902597069740295,0.44255319237709045,0.9904761910438538
,,,,,5,70,,0.4472573697566986,0.5037878751754761,0.4449152648448944,1.0
