val_loss,val_accuracy,val_auroc,val_precision,val_recall,epoch,step,train_loss,test_accuracy,test_auroc,test_precision,test_recall
0.5832993388175964,0.7684210538864136,0.7800988554954529,0.6851851344108582,0.8809523582458496,0,6,,,,,
,,,,,0,6,0.46300941705703735,,,,
0.5828214287757874,0.8105263113975525,0.8030098080635071,0.8157894611358643,0.738095223903656,1,13,,,,,
,,,,,1,13,0.28073933720588684,,,,
0.4312606155872345,0.8421052694320679,0.8337825536727905,0.8648648858070374,0.761904776096344,2,20,,,,,
,,,,,2,20,0.19767814874649048,,,,
0.6173237562179565,0.800000011920929,0.7836927175521851,0.8709677457809448,0.6428571343421936,3,27,,,,,
,,,,,3,27,0.13543765246868134,,,,
,,,,,4,28,,0.8354430198669434,0.8327922224998474,0.8173077702522278,0.8095238208770752
,,,,,4,28,,0.8354430198669434,0.8327922224998474,0.8173077702522278,0.8095238208770752
,,,,,4,28,,0.8438818454742432,0.8267316222190857,0.9594594836235046,0.6761904954910278
