val_loss,val_accuracy,val_auroc,val_precision,val_recall,epoch,step,train_loss,test_accuracy,test_auroc,test_precision,test_recall
0.6177684664726257,0.557894766330719,0.5,0.0,0.0,0,6,,,,,
,,,,,0,6,0.655045211315155,,,,
0.6159138083457947,0.557894766330719,0.5,0.0,0.0,1,13,,,,,
,,,,,1,13,0.6064280271530151,,,,
0.6152893900871277,0.557894766330719,0.5,0.0,0.0,2,20,,,,,
,,,,,2,20,0.5586972832679749,,,,
0.6152096390724182,0.557894766330719,0.5,0.0,0.0,3,27,,,,,
,,,,,3,27,0.41612836718559265,,,,
0.6156668066978455,0.557894766330719,0.5,0.0,0.0,4,34,,,,,
,,,,,4,34,0.31257641315460205,,,,
,,,,,5,35,,0.555084764957428,0.5,0.0,0.0
,,,,,5,35,,0.555084764957428,0.5,0.0,0.0
,,,,,5,35,,0.555084764957428,0.5,0.0,0.0
