val_loss,val_accuracy,val_auroc,val_precision,val_recall,epoch,step,train_loss,test_accuracy,test_auroc,test_precision,test_recall
0.6150833964347839,0.557894766330719,0.5,0.0,0.0,0,13,,,,,
,,,,,0,13,0.6253150701522827,,,,
0.6161320805549622,0.557894766330719,0.5,0.0,0.0,1,27,,,,,
,,,,,1,27,0.5144053101539612,,,,
0.6150944828987122,0.557894766330719,0.5,0.0,0.0,2,41,,,,,
,,,,,2,41,0.41078585386276245,,,,
0.6197925806045532,0.557894766330719,0.5,0.0,0.0,3,55,,,,,
,,,,,3,55,0.33724045753479004,,,,
0.6120526194572449,0.557894766330719,0.5,0.0,0.0,4,69,,,,,
,,,,,4,69,0.26862022280693054,,,,
,,,,,5,70,,0.5593220591545105,0.5,0.0,0.0
,,,,,5,70,,0.5593220591545105,0.5,0.0,0.0
,,,,,5,70,,0.5593220591545105,0.5,0.0,0.0
