val_loss,val_accuracy,val_auroc,val_precision,val_recall,epoch,step,train_loss,test_accuracy,test_auroc,test_precision,test_recall
0.39356547594070435,0.8315789699554443,0.8144654631614685,0.9333332777023315,0.6666666865348816,0,26,,,,,
,,,,,0,26,0.42291712760925293,,,,
0.3331247568130493,0.8421052694320679,0.8263701796531677,0.9354839324951172,0.6904761791229248,1,53,,,,,
,,,,,1,53,0.3435959815979004,,,,
0.44750088453292847,0.821052610874176,0.8272686004638672,0.7551020383834839,0.8809523582458496,2,80,,,,,
,,,,,2,80,0.24048759043216705,,,,
0.4338991940021515,0.7789473533630371,0.7796496152877808,0.73333340883255,0.7857142686843872,3,107,,,,,
,,,,,3,107,0.24522031843662262,,,,
,,,,,4,108,,0.7426160573959351,0.7562770247459412,0.6571428775787354,0.8761904835700989
,,,,,4,108,,0.8607594966888428,0.850649356842041,0.9090909957885742,0.761904776096344
,,,,,4,108,,0.8185654282569885,0.8195887207984924,0.7767857313156128,0.8285714387893677
