val_loss,val_accuracy,val_auroc,val_precision,val_recall,epoch,step,train_loss,test_accuracy,test_auroc,test_precision,test_recall
1.00676691532135,0.46315789222717285,0.43733155727386475,0.3333333432674408,0.2142857164144516,0,13,,,,,
,,,,,0,13,0.9653844237327576,,,,
0.9943249225616455,0.4421052634716034,0.5,0.4421052634716034,1.0,1,27,,,,,
,,,,,1,27,0.9058932662010193,,,,
0.9931472539901733,0.4736842215061188,0.45170706510543823,0.366666704416275,0.261904776096344,2,41,,,,,
,,,,,2,41,0.8838562965393066,,,,
0.982683539390564,0.4421052634716034,0.5,0.4421052634716034,1.0,3,55,,,,,
,,,,,3,55,0.8723635077476501,,,,
0.9769673943519592,0.4421052634716034,0.5,0.4421052634716034,1.0,4,69,,,,,
,,,,,4,69,0.8507670760154724,,,,
,,,,,5,70,,0.4406779706478119,0.5,0.4406779706478119,1.0
,,,,,5,70,,0.4406779706478119,0.5,0.4406779706478119,1.0
,,,,,5,70,,0.4406779706478119,0.5,0.4406779706478119,1.0
