val_loss,val_accuracy,val_auroc,val_precision,val_recall,epoch,step,train_loss,test_accuracy,test_auroc,test_precision,test_recall
0.33714544773101807,0.8842105269432068,0.8715184330940247,0.9696969985961914,0.761904776096344,0,26,,,,,
,,,,,0,26,0.42920005321502686,,,,
0.2762000262737274,0.8526315689086914,0.8481580018997192,0.8500000238418579,0.8095238208770752,1,53,,,,,
,,,,,1,53,0.18501034379005432,,,,
0.37833234667778015,0.821052610874176,0.8124438524246216,0.8378377556800842,0.738095223903656,2,80,,,,,
,,,,,2,80,0.059900108724832535,,,,
0.3097154200077057,0.8421052694320679,0.83625328540802,0.8461537957191467,0.7857142686843872,3,107,,,,,
,,,,,3,107,0.023086195811629295,,,,
,,,,,4,108,,0.8559321761131287,0.8447110652923584,0.9176470637321472,0.7428571581840515
,,,,,4,108,,0.8728813529014587,0.8684841990470886,0.8787878751754761,0.8285714387893677
,,,,,4,108,,0.8516949415206909,0.8484551310539246,0.843137264251709,0.8190476298332214
