val_loss,val_accuracy,val_auroc,val_precision,val_recall,epoch,step,train_loss,test_accuracy,test_auroc,test_precision,test_recall
0.6157704591751099,0.557894766330719,0.5,0.0,0.0,0,13,,,,,
,,,,,0,13,0.6359734535217285,,,,
0.615262508392334,0.557894766330719,0.5,0.0,0.0,1,27,,,,,
,,,,,1,27,0.5655338168144226,,,,
0.6151137351989746,0.557894766330719,0.5,0.0,0.0,2,41,,,,,
,,,,,2,41,0.4298684895038605,,,,
0.6208091974258423,0.557894766330719,0.5,0.0,0.0,3,55,,,,,
,,,,,3,55,0.33981484174728394,,,,
0.6079357266426086,0.557894766330719,0.5,0.0,0.0,4,69,,,,,
,,,,,4,69,0.252305269241333,,,,
,,,,,5,70,,0.5593220591545105,0.5,0.0,0.0
,,,,,5,70,,0.5593220591545105,0.5,0.0,0.0
,,,,,5,70,,0.5593220591545105,0.5,0.0,0.0
