val_loss,val_accuracy,val_auroc,val_precision,val_recall,epoch,step,train_loss,test_accuracy,test_auroc,test_precision,test_recall
0.6184762716293335,0.557894766330719,0.5,0.0,0.0,0,13,,,,,
,,,,,0,13,0.6445414423942566,,,,
0.6151154637336731,0.557894766330719,0.5,0.0,0.0,1,27,,,,,
,,,,,1,27,0.5397040247917175,,,,
0.6150904297828674,0.557894766330719,0.5,0.0,0.0,2,41,,,,,
,,,,,2,41,0.43259069323539734,,,,
0.6154274344444275,0.557894766330719,0.5,0.0,0.0,3,55,,,,,
,,,,,3,55,0.3768572211265564,,,,
0.6086562275886536,0.557894766330719,0.5,0.0,0.0,4,69,,,,,
,,,,,4,69,0.29340866208076477,,,,
,,,,,5,70,,0.5569620132446289,0.5,0.0,0.0
,,,,,5,70,,0.5569620132446289,0.5,0.0,0.0
,,,,,5,70,,0.5569620132446289,0.5,0.0,0.0
