val_loss,val_accuracy,val_auroc,val_precision,val_recall,epoch,step,train_loss,test_accuracy,test_auroc,test_precision,test_recall
0.6180314421653748,0.557894766330719,0.5,0.0,0.0,0,26,,,,,
,,,,,0,26,0.6693211793899536,,,,
0.6152909994125366,0.557894766330719,0.5,0.0,0.0,1,53,,,,,
,,,,,1,53,0.5026534199714661,,,,
0.5668553709983826,0.5894736647605896,0.5357142686843872,1.0,0.0714285746216774,2,80,,,,,
,,,,,2,80,0.38935530185699463,,,,
0.5361199975013733,0.800000011920929,0.7861635684967041,0.8484848737716675,0.6666666865348816,3,107,,,,,
,,,,,3,107,0.30359145998954773,,,,
0.4453984200954437,0.821052610874176,0.8173854351043701,0.8048780560493469,0.7857142686843872,4,134,,,,,
,,,,,4,134,0.30787408351898193,,,,
,,,,,5,135,,0.7721518874168396,0.7662338018417358,0.7575757503509521,0.7142857313156128
,,,,,5,135,,0.7721518874168396,0.7662338018417358,0.7575757503509521,0.7142857313156128
,,,,,5,135,,0.7721518874168396,0.7662338018417358,0.7575757503509521,0.7142857313156128
